"0,683547619047619","1,61478174603175","0,363871031746034","0,884593253968256","0,303444444444447","0,623458333333336","-0,415144841269839","0,417801587301589","0,160033730158734","1,66586309523809","0,662238095238096","-0,210561507936505","1,69067658730159","1,05435119047619","-0,203658730158732","-0,136654761904758","0,167390873015878","0,425303571428575","0,016273809523814","0,401283730158732","0,0308750000000006","0,0405257936507951","0,070250000000002","0,131361111111111","-0,733690476190474","0,923025793650796","0,323119047619049","1,25794444444444","0,11892261904762","0,187638888888889","0,0440257936507956","1,66849404761905","0,941180555555558","-0,0211904761904739","-1,48081349206349","0,50788492063492","0,811285714285718","0,343646825396824","0,121589285714286"
"1,61478174603175","12,2943452380952","0,925015873015871","2,57394642857143","5,33944444444444","4,93347222222222","-6,64468452380952","-1,20544246031746","4,6373373015873","7,0060615079365","1,77614484126984","0,120384920634917","5,46012698412698","2,08078968253968","-0,512003968253966","3,31131349206349","4,58900595238097","4,91306349206349","2,37318253968254","0,948865079365079","4,74348611111111","2,5260496031746","4,57397222222222","0,667958333333333","2,55899801587302","4,66427182539683","2,90048214285714","8,51233333333333","-0,475621031746034","0,822861111111112","0,165077380952384","5,29759325396825","5,04011111111111","-2,25346031746031","-4,08131547619047","0,660835317460317","4,30510714285715","0,788982142857142","0,26344841269841"
"0,363871031746034","0,925015873015871","5,14360449735452","3,40292394179895","3,95089351851853","2,15741203703704","3,3483511904762","2,92612301587302","5,18178769841271","2,66039682539685","2,33146626984129","5,28896230158733","1,51889153439156","2,28519642857144","-3,0544265873016","4,87270502645505","6,11852182539682","6,65517724867728","6,95024801587305","3,72132010582012","0,969000000000007","2,02287169312171","2,70049074074075","-0,26435185185185","3,83844642857143","3,55640410052909","2,02257341269842","-1,56991666666667","1,28958399470901","0,103717592592593","1,04089021164021","-0,494361772486772","3,14557407407408","-0,158229497354502","2,51367195767196","0,103599867724863","5,39759656084657","-0,86002843915344","1,09321825396826"
"0,884593253968256","2,57394642857143","3,40292394179895","5,19443783068783","3,72800462962962","2,6162037037037","4,62697619047618","2,17016468253968","3,41850992063491","2,98085515873017","3,79932738095239","4,14425396825397","1,5959470899471","3,13157142857143","0,118642857142862","1,36478835978836","3,14341071428569","2,32362169312169","3,16742857142857","1,98176455026454","0,923597222222222","2,2294828042328","3,25321296296296","-0,431476851851851","-0,683248015873018","3,82972354497353","1,05044841269841","-0,503972222222218","2,40348677248678","0,195328703703705","1,32373743386243","2,00436044973545","2,78432407407407","1,29068716931216","-1,69899470899473","3,29996097883598","1,7250271164021","-0,647320105820099","1,50320436507936"
"0,303444444444447","5,33944444444444","3,95089351851853","3,72800462962962","8,17587037037036","4,84072685185185","1,57870833333332","1,52602777777777","9,83541666666665","4,17748611111113","3,33852777777779","5,41508333333335","2,48650925925928","2,21976388888889","-3,61941666666666","8,45748148148148","10,8110972222222","12,0738564814815","10,7362638888889","5,69782870370369","4,61826388888889","5,18078703703704","7,52873148148148","0,377268518518518","3,51909722222222","4,30929629629628","3,57718055555556","3,46445833333334","1,91555092592593","0,351115740740742","1,30437962962962","2,05511574074074","6,03030092592592","-0,0617407407407496","3,93886574074072","-1,24456018518518","8,55511574074072","-2,36820370370369","1,46895833333333"
"0,623458333333336","4,93347222222222","2,15741203703704","2,6162037037037","4,84072685185185","3,32981481481482","-0,128777777777778","0,682666666666666","5,40683333333333","4,01498611111112","2,1076388888889","2,54731944444446","2,52303240740742","1,62097222222223","-1,692625","4,28750462962964","5,82443055555555","6,56461574074075","5,50111111111112","3,16210185185185","2,86163888888889","2,99282407407408","4,3759212962963","0,385037037037036","1,81445833333333","3,09742592592592","2,20673611111112","3,27781944444445","1,01432407407408","0,270939814814817","0,487009259259259","2,13664814814815","3,75075462962963","-0,594134259259258","-0,152712962962963","-0,381342592592587","4,80489814814815","-1,10322685185185","0,689263888888891"
"-0,415144841269839","-6,64468452380952","3,3483511904762","4,62697619047618","1,57870833333332","-0,128777777777778","12,1103531746032","3,30076785714285","1,70000793650793","-1,54302976190474","3,48126190476192","5,15224206349207","-2,75203769841267","1,57124603174604","0,196964285714288","-0,295998015873008","1,53592857142853","0,903849206349211","3,45017063492064","3,04360515873015","-1,92811111111111","1,39518253968254","1,78720833333333","-0,752680555555554","-3,89983730158731","0,72100198412696","-1,10966071428571","-7,1431111111111","4,08148015873017","-0,750805555555555","0,876613095238086","-1,10266071428571","-0,138250000000002","2,95417658730158","1,4942718253968","1,8509623015873","-0,867507936507955","-2,82564682539682","1,81171626984127"
"0,417801587301589","-1,20544246031746","2,92612301587302","2,17016468253968","1,52602777777777","0,682666666666666","3,30076785714285","3,14373412698412","2,37773214285714","2,95079960317461","1,91034126984128","3,18854563492064","2,47485912698414","2,14821031746032","-1,99295436507936","2,65036706349206","3,42504960317457","4,0750615079365","4,79534523809524","2,71099603174603","-0,879472222222221","1,6934503968254","0,356986111111109","0,271972222222223","1,28519642857143","1,48856150793649","1,55322619047619","-1,77190277777777","1,12900992063492","0,374833333333334","1,48054761904761","-0,39177380952381","1,51640277777777","1,57990476190476","-1,09949007936509","2,1259007936508","4,27576785714284","-0,149301587301581","0,712968253968255"
"0,160033730158734","4,6373373015873","5,18178769841271","3,41850992063491","9,83541666666665","5,40683333333333","1,70000793650793","2,37773214285714","14,0704920634921","1,57775198412701","3,93584920634923","7,84718849206352","1,4117043650794","3,61068452380953","-5,64028373015873","12,9480674603175","15,0488630952381","16,2072063492064","15,0727321428572","7,20633928571428","5,93073611111112","6,98633134920636","9,81943055555556","-0,367263888888888","6,75290674603174","5,64008134920632","5,12632738095239","4,55159722222223","1,57589484126985","0,843611111111114","2,86030357142856","0,424438492063491","7,93895833333333","1,13093452380952","11,5045198412698","-1,7637123015873","12,5362996031746","-2,31050595238094","1,70889484126985"
"1,66586309523809","7,0060615079365","2,66039682539685","2,98085515873017","4,17748611111113","4,01498611111112","-1,54302976190474","2,95079960317461","1,57775198412701","22,1133015873016","0,728871031746047","-0,892349206349175","12,7791468253968","-0,904688492063489","-3,53284920634922","1,967253968254","5,57155158730161","11,4869345238096","8,5261051587302","8,40061309523812","-0,671027777777773","3,42742063492065","-0,347611111111095","5,05104166666667","1,38274206349207","0,885253968253969","3,38830357142858","3,02795833333333","1,77508531746033","-0,510527777777776","-3,27998214285714","3,53456746031746","1,61948611111112","-5,44752182539682","-26,4661091269841","-2,0693253968254","8,67948412698416","-3,13065476190477","-1,19317857142857"
"0,662238095238096","1,77614484126984","2,33146626984129","3,79932738095239","3,33852777777779","2,1076388888889","3,48126190476192","1,91034126984128","3,93584920634923","0,728871031746047","3,45996825396827","3,72790079365082","1,09296626984128","3,30040873015874","-0,24694642857144","2,460378968254","3,61725992063493","2,688753968254","3,44281349206353","1,46022420634922","1,22859722222223","2,53147619047621","3,3393888888889","-0,632791666666665","-0,481799603174594","3,13985119047619","1,38865079365081","0,493222222222223","1,77040476190477","0,594958333333335","2,22644841269841","1,73758134920635","3,05512500000001","2,61493650793651","1,95855753968255","3,54859126984127","2,61930357142859","-0,052724206349208","1,48987698412699"
"-0,210561507936505","0,120384920634917","5,28896230158733","4,14425396825397","5,41508333333335","2,54731944444446","5,15224206349207","3,18854563492064","7,84718849206352","-0,892349206349175","3,72790079365082","8,02238095238099","-0,996593253968222","3,48691269841271","-2,05910515873017","6,90704365079369","7,95131746031746","6,4947936507937","8,44086507936513","2,89799404761907","2,13693055555557","4,22323809523812","5,1992777777778","-1,35147222222222","5,3956626984127","4,55952976190475","2,79360317460319","-1,91290277777777","1,76454960317462","0,635055555555557","3,42241865079364","-2,6017996031746","3,69225000000001","2,62814880952381","7,31207738095238","3,29447619047619","5,5989642857143","-0,522369047619047","1,73986904761906"
"1,69067658730159","5,46012698412698","1,51889153439156","1,5959470899471","2,48650925925928","2,52303240740742","-2,75203769841267","2,47485912698414","1,4117043650794","12,7791468253968","1,09296626984128","-0,996593253968222","10,1152156084656","1,36201587301588","-3,44781547619049","2,41859854497358","4,17743849206353","8,11218187830693","5,43028968253973","4,68413029100532","-0,193624999999994","1,75698743386245","-0,646685185185165","2,96728240740741","-0,251275793650781","0,996371693121698","2,84479563492065","3,83269444444444","0,463088624338636","0,525796296296298","-0,547503306878302","5,02899470899471","3,11956481481483","-1,34582208994708","-12,3712076719576","0,136326719576716","7,74878637566141","-0,247658068783079","-0,0741706349206287"
"1,05435119047619","2,08078968253968","2,28519642857144","3,13157142857143","2,21976388888889","1,62097222222223","1,57124603174604","2,14821031746032","3,61068452380953","-0,904688492063489","3,30040873015874","3,48691269841271","1,36201587301588","4,51820634920635","-0,462851190476193","2,72832738095239","3,00139484126983","1,48538293650795","2,40327976190478","0,170337301587306","0,997166666666668","1,93229960317461","2,39654166666667","-1,22386111111111","0,631011904761909","3,73538293650793","1,75338492063492","1,45975","0,667698412698418","1,15633333333333","3,20663293650793","1,61755158730158","3,44159722222222","3,4451369047619","4,66604563492064","4,78791865079365","3,14220436507936","1,67731547619048","1,38729563492064"
"-0,203658730158732","-0,512003968253966","-3,0544265873016","0,118642857142862","-3,61941666666666","-1,692625","0,196964285714288","-1,99295436507936","-5,64028373015873","-3,53284920634922","-0,24694642857144","-2,05910515873017","-3,44781547619049","-0,462851190476193","5,99329761904762","-6,91492857142858","-7,96437698412696","-11,5917202380952","-9,17060714285715","-5,89908928571429","-1,42277777777778","-1,67562301587302","-2,11416666666667","-1,16504166666667","-2,82560119047619","-0,862956349206335","-2,4339384920635","-1,44716666666667","-0,201769841269848","-0,0170833333333344","0,351599206349213","-1,40475793650793","-3,89581944444444","1,31538492063493","-4,53114484126983","5,09957341269841","-9,00661904761904","1,80047817460317","-0,406728174603178"
"-0,136654761904758","3,31131349206349","4,87270502645505","1,36478835978836","8,45748148148148","4,28750462962964","-0,295998015873008","2,65036706349206","12,9480674603175","1,967253968254","2,460378968254","6,90704365079369","2,41859854497358","2,72832738095239","-6,91492857142858","13,5400608465609","14,8778095238095","16,9415330687831","15,436630952381","7,06207671957673","5,03165277777779","6,20171362433864","7,66752314814816","0,164824074074077","8,33393849206349","4,1916812169312","5,44164087301589","3,963375","0,443340608465624","0,990587962962965","2,82601455026454","-0,647562830687831","7,21727314814815","0,8778783068783","11,4434054232804","-2,44870701058201","13,8723955026455","-1,62399338624338","1,22616468253969"
"0,167390873015878","4,58900595238097","6,11852182539682","3,14341071428569","10,8110972222222","5,82443055555555","1,53592857142853","3,42504960317457","15,0488630952381","5,57155158730161","3,61725992063493","7,95131746031746","4,17743849206353","3,00139484126983","-7,96437698412696","14,8778095238095","17,5868293650793","20,8579206349206","18,6683412698412","9,88093253968251","5,67429166666667","7,57311507936507","9,46451388888887","0,905611111111113","7,57247817460316","5,04962896825393","6,07809523809524","4,42693055555558","1,77565476190476","0,715805555555557","2,22969841269838","0,88508134920635","8,62479166666664","0,152283730158705","8,70096031746026","-3,57450595238095","16,0953313492063","-3,26566865079362","1,59346031746031"
"0,425303571428575","4,91306349206349","6,65517724867728","2,32362169312169","12,0738564814815","6,56461574074075","0,903849206349211","4,0750615079365","16,2072063492064","11,4869345238096","2,688753968254","6,4947936507937","8,11218187830693","1,48538293650795","-11,5917202380952","16,9415330687831","20,8579206349206","28,1178386243387","23,300380952381","14,5910211640212","5,56206944444446","7,79897751322754","9,24453703703706","3,01922685185186","6,76707738095238","3,71227843915341","6,797501984127","5,62948611111112","2,15807671957674","0,128851851851854","-0,110235449735465","3,16508994708994","9,78117592592593","-2,54421891534393","4,7372804232804","-9,04526256613756","20,8325205026455","-5,5837156084656","1,15767857142858"
"0,016273809523814","2,37318253968254","6,95024801587305","3,16742857142857","10,7362638888889","5,50111111111112","3,45017063492064","4,79534523809524","15,0727321428572","8,5261051587302","3,44281349206353","8,44086507936513","5,43028968253973","2,40327976190478","-9,17060714285715","15,436630952381","18,6683412698412","23,300380952381","21,2479285714286","12,144621031746","4,35536111111113","8,1308531746032","8,56925000000002","1,81415277777778","7,98350198412699","4,19129761904759","6,40165674603177","2,58950000000001","2,38492658730161","0,408888888888892","1,68678373015872","-0,339204365079369","7,90361111111112","-0,314845238095245","4,86414880952379","-4,4127242063492","17,8692678571429","-4,38596825396824","1,3010515873016"
"0,401283730158732","0,948865079365079","3,72132010582012","1,98176455026454","5,69782870370369","3,16210185185185","3,04360515873015","2,71099603174603","7,20633928571428","8,40061309523812","1,46022420634922","2,89799404761907","4,68413029100532","0,170337301587306","-5,89908928571429","7,06207671957673","9,88093253968251","14,5910211640212","12,144621031746","9,17808465608466","1,49402777777778","3,75049338624339","4,00368981481482","2,19383796296296","1,51376785714286","1,29041931216929","2,75332738095239","1,40887500000001","2,15243187830689","-0,564620370370369","-1,46926124338625","1,76120701058201","3,99463425925926","-2,36041732804234","-2,36162830687833","-5,96389748677249","10,0062208994709","-4,31183465608465","0,324978174603178"
"0,0308750000000006","4,74348611111111","0,969000000000007","0,923597222222222","4,61826388888889","2,86163888888889","-1,92811111111111","-0,879472222222221","5,93073611111112","-0,671027777777773","1,22859722222223","2,13693055555557","-0,193624999999994","0,997166666666668","-1,42277777777778","5,03165277777779","5,67429166666667","5,56206944444446","4,35536111111113","1,49402777777778","4,12380555555556","2,56766666666668","5,18413888888889","-0,443541666666666","2,62195833333334","2,62091666666667","1,88055555555556","4,19723611111111","0,0529722222222263","0,392513888888889","0,862444444444443","1,44179166666667","3,80311111111111","-0,243736111111112","6,54452777777778","-1,38736111111111","3,78705555555556","-0,622055555555554","0,685458333333335"
"0,0405257936507951","2,5260496031746","2,02287169312171","2,2294828042328","5,18078703703704","2,99282407407408","1,39518253968254","1,6934503968254","6,98633134920636","3,42742063492065","2,53147619047621","4,22323809523812","1,75698743386245","1,93229960317461","-1,67562301587302","6,20171362433864","7,57311507936507","7,79897751322754","8,1308531746032","3,75049338624339","2,56766666666668","5,17131084656086","5,02193981481483","0,36249074074074","3,75402182539683","2,68002843915343","3,22984920634922","2,34955555555556","1,26939616402117","0,645296296296299","2,11965343915344","-0,916382275132275","3,17762037037038","1,43605886243386","0,100002645502652","1,80744576719577","6,42279828042329","-1,19754894179894","0,590581349206354"
"0,070250000000002","4,57397222222222","2,70049074074075","3,25321296296296","7,52873148148148","4,3759212962963","1,78720833333333","0,356986111111109","9,81943055555556","-0,347611111111095","3,3393888888889","5,1992777777778","-0,646685185185165","2,39654166666667","-2,11416666666667","7,66752314814816","9,46451388888887","9,24453703703706","8,56925000000002","4,00368981481482","5,18413888888889","5,02193981481483","8,4468425925926","-0,721509259259258","2,783","4,33783796296295","2,80108333333334","4,010875","1,70455092592593","0,395574074074076","1,74924074074073","1,35628240740741","5,56982870370371","0,855370370370367","8,48957407407407","-0,94700462962963","6,1284212962963","-2,06628703703703","1,47468055555556"
"0,131361111111111","0,667958333333333","-0,26435185185185","-0,431476851851851","0,377268518518518","0,385037037037036","-0,752680555555554","0,271972222222223","-0,367263888888888","5,05104166666667","-0,632791666666665","-1,35147222222222","2,96728240740741","-1,22386111111111","-1,16504166666667","0,164824074074077","0,905611111111113","3,01922685185186","1,81415277777778","2,19383796296296","-0,443541666666666","0,36249074074074","-0,721509259259258","1,60223148148148","-0,533374999999999","-1,13144907407407","0,432944444444446","0,636611111111112","0,251782407407408","-0,305907407407407","-1,37147685185185","0,999481481481482","-0,148523148148147","-1,58039814814815","-6,27325462962963","-1,87474537037037","1,93124537037037","-1,15990740740741","-0,502333333333333"
"-0,733690476190474","2,55899801587302","3,83844642857143","-0,683248015873018","3,51909722222222","1,81445833333333","-3,89983730158731","1,28519642857143","6,75290674603174","1,38274206349207","-0,481799603174594","5,3956626984127","-0,251275793650781","0,631011904761909","-2,82560119047619","8,33393849206349","7,57247817460316","6,76707738095238","7,98350198412699","1,51376785714286","2,62195833333334","3,75402182539683","2,783","-0,533374999999999","13,6421785714286","3,42311904761904","4,16484325396826","0,908986111111114","-1,98806547619048","0,818916666666667","2,21725793650793","-7,33719841269841","1,51291666666667","-1,41726587301588","3,58119841269841","0,787529761904764","6,98406547619047","1,04074603174604","-0,805009920634918"
"0,923025793650796","4,66427182539683","3,55640410052909","3,82972354497353","4,30929629629628","3,09742592592592","0,72100198412696","1,48856150793649","5,64008134920632","0,885253968253969","3,13985119047619","4,55952976190475","0,996371693121698","3,73538293650793","-0,862956349206335","4,1916812169312","5,04962896825393","3,71227843915341","4,19129761904759","1,29041931216929","2,62091666666667","2,68002843915343","4,33783796296295","-1,13144907407407","3,42311904761904","5,10589417989417","2,2817242063492","2,22973611111112","0,717197089947085","0,754675925925927","2,16300529100528","0,856900132275134","4,04274074074073","0,912707010582001","3,77322949735448","2,69959391534392","3,81191402116399","0,633511243386256","1,13458134920635"
"0,323119047619049","2,90048214285714","2,02257341269842","1,05044841269841","3,57718055555556","2,20673611111112","-1,10966071428571","1,55322619047619","5,12632738095239","3,38830357142858","1,38865079365081","2,79360317460319","2,84479563492065","1,75338492063492","-2,4339384920635","5,44164087301589","6,07809523809524","6,797501984127","6,40165674603177","2,75332738095239","1,88055555555556","3,22984920634922","2,80108333333334","0,432944444444446","4,16484325396826","2,2817242063492","2,96301984126985","2,49218055555556","0,0595634920634981","0,744055555555557","1,65269642857143","-0,193660714285715","3,0235","0,576690476190476","0,640355158730156","0,983920634920638","6,37922817460318","0,00672817460317649","0,314771825396829"
"1,25794444444444","8,51233333333333","-1,56991666666667","-0,503972222222218","3,46445833333334","3,27781944444445","-7,1431111111111","-1,77190277777777","4,55159722222223","3,02795833333333","0,493222222222223","-1,91290277777777","3,83269444444444","1,45975","-1,44716666666667","3,963375","4,42693055555558","5,62948611111112","2,58950000000001","1,40887500000001","4,19723611111111","2,34955555555556","4,010875","0,636611111111112","0,908986111111114","2,22973611111112","2,49218055555556","9,68363888888889","-1,20401388888889","0,90476388888889","0,188736111111114","4,74206944444444","4,44120833333334","-0,990083333333329","1,36793055555556","-1,7805","5,1311388888889","0,484402777777774","-0,285652777777777"
"0,11892261904762","-0,475621031746034","1,28958399470901","2,40348677248678","1,91555092592593","1,01432407407408","4,08148015873017","1,12900992063492","1,57589484126985","1,77508531746033","1,77040476190477","1,76454960317462","0,463088624338636","0,667698412698418","-0,201769841269848","0,443340608465624","1,77565476190476","2,15807671957674","2,38492658730161","2,15243187830689","0,0529722222222263","1,26939616402117","1,70455092592593","0,251782407407408","-1,98806547619048","0,717197089947085","0,0595634920634981","-1,20401388888889","1,927167989418","-0,290189814814814","0,00383597883597705","1,1065958994709","0,901925925925933","0,600749338624338","-1,57910052910053","0,29922751322751","0,773484788359796","-1,60283465608466","0,779978174603178"
"0,187638888888889","0,822861111111112","0,103717592592593","0,195328703703705","0,351115740740742","0,270939814814817","-0,750805555555555","0,374833333333334","0,843611111111114","-0,510527777777776","0,594958333333335","0,635055555555557","0,525796296296298","1,15633333333333","-0,0170833333333344","0,990587962962965","0,715805555555557","0,128851851851854","0,408888888888892","-0,564620370370369","0,392513888888889","0,645296296296299","0,395574074074076","-0,305907407407407","0,818916666666667","0,754675925925927","0,744055555555557","0,90476388888889","-0,290189814814814","0,540203703703704","1,27603703703704","0,103578703703705","0,822310185185186","1,2855462962963","1,44889814814815","1,91619907407408","1,04439814814815","0,98874537037037","0,246263888888889"
"0,0440257936507956","0,165077380952384","1,04089021164021","1,32373743386243","1,30437962962962","0,487009259259259","0,876613095238086","1,48054761904761","2,86030357142856","-3,27998214285714","2,22644841269841","3,42241865079364","-0,547503306878302","3,20663293650793","0,351599206349213","2,82601455026454","2,22969841269838","-0,110235449735465","1,68678373015872","-1,46926124338625","0,862444444444443","2,11965343915344","1,74924074074073","-1,37147685185185","2,21725793650793","2,16300529100528","1,65269642857143","0,188736111111114","0,00383597883597705","1,27603703703704","3,93139417989417","-1,1191832010582","1,82726851851851","4,33640145502645","5,95956283068781","5,83270502645503","1,95926124338623","2,11548346560847","1,10058134920635"
"1,66849404761905","5,29759325396825","-0,494361772486772","2,00436044973545","2,05511574074074","2,13664814814815","-1,10266071428571","-0,39177380952381","0,424438492063491","3,53456746031746","1,73758134920635","-2,6017996031746","5,02899470899471","1,61755158730158","-1,40475793650793","-0,647562830687831","0,88508134920635","3,16508994708994","-0,339204365079369","1,76120701058201","1,44179166666667","-0,916382275132275","1,35628240740741","0,999481481481482","-7,33719841269841","0,856900132275134","-0,193660714285715","4,74206944444444","1,1065958994709","0,103578703703705","-1,1191832010582","9,62966798941799","4,19651851851852","-0,138582671957671","-0,428691137566138","-2,03588029100529","1,92734854497354","-0,528234788359788","1,28560515873016"
"0,941180555555558","5,04011111111111","3,14557407407408","2,78432407407407","6,03030092592592","3,75075462962963","-0,138250000000002","1,51640277777777","7,93895833333333","1,61948611111112","3,05512500000001","3,69225000000001","3,11956481481483","3,44159722222222","-3,89581944444444","7,21727314814815","8,62479166666664","9,78117592592593","7,90361111111112","3,99463425925926","3,80311111111111","3,17762037037038","5,56982870370371","-0,148523148148147","1,51291666666667","4,04274074074073","3,0235","4,44120833333334","0,901925925925933","0,822310185185186","1,82726851851851","4,19651851851852","6,5282037037037","1,13124537037037","7,73642129629628","-0,74061574074074","8,09912962962962","-0,526453703703698","1,65166666666667"
"-0,0211904761904739","-2,25346031746031","-0,158229497354502","1,29068716931216","-0,0617407407407496","-0,594134259259258","2,95417658730158","1,57990476190476","1,13093452380952","-5,44752182539682","2,61493650793651","2,62814880952381","-1,34582208994708","3,4451369047619","1,31538492063493","0,8778783068783","0,152283730158705","-2,54421891534393","-0,314845238095245","-2,36041732804234","-0,243736111111112","1,43605886243386","0,855370370370367","-1,58039814814815","-1,41726587301588","0,912707010582001","0,576690476190476","-0,990083333333329","0,600749338624338","1,2855462962963","4,33640145502645","-0,138582671957671","1,13124537037037","6,25918783068783","6,94516137566136","7,00713624338625","0,0372367724867592","2,20457010582011","1,52251785714286"
"-1,48081349206349","-4,08131547619047","2,51367195767196","-1,69899470899473","3,93886574074072","-0,152712962962963","1,4942718253968","-1,09949007936509","11,5045198412698","-26,4661091269841","1,95855753968255","7,31207738095238","-12,3712076719576","4,66604563492064","-4,53114484126983","11,4434054232804","8,70096031746026","4,7372804232804","4,86414880952379","-2,36162830687833","6,54452777777778","0,100002645502652","8,48957407407407","-6,27325462962963","3,58119841269841","3,77322949735448","0,640355158730156","1,36793055555556","-1,57910052910053","1,44889814814815","5,95956283068781","-0,428691137566138","7,73642129629628","6,94516137566136","49,7387791005291","-3,10783267195767","4,2223366402116","2,00610052910055","3,58063095238095"
"0,50788492063492","0,660835317460317","0,103599867724863","3,29996097883598","-1,24456018518518","-0,381342592592587","1,8509623015873","2,1259007936508","-1,7637123015873","-2,0693253968254","3,54859126984127","3,29447619047619","0,136326719576716","4,78791865079365","5,09957341269841","-2,44870701058201","-3,57450595238095","-9,04526256613756","-4,4127242063492","-5,96389748677249","-1,38736111111111","1,80744576719577","-0,94700462962963","-1,87474537037037","0,787529761904764","2,69959391534392","0,983920634920638","-1,7805","0,29922751322751","1,91619907407408","5,83270502645503","-2,03588029100529","-0,74061574074074","7,00713624338625","-3,10783267195767","14,4621322751323","-3,31057473544973","4,79630026455026","1,17830158730158"
"0,811285714285718","4,30510714285715","5,39759656084657","1,7250271164021","8,55511574074072","4,80489814814815","-0,867507936507955","4,27576785714284","12,5362996031746","8,67948412698416","2,61930357142859","5,5989642857143","7,74878637566141","3,14220436507936","-9,00661904761904","13,8723955026455","16,0953313492063","20,8325205026455","17,8692678571429","10,0062208994709","3,78705555555556","6,42279828042329","6,1284212962963","1,93124537037037","6,98406547619047","3,81191402116399","6,37922817460318","5,1311388888889","0,773484788359796","1,04439814814815","1,95926124338623","1,92734854497354","8,09912962962962","0,0372367724867592","4,2223366402116","-3,31057473544973","17,6269457671957","-2,071332010582","0,949563492063494"
"0,343646825396824","0,788982142857142","-0,86002843915344","-0,647320105820099","-2,36820370370369","-1,10322685185185","-2,82564682539682","-0,149301587301581","-2,31050595238094","-3,13065476190477","-0,052724206349208","-0,522369047619047","-0,247658068783079","1,67731547619048","1,80047817460317","-1,62399338624338","-3,26566865079362","-5,5837156084656","-4,38596825396824","-4,31183465608465","-0,622055555555554","-1,19754894179894","-2,06628703703703","-1,15990740740741","1,04074603174604","0,633511243386256","0,00672817460317649","0,484402777777774","-1,60283465608466","0,98874537037037","2,11548346560847","-0,528234788359788","-0,526453703703698","2,20457010582011","2,00610052910055","4,79630026455026","-2,071332010582","3,46455687830687","0,0317162698412703"
"0,121589285714286","0,26344841269841","1,09321825396826","1,50320436507936","1,46895833333333","0,689263888888891","1,81171626984127","0,712968253968255","1,70889484126985","-1,19317857142857","1,48987698412699","1,73986904761906","-0,0741706349206287","1,38729563492064","-0,406728174603178","1,22616468253969","1,59346031746031","1,15767857142858","1,3010515873016","0,324978174603178","0,685458333333335","0,590581349206354","1,47468055555556","-0,502333333333333","-0,805009920634918","1,13458134920635","0,314771825396829","-0,285652777777777","0,779978174603178","0,246263888888889","1,10058134920635","1,28560515873016","1,65166666666667","1,52251785714286","3,58063095238095","1,17830158730158","0,949563492063494","0,0317162698412703","1,0105753968254"
