"1,19400","1,95400","3,48900","2,34700","2,44700","2,25500","1,29200","2,08600","3,19800","2,69100","1,48000","1,67600","1,57200","0,67300","1,27900","1,43200","3,91500","3,00900","2,63400","0,78400","0,58000","2,56400","1,43000","1,49800","2,80200","2,95300","1,06700","2,64900","2,67500","0,05500","1,58900","2,99800","2,69400","1,23600","0,50700","0,47200","3,48900","0,97800","0,28000"
"1,95400","5,94200","7,18700","5,60500","5,19400","4,81000","1,40700","3,42100","5,95000","5,90700","3,06800","3,68800","2,95900","1,64800","2,87800","3,78000","8,62700","6,71200","6,70700","1,57400","1,50100","6,35200","2,85700","3,24300","6,54700","7,08600","2,77300","6,74600","5,41600","-0,25600","3,40100","7,30600","6,77000","2,52600","1,49800","0,89000","7,56200","1,94300","0,59000"
"3,48900","7,18700","15,24300","10,74300","10,32100","8,84300","6,02500","8,45000","12,35700","9,76100","5,79800","7,35900","5,74900","3,32900","5,99400","6,23200","15,89500","12,10500","10,30200","2,05100","1,83300","10,87200","5,65800","5,86800","11,98700","12,25500","4,37900","10,64100","10,53100","0,25200","6,26800","12,22900","10,97200","4,69300","4,56500","1,70300","13,70000","3,42300","0,72400"
"2,34700","5,60500","10,74300","10,46400","8,72800","7,55000","5,25200","7,81300","9,81500","8,22300","5,10400","5,83300","5,65000","2,72500","4,30600","5,00600","12,98200","9,60000","8,60100","1,39000","0,61800","8,94400","4,23200","4,60000","9,69000","9,50800","3,44300","9,80200","8,71400","0,07300","5,33800","9,43600","9,29500","3,83200","3,85500","1,36700","11,26200","2,61900","0,39500"
"2,44700","5,19400","10,32100","8,72800","10,75200","7,29900","4,45700","6,84700","11,46400","7,47800","4,49900","5,00100","5,44200","2,20400","3,11500","5,57800","12,92200","9,48500","7,70200","2,48500","0,97300","8,23400","5,96500","4,37600","6,67100","7,75000","3,47000","8,72200","7,98400","0,87400","5,27100","8,59000","7,85700","3,77400","2,99400","1,31800","11,02600","2,50100","0,58300"
"2,25500","4,81000","8,84300","7,55000","7,29900","6,85000","3,87700","5,90700","8,41100","7,03300","4,12900","4,67100","4,50900","2,41300","3,39700","4,20500","10,59100","7,96400","6,95500","1,12700","1,09500","7,04400","3,78100","3,94600","7,44700","7,51900","2,94400","7,79800","7,06800","0,29900","4,30300","7,96700","7,33400","3,05700","3,36500","0,86600","9,28600","2,47900","0,69800"
"1,29200","1,40700","6,02500","5,25200","4,45700","3,87700","5,77500","4,78200","5,50600","3,02800","2,33300","3,70900","3,31600","1,44200","2,54200","1,76600","5,92700","4,24800","2,87400","-0,38400","0,34200","4,45500","2,18100","2,54600","4,70400","3,61000","1,24600","4,21300","4,28900","0,32200","2,62300","3,63200","4,00000","2,04100","2,24200","0,85700","5,47100","1,36300","0,19700"
"2,08600","3,42100","8,45000","7,81300","6,84700","5,90700","4,78200","7,19200","8,44600","6,18400","4,42600","4,72500","4,98800","2,12800","2,92600","3,58200","9,99700","7,26300","6,08500","1,29200","0,42600","6,24800","3,04900","3,44300","7,22900","6,83900","2,37200","6,68300","6,87600","0,33000","4,06500","6,66700","6,60300","3,11800","2,79800","1,14000","8,66100","1,82900","0,52300"
"3,19800","5,95000","12,35700","9,81500","11,46400","8,41100","5,50600","8,44600","13,43300","9,05700","5,60500","6,26200","6,47200","2,70100","3,98900","6,19700","15,06200","11,16400","9,27300","2,67400","1,26800","9,50700","6,63800","5,23900","8,77600","9,58900","3,83100","9,65300","9,60100","1,05500","5,99300","10,26000","9,51700","4,35400","2,88700","1,77300","13,00700","3,08000","0,88800"
"2,69100","5,90700","9,76100","8,22300","7,47800","7,03300","3,02800","6,18400","9,05700","12,92500","4,48400","4,93700","6,64200","2,63700","4,27400","5,40700","13,10600","9,72400","9,15600","1,65200","1,42000","8,70500","4,30500","4,73600","8,44400","9,64800","3,73500","9,86600","8,44600","0,94400","5,12900","10,56900","9,25800","3,29700","0,40800","0,72300","11,24300","2,70500","0,55000"
"1,48000","3,06800","5,79800","5,10400","4,49900","4,12900","2,33300","4,42600","5,60500","4,48400","3,66300","3,09100","3,10500","1,30700","2,05700","2,55100","6,95900","5,21500","4,71600","0,70200","0,74700","4,18400","2,09100","2,38200","5,48400","4,98300","1,84900","5,18800","4,66400","-0,00200","2,83000","5,06000","5,12900","2,05400","1,81200","0,75000","6,35500","1,52000","0,49800"
"1,67600","3,68800","7,35900","5,83300","5,00100","4,67100","3,70900","4,72500","6,26200","4,93700","3,09100","5,29500","3,16100","2,42900","3,51900","3,19000","8,02300","6,21600","5,67600","0,33700","0,80900","6,27400","2,54000","3,38700","5,95900","6,75000","1,87600","5,38100","5,44700","0,04000","3,40000","6,69100","6,54400","2,73800","2,59000","1,30800","6,83200","1,96500","0,73900"
"1,57200","2,95900","5,74900","5,65000","5,44200","4,50900","3,31600","4,98800","6,47200","6,64200","3,10500","3,16100","8,01300","1,68500","-0,20500","4,38300","9,12400","6,34600","2,73800","2,12100","0,14100","4,54900","2,83700","2,89800","2,88400","2,90900","2,00500","5,24100","4,50000","1,24100","3,14500","5,75600","3,85500","2,36800","-0,88000","0,84200","8,48400","1,10800","0,13200"
"0,67300","1,64800","3,32900","2,72500","2,20400","2,41300","1,44200","2,12800","2,70100","2,63700","1,30700","2,42900","1,68500","2,53200","1,87200","1,86800","3,57200","2,31400","2,69500","0,05600","0,10900","2,92100","1,09600","1,67800","2,68900","3,34400","0,98900","2,21500","2,35600","-0,14200","1,57600","3,04400","2,72600","1,59700","1,77600","0,96600","2,19400","0,99100","0,31100"
"1,27900","2,87800","5,99400","4,30600","3,11500","3,39700","2,54200","2,92600","3,98900","4,27400","2,05700","3,51900","-0,20500","1,87200","6,89800","-0,64800","3,56900","2,49400","4,70800","-2,83400","0,86500","5,34000","1,96900","2,43200","7,48000","7,50500","1,89100","5,03000","4,87400","-0,86400","2,59100","5,14900","6,13000","1,74700","4,06300","-0,08100","3,20100","1,43500","0,48700"
"1,43200","3,78000","6,23200","5,00600","5,57800","4,20500","1,76600","3,58200","6,19700","5,40700","2,55100","3,19000","4,38300","1,86800","-0,64800","7,74100","11,13900","8,53800","6,53200","3,88200","0,58800","5,41800","3,14000","2,89500","3,60000","4,32000","2,40000","5,87300","3,98400","1,01000","3,23000","6,45800","5,01400","2,35300","-0,26100","1,75700","8,29200","1,77400","0,02700"
"3,91500","8,62700","15,89500","12,98200","12,92200","10,59100","5,92700","9,99700","15,06200","13,10600","6,95900","8,02300","9,12400","3,57200","3,56900","11,13900","23,12600","17,52000","13,78100","5,15400","1,85700","13,19900","7,15100","6,83200","12,50500","12,88700","5,73200","14,13900","13,00300","1,37800","7,87400","15,50000","13,01700","5,73700","2,38600","2,87400","18,71600","4,12400","0,43000"
"3,00900","6,71200","12,10500","9,60000","9,48500","7,96400","4,24800","7,26300","11,16400","9,72400","5,21500","6,21600","6,34600","2,31400","2,49400","8,53800","17,52000","14,33000","11,17700","4,59300","1,53600","9,86600","5,31900","5,23200","9,93700","9,91900","4,10100","10,61900","9,77100","1,10100","5,61200","12,14900","10,07800","4,00000","2,12500","2,06600","14,84100","3,55300","0,54500"
"2,63400","6,70700","10,30200","8,60100","7,70200","6,95500","2,87400","6,08500","9,27300","9,15600","4,71600","5,67600","2,73800","2,69500","4,70800","6,53200","13,78100","11,17700","13,43100","2,20300","1,39000","9,41700","4,33700","4,61000","11,10900","11,12400","3,86300","9,78200","8,67700","0,16300","5,22700","10,49600","11,51200","3,62600","2,46900","1,79500","10,70600","3,46500","0,86400"
"0,78400","1,57400","2,05100","1,39000","2,48500","1,12700","-0,38400","1,29200","2,67400","1,65200","0,70200","0,33700","2,12100","0,05600","-2,83400","3,88200","5,15400","4,59300","2,20300","7,33700","0,05900","1,07800","1,28400","0,87200","-0,69700","1,54200","0,68100","1,06700","1,49400","0,38200","0,75200","2,04600","-0,75400","0,80300","-1,86500","0,89100","4,34300","0,54000","-0,11800"
"0,58000","1,50100","1,83300","0,61800","0,97300","1,09500","0,34200","0,42600","1,26800","1,42000","0,74700","0,80900","0,14100","0,10900","0,86500","0,58800","1,85700","1,53600","1,39000","0,05900","1,56900","1,98700","0,45200","0,88900","1,86400","1,57500","0,81800","1,80500","1,38700","-0,06200","0,61700","1,83100","1,33900","0,24900","0,46400","-0,04500","1,74500","0,67800","0,01700"
"2,56400","6,35200","10,87200","8,94400","8,23400","7,04400","4,45500","6,24800","9,50700","8,70500","4,18400","6,27400","4,54900","2,92100","5,34000","5,41800","13,19900","9,86600","9,41700","1,07800","1,98700","11,07700","4,75100","5,14900","9,55500","10,27400","3,94700","9,67600","8,77200","0,16100","5,26800","10,47700","9,77100","3,72400","2,86500","1,62500","10,79400","2,98900","0,09200"
"1,43000","2,85700","5,65800","4,23200","5,96500","3,78100","2,18100","3,04900","6,63800","4,30500","2,09100","2,54000","2,83700","1,09600","1,96900","3,14000","7,15100","5,31900","4,33700","1,28400","0,45200","4,75100","4,47700","2,39600","3,21200","4,33600","1,82300","4,50000","4,38000","0,75900","2,91300","4,94000","4,41400","1,82200","0,88800","0,80600","6,28400","1,65000","0,16700"
"1,49800","3,24300","5,86800","4,60000","4,37600","3,94600","2,54600","3,44300","5,23900","4,73600","2,38200","3,38700","2,89800","1,67800","2,43200","2,89500","6,83200","5,23200","4,61000","0,87200","0,88900","5,14900","2,39600","3,29500","4,72700","5,19600","1,85700","4,83700","4,39100","0,28700","2,67600","5,57100","4,90900","2,10500","1,04200","0,95300","5,79500","1,65800","0,40800"
"2,80200","6,54700","11,98700","9,69000","6,67100","7,44700","4,70400","7,22900","8,77600","8,44400","5,48400","5,95900","2,88400","2,68900","7,48000","3,60000","12,50500","9,93700","11,10900","-0,69700","1,86400","9,55500","3,21200","4,72700","17,31100","12,32800","4,24000","11,65500","9,83800","-0,40400","5,07900","9,74700","11,14400","3,32500","5,70500","0,55200","10,95500","3,00800","0,82900"
"2,95300","7,08600","12,25500","9,50800","7,75000","7,51900","3,61000","6,83900","9,58900","9,64800","4,98300","6,75000","2,90900","3,34400","7,50500","4,32000","12,88700","9,91900","11,12400","1,54200","1,57500","10,27400","4,33600","5,19600","12,32800","14,67300","4,03000","10,57600","9,79700","-0,91700","5,75300","11,51100","11,29300","3,84000","5,08100","0,75100","10,94300","3,22800","0,90800"
"1,06700","2,77300","4,37900","3,44300","3,47000","2,94400","1,24600","2,37200","3,83100","3,73500","1,84900","1,87600","2,00500","0,98900","1,89100","2,40000","5,73200","4,10100","3,86300","0,68100","0,81800","3,94700","1,82300","1,85700","4,24000","4,03000","2,19100","4,33900","3,63600","0,17300","2,21300","4,40300","3,84800","1,51400","0,95100","0,24900","4,51400","0,95100","0,14500"
"2,64900","6,74600","10,64100","9,80200","8,72200","7,79800","4,21300","6,68300","9,65300","9,86600","5,18800","5,38100","5,24100","2,21500","5,03000","5,87300","14,13900","10,61900","9,78200","1,06700","1,80500","9,67600","4,50000","4,83700","11,65500","10,57600","4,33900","13,23100","8,83600","0,27600","5,83200","10,80600","10,26100","3,66000","3,16000","0,72900","12,60900","2,86300","0,37700"
"2,67500","5,41600","10,53100","8,71400","7,98400","7,06800","4,28900","6,87600","9,60100","8,44600","4,66400","5,44700","4,50000","2,35600","4,87400","3,98400","13,00300","9,77100","8,67700","1,49400","1,38700","8,77200","4,38000","4,39100","9,83800","9,79700","3,63600","8,83600","9,92700","0,38100","5,00700","10,09800","8,94700","3,66100","3,20500","1,26700","10,76400","2,78800","0,52200"
"0,05500","-0,25600","0,25200","0,07300","0,87400","0,29900","0,32200","0,33000","1,05500","0,94400","-0,00200","0,04000","1,24100","-0,14200","-0,86400","1,01000","1,37800","1,10100","0,16300","0,38200","-0,06200","0,16100","0,75900","0,28700","-0,40400","-0,91700","0,17300","0,27600","0,38100","1,64900","0,23400","0,80700","-0,04600","0,07400","-1,74500","0,39100","1,03300","0,19000","-0,03000"
"1,58900","3,40100","6,26800","5,33800","5,27100","4,30300","2,62300","4,06500","5,99300","5,12900","2,83000","3,40000","3,14500","1,57600","2,59100","3,23000","7,87400","5,61200","5,22700","0,75200","0,61700","5,26800","2,91300","2,67600","5,07900","5,75300","2,21300","5,83200","5,00700","0,23400","3,63700","5,74500","5,64300","2,52700","1,62100","1,03300","6,62800","1,65900","0,32000"
"2,99800","7,30600","12,22900","9,43600","8,59000","7,96700","3,63200","6,66700","10,26000","10,56900","5,06000","6,69100","5,75600","3,04400","5,14900","6,45800","15,50000","12,14900","10,49600","2,04600","1,83100","10,47700","4,94000","5,57100","9,74700","11,51100","4,40300","10,80600","10,09800","0,80700","5,74500","14,23700","11,09100","4,02300","2,21900","1,48400","13,12900","3,55300","0,83200"
"2,69400","6,77000","10,97200","9,29500","7,85700","7,33400","4,00000","6,60300","9,51700","9,25800","5,12900","6,54400","3,85500","2,72600","6,13000","5,01400","13,01700","10,07800","11,51200","-0,75400","1,33900","9,77100","4,41400","4,90900","11,14400","11,29300","3,84800","10,26100","8,94700","-0,04600","5,64300","11,09100","12,47100","3,88300","3,36600","1,41100","10,93300","3,24900","1,03700"
"1,23600","2,52600","4,69300","3,83200","3,77400","3,05700","2,04100","3,11800","4,35400","3,29700","2,05400","2,73800","2,36800","1,59700","1,74700","2,35300","5,73700","4,00000","3,62600","0,80300","0,24900","3,72400","1,82200","2,10500","3,32500","3,84000","1,51400","3,66000","3,66100","0,07400","2,52700","4,02300","3,88300","2,98200","0,63600","1,98800","4,30600","0,87800","0,33300"
"0,50700","1,49800","4,56500","3,85500","2,99400","3,36500","2,24200","2,79800","2,88700","0,40800","1,81200","2,59000","-0,88000","1,77600","4,06300","-0,26100","2,38600","2,12500","2,46900","-1,86500","0,46400","2,86500","0,88800","1,04200","5,70500","5,08100","0,95100","3,16000","3,20500","-1,74500","1,62100","2,21900","3,36600","0,63600","9,68700","-1,50500","2,79100","1,43700","0,83700"
"0,47200","0,89000","1,70300","1,36700","1,31800","0,86600","0,85700","1,14000","1,77300","0,72300","0,75000","1,30800","0,84200","0,96600","-0,08100","1,75700","2,87400","2,06600","1,79500","0,89100","-0,04500","1,62500","0,80600","0,95300","0,55200","0,75100","0,24900","0,72900","1,26700","0,39100","1,03300","1,48400","1,41100","1,98800","-1,50500","3,60000","1,57000","0,64600","-0,34700"
"3,48900","7,56200","13,70000","11,26200","11,02600","9,28600","5,47100","8,66100","13,00700","11,24300","6,35500","6,83200","8,48400","2,19400","3,20100","8,29200","18,71600","14,84100","10,70600","4,34300","1,74500","10,79400","6,28400","5,79500","10,95500","10,94300","4,51400","12,60900","10,76400","1,03300","6,62800","13,12900","10,93300","4,30600","2,79100","1,57000","17,54500","3,81000","0,69000"
"0,97800","1,94300","3,42300","2,61900","2,50100","2,47900","1,36300","1,82900","3,08000","2,70500","1,52000","1,96500","1,10800","0,99100","1,43500","1,77400","4,12400","3,55300","3,46500","0,54000","0,67800","2,98900","1,65000","1,65800","3,00800","3,22800","0,95100","2,86300","2,78800","0,19000","1,65900","3,55300","3,24900","0,87800","1,43700","0,64600","3,81000","2,04100","0,38800"
"0,28000","0,59000","0,72400","0,39500","0,58300","0,69800","0,19700","0,52300","0,88800","0,55000","0,49800","0,73900","0,13200","0,31100","0,48700","0,02700","0,43000","0,54500","0,86400","-0,11800","0,01700","0,09200","0,16700","0,40800","0,82900","0,90800","0,14500","0,37700","0,52200","-0,03000","0,32000","0,83200","1,03700","0,33300","0,83700","-0,34700","0,69000","0,38800","1,02100"
