"0,57900","0,77700","1,09800","0,52800","0,47500","0,49400","0,18600","0,41700","0,45100","1,07900","0,39200","0,28000","0,87800","0,50100","0,23800","0,18900","0,66900","0,36300","0,27800","-0,01100","0,11400","0,60300","0,17300","0,14900","0,74400","0,23700","0,40800","0,49400","0,46900","0,25700","0,29900","0,19800","0,25500","0,14400","-0,00500","0,21900","0,62400","0,16800","0,17400"
"0,77700","3,53800","2,27200","1,84600","1,63000","1,07000","-0,07000","0,70300","1,40100","2,68000","0,59600","0,84800","2,00000","0,74200","0,72200","0,41700","1,16400","0,76100","0,68000","-0,01600","0,29600","1,86900","1,02100","0,79100","1,50300","1,44100","0,96100","1,69900","0,62000","0,48900","0,69300","0,76700","0,95600","-0,34400","-1,31100","0,25200","1,59700","0,56400","0,13600"
"1,09800","2,27200","4,37500","1,51400","1,50800","1,24200","0,41500","1,25600","1,25400","2,71200","0,87700","0,91800","2,16300","1,36400","0,41700","0,62500","1,55200","0,87100","0,63800","0,24400","0,53300","1,30700","0,27600","0,45500","1,72300","1,24200","0,69500","0,00000","0,84200","0,78100","0,68700","0,72200","0,71600","0,93400","-0,77000","1,17600","1,41700","0,27400","0,48000"
"0,52800","1,84600","1,51400","2,53200","1,92400","0,74800","0,85600","1,25800","1,50900","2,50000","0,69600","0,88800","1,55500","0,92800","0,83100","0,57500","1,45400","0,90300","0,96900","0,28000","-0,02200","2,14400","0,79000","0,75400","1,41300","1,63200","1,11300","2,07500","0,75400","0,15100","0,80300","0,78200","1,16900","0,07400","-0,43700","0,03700","1,43300","0,73200","0,24900"
"0,47500","1,63000","1,50800","1,92400","2,64100","1,16900","0,24700","1,20000","1,98100","2,79200","0,60000","0,73100","2,00000","1,24800","0,65100","0,57600","1,40900","0,89600","1,02500","0,05100","-0,14000","1,75600","1,08100","0,80600","0,79600","0,70600","0,95900","1,84500","0,78800","0,30000","1,05400","0,25700","1,11600","0,10800","-1,35500","0,48100","1,54800","0,90900","0,07800"
"0,49400","1,07000","1,24200","0,74800","1,16900","1,53700","-0,16400","0,76200","0,73000","1,57100","0,22200","-0,06500","1,44500","0,95500","-0,18000","0,35700","0,87700","0,61500","0,34900","-0,06400","-0,26700","0,09400","0,01700","0,23600","0,73000","-0,09000","0,42600","0,71900","0,47800","0,09300","0,59600","-0,05900","0,29300","0,38900","-1,23000","1,04200","0,96900","0,52500","0,18200"
"0,18600","-0,07000","0,41500","0,85600","0,24700","-0,16400","2,09100","0,91000","0,42300","0,05100","0,12900","0,89200","0,35800","0,08900","0,53300","-0,34200","-0,12900","-0,26500","-0,07200","0,06100","-0,02800","0,45400","-0,33000","0,00200","0,51400","0,87200","0,37600","0,53900","0,25100","-0,12300","-0,05500","0,05600","0,34800","0,57900","-0,11600","-0,11800","-0,37600","-0,05100","0,55500"
"0,41700","0,70300","1,25600","1,25800","1,20000","0,76200","0,91000","2,22000","1,40000","0,48400","0,61400","0,19400","0,80800","0,57100","0,02800","0,13100","0,25400","0,15700","0,13200","-0,23500","-0,45800","0,07300","-0,43000","-0,03900","0,71300","0,43300","0,73800","1,07000","0,05000","-0,17800","0,17100","0,04800","0,42700","0,20700","-0,02600","0,24700","0,44900","0,51200","0,40800"
"0,45100","1,40100","1,25400","1,50900","1,98100","0,73000","0,42300","1,40000","2,26400","2,21900","0,80400","0,81700","1,97900","0,98600","1,05900","-0,25300","0,26100","-0,16900","0,06400","-0,87500","-0,09000","1,49700","1,15900","0,58400","0,78000","0,87800","0,95600","1,65600","0,50400","0,08300","0,67700","0,16900","1,04800","0,12800","-0,97900","0,26200","0,77800","0,65800","0,25900"
"1,07900","2,68000","2,71200","2,50000","2,79200","1,57100","0,05100","0,48400","2,21900","13,29100","1,60400","1,76900","9,84500","4,53300","0,20700","0,01600","2,29200","1,57600","0,52400","-1,50700","0,58800","2,79900","1,77500","1,18000","2,00300","2,20200","1,34000","1,98600","1,57900","0,59900","1,24100","0,21600","1,99100","1,12300","-6,57100","2,41700","4,06400","-0,12700","0,71500"
"0,39200","0,59600","0,87700","0,69600","0,60000","0,22200","0,12900","0,61400","0,80400","1,60400","1,21200","0,51600","1,14000","0,87700","0,27800","0,17900","0,51300","0,19300","0,19900","-0,28600","0,48100","1,00400","0,37000","0,31800","0,81000","0,68500","0,69900","0,58300","0,35200","0,10500","0,24600","0,33300","0,52900","0,23100","0,88200","0,16300","0,76100","0,40700","0,24600"
"0,28000","0,84800","0,91800","0,88800","0,73100","-0,06500","0,89200","0,19400","0,81700","1,76900","0,51600","2,55800","1,06400","0,65600","1,01700","0,36400","1,21500","0,69400","1,24600","0,65700","0,24500","2,34200","0,86900","0,79300","0,97200","1,42700","0,38400","0,29800","1,01100","0,25300","0,56900","0,11000","1,00600","0,40000","-1,19100","0,38600","0,88500","0,29900","0,29300"
"0,87800","2,00000","2,16300","1,55500","2,00000","1,44500","0,35800","0,80800","1,97900","9,84500","1,14000","1,06400","9,50700","4,08500","1,10100","-1,68400","-0,18900","-0,76000","-2,18700","-3,50500","-0,03700","0,99100","0,99700","0,59300","1,47700","1,52100","0,93000","1,49500","0,92100","-0,03000","0,79300","-0,07000","1,24000","1,43200","-4,94500","2,39100","2,29600","0,10500","0,71000"
"0,50100","0,74200","1,36400","0,92800","1,24800","0,95500","0,08900","0,57100","0,98600","4,53300","0,87700","0,65600","4,08500","3,23800","0,55200","0,41900","1,15900","0,48000","-0,10300","-0,73300","0,28000","1,08000","0,26600","0,63400","1,22400","1,26400","0,70800","1,09700","0,62000","-0,03000","0,83300","0,29800","0,79300","1,14200","-1,12300","2,14300","1,42300","0,78900","0,14000"
"0,23800","0,72200","0,41700","0,83100","0,65100","-0,18000","0,53300","0,02800","1,05900","0,20700","0,27800","1,01700","1,10100","0,55200","4,32000","-2,37900","-2,24200","-3,00200","-2,18400","-2,79800","0,09900","2,24100","1,41400","0,36700","1,23700","1,15200","0,68600","1,43900","0,45400","-0,41400","0,36600","0,41400","0,93500","0,52600","-0,33700","0,74600","-1,73000","0,45900","-0,23000"
"0,18900","0,41700","0,62500","0,57500","0,57600","0,35700","-0,34200","0,13100","-0,25300","0,01600","0,17900","0,36400","-1,68400","0,41900","-2,37900","4,85500","5,10000","4,72900","4,56200","4,85000","0,30800","1,37400","-0,19700","0,85000","0,42300","0,33700","0,32000","1,16100","0,08900","0,38600","0,56500","1,07700","0,11100","-0,65700","0,86400","-0,04600","2,92400","0,58300","-0,47200"
"0,66900","1,16400","1,55200","1,45400","1,40900","0,87700","-0,12900","0,25400","0,26100","2,29200","0,51300","1,21500","-0,18900","1,15900","-2,24200","5,10000","6,95100","5,58200","5,52200","5,49000","0,58700","2,85000","0,26400","1,34200","1,06200","1,01500","0,70200","1,55600","1,71000","0,78300","1,24300","1,39200","0,77900","-0,43200","0,06400","0,09000","4,19000","0,81200","-0,36200"
"0,36300","0,76100","0,87100","0,90300","0,89600","0,61500","-0,26500","0,15700","-0,16900","1,57600","0,19300","0,69400","-0,76000","0,48000","-3,00200","4,72900","5,58200","5,87000","5,35800","5,57900","0,19700","1,47500","-0,22400","1,00300","0,57700","0,36100","0,36400","0,88400","0,46000","0,70600","0,71000","1,05300","0,28000","-0,80600","0,24100","-0,09600","4,42800","0,42700","0,05200"
"0,27800","0,68000","0,63800","0,96900","1,02500","0,34900","-0,07200","0,13200","0,06400","0,52400","0,19900","1,24600","-2,18700","-0,10300","-2,18400","4,56200","5,52200","5,35800","6,82600","5,95700","0,19200","2,52300","0,36800","1,06600","0,84600","0,20500","0,62400","0,83700","0,91200","0,53200","0,83500","0,56500","1,19300","-0,67800","-0,23400","0,21300","3,37500","0,60500","-0,54300"
"-0,01100","-0,01600","0,24400","0,28000","0,05100","-0,06400","0,06100","-0,23500","-0,87500","-1,50700","-0,28600","0,65700","-3,50500","-0,73300","-2,79800","4,85000","5,49000","5,57900","5,95700","8,94400","0,28600","1,54400","-0,17800","0,43700","-0,08500","0,20200","0,09100","0,30200","0,46600","0,86600","0,29400","1,28200","-1,22300","-0,51300","1,52800","-0,49800","2,83500","0,11300","-0,21500"
"0,11400","0,29600","0,53300","-0,02200","-0,14000","-0,26700","-0,02800","-0,45800","-0,09000","0,58800","0,48100","0,24500","-0,03700","0,28000","0,09900","0,30800","0,58700","0,19700","0,19200","0,28600","1,41700","1,23400","0,17700","0,42400","0,57400","0,85700","0,19100","-0,00400","0,39800","0,51200","0,23400","0,53100","0,16000","0,00100","-0,01100","-0,07500","0,24200","-0,13000","0,14300"
"0,60300","1,86900","1,30700","2,14400","1,75600","0,09400","0,45400","0,07300","1,49700","2,79900","1,00400","2,34200","0,99100","1,08000","2,24100","1,37400","2,85000","1,47500","2,52300","1,54400","1,23400","5,57000","2,05000","1,80900","2,22300","2,40300","1,41900","2,62500","1,60000","0,35900","1,33400","1,28400","1,77500","-0,44900","-0,72500","0,23100","1,89600","0,97400","-0,27600"
"0,17300","1,02100","0,27600","0,79000","1,08100","0,01700","-0,33000","-0,43000","1,15900","1,77500","0,37000","0,86900","0,99700","0,26600","1,41400","-0,19700","0,26400","-0,22400","0,36800","-0,17800","0,17700","2,05000","2,05200","0,58400","0,39000","0,67600","0,45700","1,07400","0,52100","0,22100","0,49400","0,24000","0,68400","-0,31700","-0,94600","-0,17600","0,41100","0,29300","-0,25300"
"0,14900","0,79100","0,45500","0,75400","0,80600","0,23600","0,00200","-0,03900","0,58400","1,18000","0,31800","0,79300","0,59300","0,63400","0,36700","0,85000","1,34200","1,00300","1,06600","0,43700","0,42400","1,80900","0,58400","1,29500","0,77600","0,93800","0,36200","1,03900","0,42600","0,02900","0,55600","0,67900","0,83900","-0,10800","-0,54800","0,36800","1,09700","0,54900","0,08400"
"0,74400","1,50300","1,72300","1,41300","0,79600","0,73000","0,51400","0,71300","0,78000","2,00300","0,81000","0,97200","1,47700","1,22400","1,23700","0,42300","1,06200","0,57700","0,84600","-0,08500","0,57400","2,22300","0,39000","0,77600","3,10900","2,01900","1,06900","1,67600","0,70000","0,24200","0,77600","0,02800","0,95700","0,35200","-0,69000","1,33600","1,31900","0,64100","0,10600"
"0,23700","1,44100","1,24200","1,63200","0,70600","-0,09000","0,87200","0,43300","0,87800","2,20200","0,68500","1,42700","1,52100","1,26400","1,15200","0,33700","1,01500","0,36100","0,20500","0,20200","0,85700","2,40300","0,67600","0,93800","2,01900","4,58500","0,89700","1,62800","0,89900","0,52300","0,67600","1,11600","1,11300","0,11600","-0,82900","0,11300","0,99900","0,17700","0,10000"
"0,40800","0,96100","0,69500","1,11300","0,95900","0,42600","0,37600","0,73800","0,95600","1,34000","0,69900","0,38400","0,93000","0,70800","0,68600","0,32000","0,70200","0,36400","0,62400","0,09100","0,19100","1,41900","0,45700","0,36200","1,06900","0,89700","1,09900","1,51000","0,38700","0,00400","0,44800","0,46500","0,71400","0,07100","0,28400","0,17500","0,76400","0,57100","0,05400"
"0,49400","1,69900","0,00000","2,07500","1,84500","0,71900","0,53900","1,07000","1,65600","1,98600","0,58300","0,29800","1,49500","1,09700","1,43900","1,16100","1,55600","0,88400","0,83700","0,30200","-0,00400","2,62500","1,07400","1,03900","1,67600","1,62800","1,51000","4,60900","0,15800","-0,39700","0,95000","1,25500","1,00100","-0,43100","-0,64200","0,16600","1,39700","0,77800","-0,14900"
"0,46900","0,62000","0,84200","0,75400","0,78800","0,47800","0,25100","0,05000","0,50400","1,57900","0,35200","1,01100","0,92100","0,62000","0,45400","0,08900","1,71000","0,46000","0,91200","0,46600","0,39800","1,60000","0,52100","0,42600","0,70000","0,89900","0,38700","0,15800","2,00300","0,65200","0,74100","0,19700","0,79500","0,32200","-0,84200","0,16400","0,71300","0,40100","-0,16300"
"0,25700","0,48900","0,78100","0,15100","0,30000","0,09300","-0,12300","-0,17800","0,08300","0,59900","0,10500","0,25300","-0,03000","-0,03000","-0,41400","0,38600","0,78300","0,70600","0,53200","0,86600","0,51200","0,35900","0,22100","0,02900","0,24200","0,52300","0,00400","-0,39700","0,65200","1,24200","0,30700","0,18500","-0,12600","-0,04300","-0,73100","-0,13900","0,58500","-0,16700","0,10200"
"0,29900","0,69300","0,68700","0,80300","1,05400","0,59600","-0,05500","0,17100","0,67700","1,24100","0,24600","0,56900","0,79300","0,83300","0,36600","0,56500","1,24300","0,71000","0,83500","0,29400","0,23400","1,33400","0,49400","0,55600","0,77600","0,67600","0,44800","0,95000","0,74100","0,30700","1,04000","0,27500","0,63700","0,03400","-0,36500","0,28700","1,01900","0,55700","-0,03900"
"0,19800","0,76700","0,72200","0,78200","0,25700","-0,05900","0,05600","0,04800","0,16900","0,21600","0,33300","0,11000","-0,07000","0,29800","0,41400","1,07700","1,39200","1,05300","0,56500","1,28200","0,53100","1,28400","0,24000","0,67900","0,02800","1,11600","0,46500","1,25500","0,19700","0,18500","0,27500","2,66700","0,44700","-0,15100","0,43800","-0,42000","0,74400","0,21000","0,12200"
"0,25500","0,95600","0,71600","1,16900","1,11600","0,29300","0,34800","0,42700","1,04800","1,99100","0,52900","1,00600","1,24000","0,79300","0,93500","0,11100","0,77900","0,28000","1,19300","-1,22300","0,16000","1,77500","0,68400","0,83900","0,95700","1,11300","0,71400","1,00100","0,79500","-0,12600","0,63700","0,44700","2,33400","-0,01700","-1,67500","0,49400","0,83800","0,47200","-0,13000"
"0,14400","-0,34400","0,93400","0,07400","0,10800","0,38900","0,57900","0,20700","0,12800","1,12300","0,23100","0,40000","1,43200","1,14200","0,52600","-0,65700","-0,43200","-0,80600","-0,67800","-0,51300","0,00100","-0,44900","-0,31700","-0,10800","0,35200","0,11600","0,07100","-0,43100","0,32200","-0,04300","0,03400","-0,15100","-0,01700","2,84300","-0,97800","2,47900","-1,21600","-0,25100","0,52900"
"-0,00500","-1,31100","-0,77000","-0,43700","-1,35500","-1,23000","-0,11600","-0,02600","-0,97900","-6,57100","0,88200","-1,19100","-4,94500","-1,12300","-0,33700","0,86400","0,06400","0,24100","-0,23400","1,52800","-0,01100","-0,72500","-0,94600","-0,54800","-0,69000","-0,82900","0,28400","-0,64200","-0,84200","-0,73100","-0,36500","0,43800","-1,67500","-0,97800","15,05800","-3,74500","0,09500","1,11700","-0,04900"
"0,21900","0,25200","1,17600","0,03700","0,48100","1,04200","-0,11800","0,24700","0,26200","2,41700","0,16300","0,38600","2,39100","2,14300","0,74600","-0,04600","0,09000","-0,09600","0,21300","-0,49800","-0,07500","0,23100","-0,17600","0,36800","1,33600","0,11300","0,17500","0,16600","0,16400","-0,13900","0,28700","-0,42000","0,49400","2,47900","-3,74500","5,39300","0,04500","0,45300","-0,17500"
"0,62400","1,59700","1,41700","1,43300","1,54800","0,96900","-0,37600","0,44900","0,77800","4,06400","0,76100","0,88500","2,29600","1,42300","-1,73000","2,92400","4,19000","4,42800","3,37500","2,83500","0,24200","1,89600","0,41100","1,09700","1,31900","0,99900","0,76400","1,39700","0,71300","0,58500","1,01900","0,74400","0,83800","-1,21600","0,09500","0,04500","5,66200","0,80500","0,25500"
"0,16800","0,56400","0,27400","0,73200","0,90900","0,52500","-0,05100","0,51200","0,65800","-0,12700","0,40700","0,29900","0,10500","0,78900","0,45900","0,58300","0,81200","0,42700","0,60500","0,11300","-0,13000","0,97400","0,29300","0,54900","0,64100","0,17700","0,57100","0,77800","0,40100","-0,16700","0,55700","0,21000","0,47200","-0,25100","1,11700","0,45300","0,80500","2,14400","-0,20700"
"0,17400","0,13600","0,48000","0,24900","0,07800","0,18200","0,55500","0,40800","0,25900","0,71500","0,24600","0,29300","0,71000","0,14000","-0,23000","-0,47200","-0,36200","0,05200","-0,54300","-0,21500","0,14300","-0,27600","-0,25300","0,08400","0,10600","0,10000","0,05400","-0,14900","-0,16300","0,10200","-0,03900","0,12200","-0,13000","0,52900","-0,04900","-0,17500","0,25500","-0,20700","1,42900"
