"0,399373050234667","0,622837295115844","0,72692188553368","0,377455978038431","0,365164248940718","0,503052842129689","-0,146848931599622","0,281638425594236","0,566958046082454","0,247024982009165","0,520981274154818","0,205910412307919","0,00572943789741087","0,00462173921702216","0,30587325267667","0,0691121768860287","0,276281736558712","0,0299306809651891","0,203923737785708","0,400752396840839","0,0330611219602866","0,440769983852593","0,292931310241512","0,249180985803743","0,0944497964400703","-0,120890898486165","0,332905557777975","0,235687968619974","0,252088157157087","0,00417027234856632","0,261089559372874","0,423419232708166","0,337900110761155","0,150713009310628","0,246854780704413","0,116432401975177","0,21782095238996","0,496343053771459","-0,0767937204725211"
"0,622837295115844","4,05786971264823","1,18749612511568","1,43586563102552","0,914694772720137","1,27249984558479","-1,53025332912646","0,0279912997158306","0,522016844557039","0,444786094023334","1,39064903777865","0,342082769575379","-0,752244399000121","-0,413869159162075","0,620104112618352","0,398068049625061","0,481655139694958","0,162192220816394","1,28691999229284","2,24051481476805","-0,47653122567581","0,509685888824218","0,30604649066094","0,380996298363621","0,530930232128632","-1,42868389162153","0,19422289799173","0,888178153911175","0,547131571796882","-0,259339036147889","-0,0120481946337365","0,0941761032562009","0,135652497130036","0,428576669010532","-1,21747466864033","-0,103222655558804","0,252996998313738","0,892273476144093","0,292110498314223"
"0,72692188553368","1,18749612511568","5,91866960935308","1,68097775360547","1,46134923976693","1,89786765641767","1,68058282635282","1,67381424720977","1,52567215080437","-0,97662518038306","1,40965332452286","3,06430094118426","-0,227078475851863","-0,631811387100144","0,169364770482545","0,185509578620402","2,1100684910317","1,89670455190602","0,317496285097369","-0,159252070663382","-0,462677166733059","0,952814136236385","0,166799746847556","0,490384247781854","0,732748384229652","0,00107350731130191","0,785453254488869","-2,1565412744233","1,86574959791708","-0,286636651851064","0,901703687709348","1,9185078094539","0,208731711614294","-0,0825175940619157","1,64567482712291","1,00109861046261","3,57526781270079","1,41217854192356","-0,0929679277910245"
"0,377455978038431","1,43586563102552","1,68097775360547","2,25575791368511","1,24734018922052","0,921464989581007","0,85156032976085","1,54675194672459","0,836128289505213","0,796051407851324","0,60668606393483","1,32171549767354","-0,0928567540241448","-0,0197581684679817","0,773806461803621","0,418523001540091","0,841976392306306","0,564757990256481","0,879500472662678","0,669309750202215","-0,981403605890293","0,857094037428865","0,00693920220363703","0,363587712875801","0,403265901349788","0,168833224615926","0,26390091369058","0,619364140466174","0,626026598615888","0,320785866418696","0,396981464508472","0,891432488811609","0,991977205462531","0,37288057267626","0,240676837820103","0,612353534072227","0,934791361629329","1,59552142845203","0,0653532481152805"
"0,365164248940718","0,914694772720137","1,46134923976693","1,24734018922052","2,15192380555043","0,741247757282072","0,809569941803142","1,00598094640068","1,33970073348802","0,235064496830304","0,550988050543187","0,915454725259161","-0,323848573322771","-0,128355946583734","0,512176110075642","0,137712848953171","0,288385034232635","0,106048835329154","0,558566553824233","0,965538575156845","-0,0538060204863548","0,615493250114687","0,452777101986974","-0,0546832506082815","-0,367236726112541","-0,054276435283478","0,157392234692746","0,857335782488767","0,409488197032745","0,236608409122934","0,286199401079042","0,60107042797377","0,698167027722275","0,517529471305338","0,0489531145237016","0,259790842749014","0,238502421372361","1,08597735947134","0,105577745818062"
"0,503052842129689","1,27249984558479","1,89786765641767","0,921464989581007","0,741247757282072","2,10472714202332","0,37275054755384","0,691715823790437","1,12110174501637","0,341650806591788","0,848748084713186","1,65495943769436","0,0537638920986723","0,130821386320149","0,927199683944273","0,348550446704431","1,30306254862496","0,613688803660862","-0,116860246654502","-0,604323775637573","-0,349647877288865","0,995362417744082","0,581437944914356","0,675638595960713","0,0814082507389557","0,752529481675427","0,266675937814118","0,0687352932179847","1,16314887940247","-0,224987953433077","0,346535538801071","1,10710543544576","0,243531021228862","0,576797417006746","0,104315750450751","1,72007384131052","1,30965989297438","1,00103940787414","-0,163954243721586"
"-0,146848931599622","-1,53025332912646","1,68058282635282","0,85156032976085","0,809569941803142","0,37275054755384","5,11225459868724","1,79121021883091","1,07498548005504","-1,75489414046697","0,164857569883001","2,92187017054762","0,0859517307082779","-0,503756468787929","-0,585405205526933","-0,0211251378171806","1,2476126131036","1,21424303036215","0,2138114395455","-0,835417772497514","-0,26298020777697","-0,224869340969038","-0,0537955378956771","-0,151969511820231","0,517821531337747","1,51140060769774","-0,173748944114038","-0,497879625476178","0,880401642698647","0,604944277319466","1,01272103495714","0,0450793199935577","0,250929162661233","1,11929127074199","0,826955394219262","1,55936880504245","1,72189162719743","0,865896641477917","0,182403214201105"
"0,281638425594236","0,0279912997158306","1,67381424720977","1,54675194672459","1,00598094640068","0,691715823790437","1,79121021883091","3,0651435574118","1,68447106082413","-0,310097886277734","0,540287373561645","1,44354031964911","0,0486796846213733","-0,105418036496152","0,363909206584699","-0,00937384870357776","0,832456755846798","0,857138910957845","-0,263244973210819","-1,30446229867293","-0,543873225861126","0,524740031510979","-0,800393254120939","0,453276048798433","-0,244375441307841","1,9599520447085","0,454415741370554","-0,0619805835227149","0,962171225694941","0,634598724352579","0,264738013868208","1,72704827247568","0,652538235769772","0,586745322329922","0,598235608034419","0,949292841076076","1,38226886725734","0,980252637530121","0,546357178145746"
"0,566958046082454","0,522016844557039","1,52567215080437","0,836128289505213","1,33970073348802","1,12110174501637","1,07498548005504","1,68447106082413","2,8615102704052","0,134379507279906","0,784869921180891","1,21732872764716","-0,386303657884048","-0,175582022408402","0,766293088161469","0,0989897177416328","0,707334452024711","0,327002751680316","0,627041862536168","-0,127431596395567","0,268538973524572","0,993512108503226","1,30718561242802","0,518969432998804","0,144645804912392","1,75282101230549","0,526107182031037","0,143422635944462","0,930379654888705","0,235055830204532","0,603010897522703","0,905862071091771","1,09334655635226","1,26401224331343","-0,0924261572504525","1,28720096700787","0,682484130319738","0,983380035630399","-0,1404293228843"
"0,247024982009165","0,444786094023334","-0,97662518038306","0,796051407851324","0,235064496830304","0,341650806591788","-1,75489414046697","-0,310097886277734","0,134379507279906","5,83989818690237","-0,032664202121089","-1,00013278876334","2,36364062272248","0,931822836371351","1,15296878544183","1,39849675913773","1,37927807606395","0,213705902290204","0,54137187215543","0,89529455549187","-0,266895311013305","1,30507693022296","0,522408218355185","0,552017910546534","0,91460354452775","-0,285013458384962","0,530975646178671","2,34599227152952","0,100532774059723","0,153934573842688","0,85921696673029","0,700772904162409","1,55899925069288","-0,462044012668023","-0,892138783925534","-1,38353791899683","0,613794028476839","0,370008536256081","-0,262866878406652"
"0,520981274154818","1,39064903777865","1,40965332452286","0,60668606393483","0,550988050543187","0,848748084713186","0,164857569883001","0,540287373561645","0,784869921180891","-0,032664202121089","1,55831723322671","1,13507901143203","-0,0145882362650224","0,0384919643758716","1,00335911047883","-0,431623849737945","0,154997476242048","-0,420970606950928","-0,0313916977745967","0,453999332796079","-0,00607473310753618","0,423876025114177","0,252092974104368","0,374007003238178","0,382549491445197","-0,225920611957579","0,455552067434631","0,364460681089992","0,863218268088979","-0,141819257945222","0,401873241835203","0,905344450151317","0,137328708976554","0,654362158325681","0,0568222096019906","0,563623450002499","0,052683647416954","0,757098430622758","0,118856980772182"
"0,205910412307919","0,342082769575379","3,06430094118426","1,32171549767354","0,915454725259161","1,65495943769436","2,92187017054762","1,44354031964911","1,21732872764716","-1,00013278876334","1,13507901143203","4,30956333227148","-0,243705319193019","0,0206576283192547","1,07717577346274","0,114190796395282","1,71082181995966","0,97103161437371","0,358505781002208","-0,896172123078895","-0,869098234165615","1,08867966973778","0,608139507932943","0,697035171214667","0,63218781483864","1,08835308391438","-0,0725111659371594","-0,716811892527741","1,64963200451563","0,148234935243767","1,03321535225214","1,3399701508273","0,445127527186722","1,58448381857289","0,866306476871543","2,67150799938447","1,63029534157151","1,57311150841092","0,0814960709840091"
"0,00572943789741087","-0,752244399000121","-0,227078475851863","-0,0928567540241448","-0,323848573322771","0,0537638920986723","0,0859517307082779","0,0486796846213733","-0,386303657884048","2,36364062272248","-0,0145882362650224","-0,243705319193019","3,53691064843938","1,30909225886558","-1,66527488284124","1,06798113516946","2,10822309906399","2,12293188516129","-0,106183028196533","-0,692860395467576","0,090993816992254","0,508334543722831","-0,49346102419767","0,63250175617425","0,863539444093619","-0,77623151596179","0,305444198821627","0,680154873113345","0,20257287668453","0,204348192763475","0,503770565924152","0,119364021312778","0,0982331084882861","0,35987128997174","0,0458345294003402","0,593193377189096","2,61172857425364","-0,0800258063779515","-0,271073782915332"
"0,00462173921702216","-0,413869159162075","-0,631811387100144","-0,0197581684679817","-0,128355946583734","0,130821386320149","-0,503756468787929","-0,105418036496152","-0,175582022408402","0,931822836371351","0,0384919643758716","0,0206576283192547","1,30909225886558","2,54639658183954","0,508606563395004","0,582155847597082","0,162793366706983","-0,403649640170799","-0,177443715774186","0,400291017945213","-0,0618037672553647","0,756084194345128","0,083755538191802","0,214010676799747","0,318147406004704","-0,224156252568326","0,012133352923571","0,516682347979913","-0,146953304547976","-0,198215773708378","-0,154738439350234","-0,425391341198906","-0,0908248599793648","0,681713166652618","0,90843219497451","2,02034818915574","-0,745514357571388","0,693467411786342","-0,353595658906401"
"0,30587325267667","0,620104112618352","0,169364770482545","0,773806461803621","0,512176110075642","0,927199683944273","-0,585405205526933","0,363909206584699","0,766293088161469","1,15296878544183","1,00335911047883","1,07717577346274","-1,66527488284124","0,508606563395004","6,77675380161452","-2,35881369706715","-2,90495654661116","-5,23725623551677","-2,02472444530257","-0,491788045737979","-0,774670377864114","1,6922254064991","1,21043048036308","0,0170943117129565","-0,0105800672005512","2,11839318361056","0,617100850984036","1,31623838989172","0,957967153778667","0,183026669524903","0,454074198392771","1,72025095043199","1,47332174994868","0,357387118063351","0,987259087362423","1,28830857484859","-4,41115105112675","1,94776724819809","-0,0381296269261689"
"0,0691121768860287","0,398068049625061","0,185509578620402","0,418523001540091","0,137712848953171","0,348550446704431","-0,0211251378171806","-0,00937384870357776","0,0989897177416328","1,39849675913773","-0,431623849737945","0,114190796395282","1,06798113516946","0,582155847597082","-2,35881369706715","4,21724866533545","3,49166499608026","3,27382356169012","2,922481556366","3,38782114229061","0,0832568988881539","0,681524667400501","0,176030054032903","0,697356458237012","1,50553341119922","-2,1868953962711","-0,284803168766325","0,145430482261315","-0,840096898078296","0,411653813407446","0,818320808244216","-1,72612527261771","0,0241694944897045","-0,136734924516931","-0,818746338997754","-0,598227393855808","2,64493551423878","0,062006083633834","0,195364947829221"
"0,276281736558712","0,481655139694958","2,1100684910317","0,841976392306306","0,288385034232635","1,30306254862496","1,2476126131036","0,832456755846798","0,707334452024711","1,37927807606395","0,154997476242048","1,71082181995966","2,10822309906399","0,162793366706983","-2,90495654661116","3,49166499608026","5,92874738464244","5,43916546207065","2,49151783208452","1,3484028808552","0,157116812936494","1,37784544971952","-0,0731082941841965","1,33275629161006","1,35059860017051","-1,28340141609098","0,368120756855478","-0,0282859688468888","1,34224417987501","-0,0624857214867616","1,77917502656465","0,483395979146907","0,107801744307378","0,725526622937237","0,160380105545913","1,17000239457853","6,08208127343772","0,882452366882013","0,0542833953311604"
"0,0299306809651891","0,162192220816394","1,89670455190602","0,564757990256481","0,106048835329154","0,613688803660862","1,21424303036215","0,857138910957845","0,327002751680316","0,213705902290204","-0,420970606950928","0,97103161437371","2,12293188516129","-0,403649640170799","-5,23725623551677","3,27382356169012","5,43916546207065","7,08009253717442","2,79607435105307","0,177536437636072","0,436717420847557","0,375925959588365","-0,799922842740958","1,13786478783838","1,32622813312272","-1,35292546902639","0,212110574256096","-0,697089722225914","0,548549372333676","-0,224381355803955","0,76482651559151","0,317704306475902","-0,224370969756132","0,673488320111926","-0,202451927501423","0,680043558399267","7,17022907750149","-0,150904134198509","0,167597137724059"
"0,203923737785708","1,28691999229284","0,317496285097369","0,879500472662678","0,558566553824233","-0,116860246654502","0,2138114395455","-0,263244973210819","0,627041862536168","0,54137187215543","-0,0313916977745967","0,358505781002208","-0,106183028196533","-0,177443715774186","-2,02472444530257","2,922481556366","2,49151783208452","2,79607435105307","4,36726703941354","4,01374292713644","0,158019355490825","0,776620035122921","1,02613304133443","0,604674217875523","2,00756041873478","-1,55801262839742","-0,121703323451198","0,716887921237975","-0,832823813709603","0,0301064270755995","1,10093459191167","-1,83289625195147","1,22577221195656","0,826740672866644","-0,645702028643699","-0,247702281199791","1,97168062130626","0,63400021238724","-0,0520053203677639"
"0,400752396840839","2,24051481476805","-0,159252070663382","0,669309750202215","0,965538575156845","-0,604323775637573","-0,835417772497514","-1,30446229867293","-0,127431596395567","0,89529455549187","0,453999332796079","-0,896172123078895","-0,692860395467576","0,400291017945213","-0,491788045737979","3,38782114229061","1,3484028808552","0,177536437636072","4,01374292713644","9,85599242945941","-0,156185004311727","0,16152919473072","1,27886404817005","0,248446916209436","1,40488642041623","-5,72675142818154","-0,368910760281143","0,350682029582613","-0,890574735078166","0,273914080523158","1,00732525170136","-2,68481038757553","-0,421278044269426","0,0768494709245523","-1,17182393184086","-1,68488210198685","-1,08169680969816","0,71867178041222","0,313847873939009"
"0,0330611219602866","-0,47653122567581","-0,462677166733059","-0,981403605890293","-0,0538060204863548","-0,349647877288865","-0,26298020777697","-0,543873225861126","0,268538973524572","-0,266895311013305","-0,00607473310753618","-0,869098234165615","0,090993816992254","-0,0618037672553647","-0,774670377864114","0,0832568988881539","0,157116812936494","0,436717420847557","0,158019355490825","-0,156185004311727","2,03236367542906","0,432858731150188","0,00730699027849213","-0,0566636151255346","0,192570019816212","0,191241552016695","0,35719787642904","0,87310102999412","-0,342889156985612","-0,529156683943226","0,0854363126632017","0,244799850664198","-0,0419674497369945","0,15323749193675","0,0368671772440943","-0,361858118446394","0,114651646230739","-0,669820638662162","0,0451515956087389"
"0,440769983852593","0,509685888824218","0,952814136236385","0,857094037428865","0,615493250114687","0,995362417744082","-0,224869340969038","0,524740031510979","0,993512108503226","1,30507693022296","0,423876025114177","1,08867966973778","0,508334543722831","0,756084194345128","1,6922254064991","0,681524667400501","1,37784544971952","0,375925959588365","0,776620035122921","0,16152919473072","0,432858731150188","2,98086622659305","0,843762724075213","1,04778251146359","1,03841663113635","0,6362064872363","0,881066450152619","1,23448395338186","0,560721178822059","0,168934280478095","1,12867729418112","0,990467195856019","1,60372876661892","1,15494128302185","0,747380112798545","1,79773737642862","0,520945384807433","1,65169508513724","-0,177437831506903"
"0,292931310241512","0,30604649066094","0,166799746847556","0,00693920220363703","0,452777101986974","0,581437944914356","-0,0537955378956771","-0,800393254120939","1,30718561242802","0,522408218355185","0,252092974104368","0,608139507932943","-0,49346102419767","0,083755538191802","1,21043048036308","0,176030054032903","-0,0731082941841965","-0,799922842740958","1,02613304133443","1,27886404817005","0,00730699027849213","0,843762724075213","2,40021172613333","0,20847777300328","0,573185159122043","-0,0309010516714506","-0,000876611384313294","0,0945684339326635","0,0905327511271594","-0,0961103312141341","0,518909880031001","-0,614483058463415","0,9284196542512","0,792480924809138","-0,347992101466875","1,03970478121848","-0,849370141452087","0,984924151304489","-0,756083925942168"
"0,249180985803743","0,380996298363621","0,490384247781854","0,363587712875801","-0,0546832506082815","0,675638595960713","-0,151969511820231","0,453276048798433","0,518969432998804","0,552017910546534","0,374007003238178","0,697035171214667","0,63250175617425","0,214010676799747","0,0170943117129565","0,697356458237012","1,33275629161006","1,13786478783838","0,604674217875523","0,248446916209436","-0,0566636151255346","1,04778251146359","0,20847777300328","1,25429542493041","0,671452962558421","0,174005229601661","0,278236278645106","0,0726292109967641","0,576155261496319","0,266423478314136","0,646164462735222","0,683322085513231","0,462282021414991","1,02117713961977","0,0640104902775158","1,1769385069563","1,14862993543027","0,162415199863492","-0,0935871739078799"
"0,0944497964400703","0,530930232128632","0,732748384229652","0,403265901349788","-0,367236726112541","0,0814082507389557","0,517821531337747","-0,244375441307841","0,144645804912392","0,91460354452775","0,382549491445197","0,63218781483864","0,863539444093619","0,318147406004704","-0,0105800672005512","1,50553341119922","1,35059860017051","1,32622813312272","2,00756041873478","1,40488642041623","0,192570019816212","1,03841663113635","0,573185159122043","0,671452962558421","3,89725344452988","-0,55964398678737","0,639946041153201","0,59643442555205","-0,2748488522684","0,214741541553645","0,99506077953536","-1,77762803274268","1,36269189586104","0,936607028489785","0,337625425020884","0,890734889271375","1,63247674804849","0,364644647808306","-0,167736423868178"
"-0,120890898486165","-1,42868389162153","0,00107350731130191","0,168833224615926","-0,054276435283478","0,752529481675427","1,51140060769774","1,9599520447085","1,75282101230549","-0,285013458384962","-0,225920611957579","1,08835308391438","-0,77623151596179","-0,224156252568326","2,11839318361056","-2,1868953962711","-1,28340141609098","-1,35292546902639","-1,55801262839742","-5,72675142818154","0,191241552016695","0,6362064872363","-0,0309010516714506","0,174005229601661","-0,55964398678737","7,53145272741842","0,189902617336668","0,801268858791512","0,549968310220541","-0,165902537348182","0,527410036153977","1,84047913836048","1,82898829988399","0,44122540170363","0,601086142337199","1,63543806668694","-0,431825830090074","0,362130788436696","-0,246942413614853"
"0,332905557777975","0,19422289799173","0,785453254488869","0,26390091369058","0,157392234692746","0,266675937814118","-0,173748944114038","0,454415741370554","0,526107182031037","0,530975646178671","0,455552067434631","-0,0725111659371594","0,305444198821627","0,012133352923571","0,617100850984036","-0,284803168766325","0,368120756855478","0,212110574256096","-0,121703323451198","-0,368910760281143","0,35719787642904","0,881066450152619","-0,000876611384313294","0,278236278645106","0,639946041153201","0,189902617336668","1,0599602084664","0,48144637644798","0,515422878560766","-0,0117105848150181","0,318659899175842","0,82562122082478","0,584888091601868","0,331634133770738","0,544118187088227","0,376057270290809","0,757979616439835","0,542420400934776","0,0661373698792769"
"0,235687968619974","0,888178153911175","-2,1565412744233","0,619364140466174","0,857335782488767","0,0687352932179847","-0,497879625476178","-0,0619805835227149","0,143422635944462","2,34599227152952","0,364460681089992","-0,716811892527741","0,680154873113345","0,516682347979913","1,31623838989172","0,145430482261315","-0,0282859688468888","-0,697089722225914","0,716887921237975","0,350682029582613","0,87310102999412","1,23448395338186","0,0945684339326635","0,0726292109967641","0,59643442555205","0,801268858791512","0,48144637644798","5,00759207496074","-0,73813710484829","-0,1848817065101","0,51741617756567","0,616049572908132","1,601229309545","1,04472268716528","0,095558737153688","-0,124072973525429","-0,827119671397346","0,987099393425034","0,503114461805171"
"0,252088157157087","0,547131571796882","1,86574959791708","0,626026598615888","0,409488197032745","1,16314887940247","0,880401642698647","0,962171225694941","0,930379654888705","0,100532774059723","0,863218268088979","1,64963200451563","0,20257287668453","-0,146953304547976","0,957967153778667","-0,840096898078296","1,34224417987501","0,548549372333676","-0,832823813709603","-0,890574735078166","-0,342889156985612","0,560721178822059","0,0905327511271594","0,576155261496319","-0,2748488522684","0,549968310220541","0,515422878560766","-0,73813710484829","2,38318525187039","-0,197928927787889","0,591889995422375","2,01538917551602","-0,0973810224588794","0,80463734652005","0,355333450494985","1,77438753112836","1,4885273390266","0,723388602175002","-0,101077482041142"
"0,00417027234856632","-0,259339036147889","-0,286636651851064","0,320785866418696","0,236608409122934","-0,224987953433077","0,604944277319466","0,634598724352579","0,235055830204532","0,153934573842688","-0,141819257945222","0,148234935243767","0,204348192763475","-0,198215773708378","0,183026669524903","0,411653813407446","-0,0624857214867616","-0,224381355803955","0,0301064270755995","0,273914080523158","-0,529156683943226","0,168934280478095","-0,0961103312141341","0,266423478314136","0,214741541553645","-0,165902537348182","-0,0117105848150181","-0,1848817065101","-0,197928927787889","1,36781276708558","0,368171088763474","-0,643321297000317","0,380157028317228","0,198771067297911","-0,166929077530761","-0,532827728512585","-0,463890862032709","-0,0856658126088059","0,118469586469356"
"0,261089559372874","-0,0120481946337365","0,901703687709348","0,396981464508472","0,286199401079042","0,346535538801071","1,01272103495714","0,264738013868208","0,603010897522703","0,85921696673029","0,401873241835203","1,03321535225214","0,503770565924152","-0,154738439350234","0,454074198392771","0,818320808244216","1,77917502656465","0,76482651559151","1,10093459191167","1,00732525170136","0,0854363126632017","1,12867729418112","0,518909880031001","0,646164462735222","0,99506077953536","0,527410036153977","0,318659899175842","0,51741617756567","0,591889995422375","0,368171088763474","2,05957196120289","0,015156911610669","0,998917958410176","0,468161911704478","0,669537363134381","0,198721702656607","1,42673373400227","1,18651679704442","-0,196409351992824"
"0,423419232708166","0,0941761032562009","1,9185078094539","0,891432488811609","0,60107042797377","1,10710543544576","0,0450793199935577","1,72704827247568","0,905862071091771","0,700772904162409","0,905344450151317","1,3399701508273","0,119364021312778","-0,425391341198906","1,72025095043199","-1,72612527261771","0,483395979146907","0,317704306475902","-1,83289625195147","-2,68481038757553","0,244799850664198","0,990467195856019","-0,614483058463415","0,683322085513231","-1,77762803274268","1,84047913836048","0,82562122082478","0,616049572908132","2,01538917551602","-0,643321297000317","0,015156911610669","5,88576383414622","0,173773390712699","0,181127632056042","0,644350367402651","0,60457604493293","1,23680889411812","1,04243534778439","0,622842729970759"
"0,337900110761155","0,135652497130036","0,208731711614294","0,991977205462531","0,698167027722275","0,243531021228862","0,250929162661233","0,652538235769772","1,09334655635226","1,55899925069288","0,137328708976554","0,445127527186722","0,0982331084882861","-0,0908248599793648","1,47332174994868","0,0241694944897045","0,107801744307378","-0,224370969756132","1,22577221195656","-0,421278044269426","-0,0419674497369945","1,60372876661892","0,9284196542512","0,462282021414991","1,36269189586104","1,82898829988399","0,584888091601868","1,601229309545","-0,0973810224588794","0,380157028317228","0,998917958410176","0,173773390712699","2,78124588731886","0,625454844454588","0,529268940532125","0,368546531174082","-0,0930858390888174","0,971346470207087","-0,449745623235932"
"0,150713009310628","0,428576669010532","-0,0825175940619157","0,37288057267626","0,517529471305338","0,576797417006746","1,11929127074199","0,586745322329922","1,26401224331343","-0,462044012668023","0,654362158325681","1,58448381857289","0,35987128997174","0,681713166652618","0,357387118063351","-0,136734924516931","0,725526622937237","0,673488320111926","0,826740672866644","0,0768494709245523","0,15323749193675","1,15494128302185","0,792480924809138","1,02117713961977","0,936607028489785","0,44122540170363","0,331634133770738","1,04472268716528","0,80463734652005","0,198771067297911","0,468161911704478","0,181127632056042","0,625454844454588","3,54260053680781","0,0832583432965623","3,59081983503887","0,290313903638482","0,526350882536336","0,307382458463462"
"0,246854780704413","-1,21747466864033","1,64567482712291","0,240676837820103","0,0489531145237016","0,104315750450751","0,826955394219262","0,598235608034419","-0,0924261572504525","-0,892138783925534","0,0568222096019906","0,866306476871543","0,0458345294003402","0,90843219497451","0,987259087362423","-0,818746338997754","0,160380105545913","-0,202451927501423","-0,645702028643699","-1,17182393184086","0,0368671772440943","0,747380112798545","-0,347992101466875","0,0640104902775158","0,337625425020884","0,601086142337199","0,544118187088227","0,095558737153688","0,355333450494985","-0,166929077530761","0,669537363134381","0,644350367402651","0,529268940532125","0,0832583432965623","5,52551231493292","1,23465842410279","0,709296513271965","1,19785640161104","-0,59021262014649"
"0,116432401975177","-0,103222655558804","1,00109861046261","0,612353534072227","0,259790842749014","1,72007384131052","1,55936880504245","0,949292841076076","1,28720096700787","-1,38353791899683","0,563623450002499","2,67150799938447","0,593193377189096","2,02034818915574","1,28830857484859","-0,598227393855808","1,17000239457853","0,680043558399267","-0,247702281199791","-1,68488210198685","-0,361858118446394","1,79773737642862","1,03970478121848","1,1769385069563","0,890734889271375","1,63543806668694","0,376057270290809","-0,124072973525429","1,77438753112836","-0,532827728512585","0,198721702656607","0,60457604493293","0,368546531174082","3,59081983503887","1,23465842410279","7,38449805025134","1,05754388525674","2,40192399196819","-0,379255577048043"
"0,21782095238996","0,252996998313738","3,57526781270079","0,934791361629329","0,238502421372361","1,30965989297438","1,72189162719743","1,38226886725734","0,682484130319738","0,613794028476839","0,052683647416954","1,63029534157151","2,61172857425364","-0,745514357571388","-4,41115105112675","2,64493551423878","6,08208127343772","7,17022907750149","1,97168062130626","-1,08169680969816","0,114651646230739","0,520945384807433","-0,849370141452087","1,14862993543027","1,63247674804849","-0,431825830090074","0,757979616439835","-0,827119671397346","1,4885273390266","-0,463890862032709","1,42673373400227","1,23680889411812","-0,0930858390888174","0,290313903638482","0,709296513271965","1,05754388525674","9,32653217807986","0,881851866193541","0,145566276539706"
"0,496343053771459","0,892273476144093","1,41217854192356","1,59552142845203","1,08597735947134","1,00103940787414","0,865896641477917","0,980252637530121","0,983380035630399","0,370008536256081","0,757098430622758","1,57311150841092","-0,0800258063779515","0,693467411786342","1,94776724819809","0,062006083633834","0,882452366882013","-0,150904134198509","0,63400021238724","0,71867178041222","-0,669820638662162","1,65169508513724","0,984924151304489","0,162415199863492","0,364644647808306","0,362130788436696","0,542420400934776","0,987099393425034","0,723388602175002","-0,0856658126088059","1,18651679704442","1,04243534778439","0,971346470207087","0,526350882536336","1,19785640161104","2,40192399196819","0,881851866193541","4,38531831423013","-0,0676795788465296"
"-0,0767937204725211","0,292110498314223","-0,0929679277910245","0,0653532481152805","0,105577745818062","-0,163954243721586","0,182403214201105","0,546357178145746","-0,1404293228843","-0,262866878406652","0,118856980772182","0,0814960709840091","-0,271073782915332","-0,353595658906401","-0,0381296269261689","0,195364947829221","0,0542833953311604","0,167597137724059","-0,0520053203677639","0,313847873939009","0,0451515956087389","-0,177437831506903","-0,756083925942168","-0,0935871739078799","-0,167736423868178","-0,246942413614853","0,0661373698792769","0,503114461805171","-0,101077482041142","0,118469586469356","-0,196409351992824","0,622842729970759","-0,449745623235932","0,307382458463462","-0,59021262014649","-0,379255577048043","0,145566276539706","-0,0676795788465296","1,20013347599967"
