"0,31283","0,45169","0,69645","0,34909","0,62013","0,51716","0,10345","0,28844","0,77402","0,72721","0,28833","0,48191","0,39447","0,55336","0,37318","0,33640","0,66036","0,46236","0,63534","0,30662","0,14664","0,64263","0,47230","0,56292","0,65135","0,58235","0,20209","0,42179","0,39460","0,23012","0,41055","0,31336","0,36366","0,15597","0,39050","0,20834","0,65511","0,33466","0,05875"
"0,45169","2,05207","1,47705","1,24320","1,37984","0,81270","-0,02566","0,64316","1,39433","0,99314","0,53159","1,09917","0,22449","0,90635","1,14166","0,47442","1,12761","0,82510","1,20974","0,27659","0,47177","1,59684","0,58382","1,24325","1,76152","1,63456","0,63042","1,29024","0,82469","0,35767","0,83981","1,02801","1,11611","-0,08877","1,01086","-0,41531","1,01862","0,49399","0,22697"
"0,69645","1,47705","3,29132","1,37247","2,08818","1,55509","0,12651","0,81088","2,23074","1,90792","0,79641","1,88420","0,83935","1,81653","1,53305","0,36345","1,15689","0,74553","1,02882","0,01952","0,19618","1,97202","1,43915","1,62164","1,88905","1,94429","0,53160","0,20639","1,03585","0,48204","1,07620","1,01374","1,16802","0,46939","1,57379","0,93671","1,37254","1,18440","0,08752"
"0,34909","1,24320","1,37247","1,99925","1,48924","0,78634","0,50575","1,14651","1,38463","1,60845","0,65215","1,06226","0,61461","1,03292","1,00148","0,52446","1,18420","1,02418","1,22593","0,39118","-0,23834","1,43187","0,68757","1,17630","1,50663","1,89794","0,61356","1,34290","0,77024","0,35516","0,86383","1,15303","1,10722","0,09916","1,31660","0,09154","1,39867","0,74010","0,15865"
"0,62013","1,37984","2,08818","1,48924","3,80399","1,52116","0,02786","0,94912","3,67117","2,23080","0,82720","1,36980","1,09547","1,82666","1,40742","0,84886","1,77057","1,13669","1,60173","0,54245","0,25755","2,01557","2,48709","2,28018","0,39011","1,12663","0,55349","1,24341","1,14046","0,48072","1,24106","0,98898","1,28958","0,61830","1,25158","1,06840","1,80265","1,26684","0,33286"
"0,51716","0,81270","1,55509","0,78634","1,52116","1,79917","0,55828","0,46422","1,71716","1,67495","0,53094","1,24590","1,09272","1,29893","0,75872","0,71014","1,18354","0,78061","1,05294","0,35600","0,57600","1,50503","1,16948","1,28062","1,28779","0,97506","0,18403","0,80210","0,63350","0,54594","0,91103","0,43905","0,66081","0,60747","0,57027","0,96561","1,36086","0,76576","0,23216"
"0,10345","-0,02566","0,12651","0,50575","0,02786","0,55828","3,59614","0,28247","0,10277","0,10683","0,20556","1,76979","0,79151","0,11141","-0,37832","1,02155","1,05659","1,09983","1,04472","1,07942","0,99739","0,71845","-0,17011","0,23833","0,76261","0,44837","0,20930","0,72290","0,04027","0,10936","0,28538","0,10544","-0,08738","0,14259","-0,83226","-0,08421","1,05740","0,08431","0,10937"
"0,28844","0,64316","0,81088","1,14651","0,94912","0,46422","0,28247","1,15080","1,28623","1,47402","0,66144","0,80192","0,75395","0,68648","0,55113","0,63079","1,24143","1,06343","1,19020","0,60523","-0,19171","0,95482","0,47305","0,74035","1,02911","1,37000","0,47199","0,88081","0,68740","0,39682","0,71006","0,76739","0,79106","0,01113","0,73763","-0,08421","1,31558","0,50343","0,10677"
"0,77402","1,39433","2,23074","1,38463","3,67117","1,71716","0,10277","1,28623","4,27084","3,08718","1,18194","1,79501","1,72870","2,13570","1,50698","1,30039","2,49463","1,80605","2,32040","1,02505","0,38774","2,44264","2,80663","2,47442","1,03736","1,81613","0,71617","1,44291","1,43319","0,77027","1,58102","1,22840","1,55382","0,68251","1,32342","1,14269","2,57994","1,43705","0,36495"
"0,72721","0,99314","1,90792","1,60845","2,23080","1,67495","0,10683","1,47402","3,08718","11,48150","1,05944","1,73708","7,56653","3,70286","2,01778","1,24428","2,39330","1,78658","2,24430","1,11445","0,68955","2,87475","1,68393","2,18791","2,16527","2,45345","0,72207","1,22076","1,41209","1,08130","1,88459","1,06197","1,31439","1,00389","-4,95777","1,09366","2,56845","1,24514","0,51503"
"0,28833","0,53159","0,79641","0,65215","0,82720","0,53094","0,20556","0,66144","1,18194","1,05944","1,27654","0,81822","0,51150","0,83723","0,48482","0,71748","1,26194","0,94886","1,19593","0,58398","0,12756","0,87764","0,59760","0,88129","1,19069","1,53348","0,43981","0,82048","0,66664","0,35905","0,65831","0,77712","0,87611","0,25400","1,41509","0,29080","1,32604","0,51533","0,20263"
"0,48191","1,09917","1,88420","1,06226","1,36980","1,24590","1,76979","0,80192","1,79501","1,73708","0,81822","2,93942","1,43947","1,49507","1,01405","1,07764","1,76596","1,48454","1,57377","0,83868","0,56185","2,06297","1,01357","1,54696","1,81301","1,76965","0,48332","0,71604","0,82564","0,42266","1,01733","0,94225","0,94353","0,44687","0,45716","0,54207","1,91139","0,98842","0,31545"
"0,39447","0,22449","0,83935","0,61461","1,09547","1,09272","0,79151","0,75395","1,72870","7,56653","0,51150","1,43947","6,31927","2,73032","0,20364","1,54336","2,11934","1,84277","1,74153","1,50463","0,56666","1,70187","1,03027","1,28444","0,93144","0,69836","0,23513","0,34688","0,60471","0,66349","1,01959","0,29686","0,38557","0,96127","-4,03891","1,11312","2,41739","0,86699","0,43380"
"0,55336","0,90635","1,81653","1,03292","1,82666","1,29893","0,11141","0,68648","2,13570","3,70286","0,83723","1,49507","2,73032","3,51497","1,18991","0,85064","1,55239","0,91188","1,07181","0,34769","0,40281","2,01382","1,45006","1,79675","1,43196","1,64128","0,48230","0,59961","0,92531","0,77107","1,26106","0,96919","1,05105","1,22265","1,37998","2,04162","1,69996","1,36656","0,40174"
"0,37318","1,14166","1,53305","1,00148","1,40742","0,75872","-0,37832","0,55113","1,50698","2,01778","0,48482","1,01405","0,20364","1,18991","3,30827","-1,68929","-1,16182","-1,71377","-1,48221","-2,13742","-0,21036","1,48808","0,95828","1,23391","1,16478","1,70299","0,54178","0,84006","0,73790","0,35824","0,83096","1,16748","0,84861","0,43921","0,68725","0,61493","-1,02568","0,71051","0,08169"
"0,33640","0,47442","0,36345","0,52446","0,84886","0,71014","1,02155","0,63079","1,30039","1,24428","0,71748","1,07764","1,54336","0,85064","-1,68929","4,81489","5,49717","5,31157","5,66696","4,92785","0,98938","1,55353","0,58335","1,08620","1,80701","1,38777","0,52363","1,58992","0,79471","0,40232","1,00887","0,81136","1,00406","-0,27601","0,80285","-0,26432","5,00511","0,27981","0,18859"
"0,66036","1,12761","1,15689","1,18420","1,77057","1,18354","1,05659","1,24143","2,49463","2,39330","1,26194","1,76596","2,11934","1,55239","-1,16182","5,49717","7,37828","6,59414","6,92793","5,77542","1,05958","2,59411","1,20422","1,95464","2,97624","2,53999","0,97624","2,36419","2,10087","0,83309","1,82686","1,58171","1,71547","-0,24371","1,84632","-0,36542","6,59962","0,73752","0,16463"
"0,46236","0,82510","0,74553","1,02418","1,13669","0,78061","1,09983","1,06343","1,80605","1,78658","0,94886","1,48454","1,84277","0,91188","-1,71377","5,31157","6,59414","6,89917","7,14822","5,98436","0,74207","1,98601","0,88146","1,41325","2,86642","2,25049","0,83519","2,00024","1,38192","0,66280","1,20197","1,33254","1,55211","-0,51247","1,16658","-0,76587","6,35106","0,43737","0,21118"
"0,63534","1,20974","1,02882","1,22593","1,60173","1,05294","1,04472","1,19020","2,32040","2,24430","1,19593","1,57377","1,74153","1,07181","-1,48221","5,66696","6,92793","7,14822","8,68793","6,46938","1,06544","2,38691","1,14417","1,62217","3,79827","2,73893","0,99648","2,23965","1,47768","0,82475","1,41562","0,62721","2,12374","-0,65829","1,05982","-0,96592","6,55386","0,49145","0,30458"
"0,30662","0,27659","0,01952","0,39118","0,54245","0,35600","1,07942","0,60523","1,02505","1,11445","0,58398","0,83868","1,50463","0,34769","-2,13742","4,92785","5,77542","5,98436","6,46938","6,68916","0,66177","1,09354","0,50048","0,71869","1,62644","1,35894","0,49508","1,39483","0,89709","0,35505","0,65116","0,77796","0,30175","-0,71536","0,29070","-0,98247","5,30704","-0,05624","0,08157"
"0,14664","0,47177","0,19618","-0,23834","0,25755","0,57600","0,99739","-0,19171","0,38774","0,68955","0,12756","0,56185","0,56666","0,40281","-0,21036","0,98938","1,05958","0,74207","1,06544","0,66177","1,86391","1,05830","-0,10210","0,49008","1,01809","0,38133","0,18664","0,68046","0,20537","0,36602","0,50284","0,00408","0,24430","0,06665","-0,77853","-0,11785","0,58391","-0,05495","0,27997"
"0,64263","1,59684","1,97202","1,43187","2,01557","1,50503","0,71845","0,95482","2,44264","2,87475","0,87764","2,06297","1,70187","2,01382","1,48808","1,55353","2,59411","1,98601","2,38691","1,09354","1,05830","3,09724","1,34812","2,28601","2,61355","2,42018","0,86405","1,68354","1,27062","0,75766","1,51981","1,44741","1,56952","0,40761","0,95302","0,45172","2,42201","1,06009","0,37442"
"0,47230","0,58382","1,43915","0,68757","2,48709","1,16948","-0,17011","0,47305","2,80663","1,68393","0,59760","1,01357","1,03027","1,45006","0,95828","0,58335","1,20422","0,88146","1,14417","0,50048","-0,10210","1,34812","2,41409","1,45244","0,16567","0,76516","0,29234","0,58241","0,72884","0,37262","0,79048","0,53330","0,74218","0,66293","1,01682","1,33277","1,48649","1,02426","0,20380"
"0,56292","1,24325","1,62164","1,17630","2,28018","1,28062","0,23833","0,74035","2,47442","2,18791","0,88129","1,54696","1,28444","1,79675","1,23391","1,08620","1,95464","1,41325","1,62217","0,71869","0,49008","2,28601","1,45244","2,71981","1,39811","1,76390","0,44756","1,15332","1,04904","0,50036","1,26785","1,33572","1,30498","0,63464","1,28107","0,68815","1,89539","1,14188","0,40808"
"0,65135","1,76152","1,88905","1,50663","0,39011","1,28779","0,76261","1,02911","1,03736","2,16527","1,19069","1,81301","0,93144","1,43196","1,16478","1,80701","2,97624","2,86642","3,79827","1,62644","1,01809","2,61355","0,16567","1,39811","6,25303","3,75478","1,09021","2,22656","1,40982","0,97244","1,42810","0,24657","1,83882","-0,31514","1,49258","-0,38049","3,03662","0,64736","0,28663"
"0,58235","1,63456","1,94429","1,89794","1,12663","0,97506","0,44837","1,37000","1,81613","2,45345","1,53348","1,76965","0,69836","1,64128","1,70299","1,38777","2,53999","2,25049","2,73893","1,35894","0,38133","2,42018","0,76516","1,76390","3,75478","5,21419","1,03817","2,55223","1,36512","0,58682","1,37809","2,40429","2,16303","0,04975","2,50452","-0,04076","2,61116","0,90637","0,37542"
"0,20209","0,63042","0,53160","0,61356","0,55349","0,18403","0,20930","0,47199","0,71617","0,72207","0,43981","0,48332","0,23513","0,48230","0,54178","0,52363","0,97624","0,83519","0,99648","0,49508","0,18664","0,86405","0,29234","0,44756","1,09021","1,03817","0,65049","0,86134","0,53082","0,24667","0,47993","0,76763","0,67263","-0,15152","0,70384","-0,23463","0,94647","0,21603","0,05481"
"0,42179","1,29024","0,20639","1,34290","1,24341","0,80210","0,72290","0,88081","1,44291","1,22076","0,82048","0,71604","0,34688","0,59961","0,84006","1,58992","2,36419","2,00024","2,23965","1,39483","0,68046","1,68354","0,58241","1,15332","2,22656","2,55223","0,86134","3,48703","0,80445","0,30269","1,07261","1,80213","1,34002","-0,07738","1,21655","-0,26724","2,19139","0,35057","0,25220"
"0,39460","0,82469","1,03585","0,77024","1,14046","0,63350","0,04027","0,68740","1,43319","1,41209","0,66664","0,82564","0,60471","0,92531","0,73790","0,79471","2,10087","1,38192","1,47768","0,89709","0,20537","1,27062","0,72884","1,04904","1,40982","1,36512","0,53082","0,80445","1,55300","0,58672","0,95075","0,89625","0,86609","0,00094","1,13552","-0,13894","1,69221","0,50386","-0,04267"
"0,23012","0,35767","0,48204","0,35516","0,48072","0,54594","0,10936","0,39682","0,77027","1,08130","0,35905","0,42266","0,66349","0,77107","0,35824","0,40232","0,83309","0,66280","0,82475","0,35505","0,36602","0,75766","0,37262","0,50036","0,97244","0,58682","0,24667","0,30269","0,58672","1,09432","0,68896","0,13470","0,37881","0,22732","0,54672","0,27928","0,91059","0,33827","0,09646"
"0,41055","0,83981","1,07620","0,86383","1,24106","0,91103","0,28538","0,71006","1,58102","1,88459","0,65831","1,01733","1,01959","1,26106","0,83096","1,00887","1,82686","1,20197","1,41562","0,65116","0,50284","1,51981","0,79048","1,26785","1,42810","1,37809","0,47993","1,07261","0,95075","0,68896","1,39868","0,75916","0,90505","0,41264","0,97432","0,48292","1,75929","0,70629","0,19688"
"0,31336","1,02801","1,01374","1,15303","0,98898","0,43905","0,10544","0,76739","1,22840","1,06197","0,77712","0,94225","0,29686","0,96919","1,16748","0,81136","1,58171","1,33254","0,62721","0,77796","0,00408","1,44741","0,53330","1,33572","0,24657","2,40429","0,76763","1,80213","0,89625","0,13470","0,75916","3,83456","1,20751","0,00558","1,77690","-0,07850","1,51976","0,56374","0,12049"
"0,36366","1,11611","1,16802","1,10722","1,28958","0,66081","-0,08738","0,79106","1,55382","1,31439","0,87611","0,94353","0,38557","1,05105","0,84861","1,00406","1,71547","1,55211","2,12374","0,30175","0,24430","1,56952","0,74218","1,30498","1,83882","2,16303","0,67263","1,34002","0,86609","0,37881","0,90505","1,20751","2,04661","0,10780","1,58570","0,03715","1,76258","0,74825","0,27102"
"0,15597","-0,08877","0,46939","0,09916","0,61830","0,60747","0,14259","0,01113","0,68251","1,00389","0,25400","0,44687","0,96127","1,22265","0,43921","-0,27601","-0,24371","-0,51247","-0,65829","-0,71536","0,06665","0,40761","0,66293","0,63464","-0,31514","0,04975","-0,15152","-0,07738","0,00094","0,22732","0,41264","0,00558","0,10780","1,73903","0,45124","2,03703","-0,10567","0,41085","0,21926"
"0,39050","1,01086","1,57379","1,31660","1,25158","0,57027","-0,83226","0,73763","1,32342","-4,95777","1,41509","0,45716","-4,03891","1,37998","0,68725","0,80285","1,84632","1,16658","1,05982","0,29070","-0,77853","0,95302","1,01682","1,28107","1,49258","2,50452","0,70384","1,21655","1,13552","0,54672","0,97432","1,77690","1,58570","0,45124","12,33817","0,59291","2,36376","1,23157","0,10397"
"0,20834","-0,41531","0,93671","0,09154","1,06840","0,96561","-0,08421","-0,08421","1,14269","1,09366","0,29080","0,54207","1,11312","2,04162","0,61493","-0,26432","-0,36542","-0,76587","-0,96592","-0,98247","-0,11785","0,45172","1,33277","0,68815","-0,38049","-0,04076","-0,23463","-0,26724","-0,13894","0,27928","0,48292","-0,07850","0,03715","2,03703","0,59291","4,72018","0,25082","1,21986","-0,22416"
"0,65511","1,01862","1,37254","1,39867","1,80265","1,36086","1,05740","1,31558","2,57994","2,56845","1,32604","1,91139","2,41739","1,69996","-1,02568","5,00511","6,59962","6,35106","6,55386","5,30704","0,58391","2,42201","1,48649","1,89539","3,03662","2,61116","0,94647","2,19139","1,69221","0,91059","1,75929","1,51976","1,76258","-0,10567","2,36376","0,25082","7,04606","1,17983","0,31212"
"0,33466","0,49399","1,18440","0,74010","1,26684","0,76576","0,08431","0,50343","1,43705","1,24514","0,51533","0,98842","0,86699","1,36656","0,71051","0,27981","0,73752","0,43737","0,49145","-0,05624","-0,05495","1,06009","1,02426","1,14188","0,64736","0,90637","0,21603","0,35057","0,50386","0,33827","0,70629","0,56374","0,74825","0,41085","1,23157","1,21986","1,17983","1,38906","0,14948"
"0,05875","0,22697","0,08752","0,15865","0,33286","0,23216","0,10937","0,10677","0,36495","0,51503","0,20263","0,31545","0,43380","0,40174","0,08169","0,18859","0,16463","0,21118","0,30458","0,08157","0,27997","0,37442","0,20380","0,40808","0,28663","0,37542","0,05481","0,25220","-0,04267","0,09646","0,19688","0,12049","0,27102","0,21926","0,10397","-0,22416","0,31212","0,14948","0,80456"
