"","Species","ISPM","ISNSL","ISPNS","PMZS","PMZI","PMMT","NSLNA","NSLZS","NSLZI","NABR","NAFM","NAPNS","BRPT","BRAPET","PTFM","PTAPET","PTBA","PTEAM","PTZYGO","PTTSP","FMZS","FMMT","ZSZI","ZIMT","ZIZYGO","ZITSP","MTPNS","PNSAPET","APETBA","APETTS","BAEAM","EAMZYGO","ZYGOTSP","LDAS","BRLD","OPILD","PTAS","JPAS","BAOPI"
"1","Cercocebus_agilis","2.68857247250707","5.63347318394141","10.8326975295808","7.55508906548462","6.50076701941346","5.46277290074962","4.74872441224781","4.46822544723189","4.19145841928219","2.2682745072406","2.67700889015604","4.65712568415218","1.09347863449684","3.47422116881976","3.34129540184177","2.93071200894827","4.76723407540256","3.64016034947792","4.00957831750441","1.4090309580503","-0.182007911338591","5.70900120473532","1.96007292503266","2.50211947780436","4.24155344919657","3.73424745671299","2.74662770370028","1.82186058168044","2.71097003277439","0.933147884924175","3.69068230162256","3.35621687232069","3.28148267721469","0.0735001907718456","3.24856239659015","1.82811301920922","3.84146651139597","2.93028206982023","0.258403130127185"
"2","Cercocebus_torquatus","2.54369453594246","5.54870994991466","12.4188094133031","10.6732868080533","9.2228617893985","7.75541565121186","8.08826176025983","7.54456689213171","7.19020249871516","3.39311966547077","2.94471826522908","4.17237369429967","0.601311174215994","2.56725068183615","3.49248656024894","2.78502814832635","4.80892767362609","4.98181795595235","4.93793893084898","0.997343443486944","-0.0524024702554016","5.99042986126565","3.05461755823884","3.48115658359954","4.49817170117251","4.72337104995389","2.62642198120788","2.0695036499921","3.19468728489229","1.12378318136065","5.20524610676063","4.55410280643143","5.03303787166492","0.405740375977345","1.16612950800555","1.17541569992913","4.05803533944847","3.5524042287007","0.96121955523504"
"3","Cercopithecus_ascanius","0.741078703742037","2.65280981907536","4.80453064346256","3.11547204723146","2.88022189864156","2.7545098881092","1.49545551831544","1.2577114067176","1.86652861852824","3.57829854458389","1.52782097266535","2.27703430181774","1.63317825303587","2.53445279778837","2.45789846256425","1.49592413599592","2.92510456597711","1.64131959846544","1.26146405374799","-0.232937090948082","1.05146075064869","3.09688154908695","0.971656826766175","0.964809403105859","2.710479444945","3.03635263288396","1.59146439913012","1.56005164229137","2.0325827394207","0.607810177987133","2.45657226762276","2.26764775891069","1.43588316339382","0.509101070887709","0.144387943031425","0.543696207908582","1.89926376418325","-0.620851846821115","0.99805521723267"
"4","Cercopithecus_campbelli","1.16291733570613","2.80294553811407","5.69305802150019","4.47630383114053","3.50621319358185","2.96323273241629","3.75562565475946","2.13475683043185","3.25800276273376","2.64115838317334","2.16307388227172","2.58602464158086","1.453404456583","1.87835390950721","2.29429819462887","0.939142752618533","3.42460552104046","3.34706883744549","2.64965847181331","1.51961073127955","0.576718190342598","3.57960040658261","2.02349296003503","1.05840041813463","4.79608781960717","3.59447456501812","2.9657602398558","2.757965969762","2.96112918649926","0.777964456708418","2.99421985476787","1.75158785892011","1.05613551859773","0.56774364572215","1.69970382892783","0.686683532897629","3.19227203563788","-0.641352118834412","0.44850341728084"
"5","Cercopithecus_cephus","0.88208904599656","2.15333723039942","5.45297727858009","3.72371066266332","3.61810952070556","2.99281714625668","2.77204899782377","2.02503719698366","2.71197309336018","2.03897431683562","1.81760320674287","2.68160168498113","1.22905359976783","1.98240899602492","3.16189415632314","0.519588416126307","2.35006764457431","1.25781737065034","1.36739281944632","-0.691147845547534","0.434044379971757","2.61792945477539","1.51820873423899","0.668445278548511","3.37534501973668","3.53171307891324","1.6312798243282","1.37013645727235","2.67898914175723","0.768794780816433","2.65779659328224","1.63614569172891","2.51766381206779","1.13965943156483","1.09962828670402","1.62509311889679","1.36380582403672","0.241890154960984","0.104595305824574"
"6","Cercopithecus_diana","1.27062151870538","5.00823623561917","6.14811860395677","4.79227879423609","4.47498833508525","3.20814983258128","2.49621096175659","2.13896079684967","3.03158823972242","2.40951340397793","2.04708722506294","2.22954276408884","0.847573117696186","1.54218471792678","2.73318399478909","0.929136998744067","2.62592799149002","2.06649532630122","2.39574196813791","-0.114326485450898","0.978957488089771","3.59175920283443","1.35199312955577","0.841685661991685","3.27050965416171","3.19583049277869","2.58074870208502","2.46572679398201","2.58166052989732","0.989432374837046","2.17934621900046","2.11210536455295","2.30960386568099","-0.103488135236319","0.603311351688852","0.166125306960701","2.3425141863582","-0.383733134884228","0.931961046148377"
"7","Cercopithecus_hamlyni","1.28716049524459","3.04244292394039","6.42726345554578","5.51733229101168","4.58446103457205","4.34631356933828","3.84880519312309","3.0386484968898","2.82660904943268","2.59614868027808","1.14230028379877","2.63172914658753","1.37165041146054","1.9998515223351","2.88202541331107","0.707472611850061","2.200179351865","2.2090717296531","1.85255326122084","-0.253585607055728","0.240358123448665","3.82641227373916","1.38569635551694","1.26005986421982","3.24850639567656","3.26676563501164","1.53057327530357","1.54205836011831","2.33431688569168","0.942392594157779","2.52211395983358","2.65004622299903","2.10361212167902","0.728215822734622","1.5386450440751","1.0659834255593","2.07972016817891","0.375109331357837","0.800231870072402"
"8","Cercopithecus_lhoesti","1.88063875690744","5.20945091174499","7.95502548646947","7.27266264675882","6.44449520554998","4.87041811313876","4.60783509857253","4.07238844406088","4.60933132129852","3.08398941699183","2.39173010328562","3.31898113861343","1.08374436300482","2.27297562164755","2.13605639284105","2.07663834275299","3.72137305175646","3.97864396330322","3.89236338719174","0.98094569564809","0.791120563028519","5.18383298947485","2.04450950348507","1.43784437008398","4.74994244395811","3.08900939510711","2.52017667969479","2.8108372224714","2.33799393272646","0.757535351454646","3.5549836028691","2.8084565935482","2.89158708698917","0.656477766210315","2.30094980462438","0.914230183774031","3.7306188970507","0.0537347799737198","1.11782759920528"
"9","Cercopithecus_mitis","1.39183736250276","3.66565137961735","7.44896984204276","4.99088622917692","4.56068832941838","3.82046594915298","2.43272631666042","3.33556692920321","3.42732891684413","4.46670946845046","2.02701773100632","2.67237633559481","1.68934543334294","1.544420060061","2.54615992734505","1.0585673820619","3.23675528892204","3.14863083054302","3.15104922467076","0.441052579047815","0.453234568504477","4.28765003564537","1.39232275573071","1.1655564036378","4.15587361534886","4.58217041992982","2.75470392390963","1.77715544500009","2.34822249676231","0.826908629943482","2.54877691666102","2.71100098762174","2.15278804755015","0.591268288252248","0.891514652776237","0.672939150100373","2.75621865018749","0.0258351700557604","0.345448165038995"
"10","Cercopithecus_mona","1.60572170763319","3.68482593530025","7.01749549274753","5.00338788824456","4.68851362853109","4.18827347912966","3.18614567382583","2.4468941660307","3.62022709395853","2.96354172172663","2.12487310059392","3.15788434242263","1.27144653056311","3.00454451234381","2.97359459310138","1.41630536062482","3.94292556212402","3.33695261531121","2.63844843172015","0.425960479741564","0.343568884489974","3.77029148348549","2.27372627933196","1.3522007749539","3.65289624100656","4.20710851143652","2.33892372981265","1.89968158452012","3.28574098345915","1.32373985544366","3.46443231656754","3.03165626074502","2.18607093510888","1.35016864522158","1.32625744581704","1.61984300635926","2.5215796391959","0.197322806452107","0.912074508535424"
"11","Cercopithecus_neglectus","1.17709646494461","4.29071481091097","7.48181097964454","5.6473489396753","5.30592137526559","3.84093556550878","2.43546444430359","2.70316715031814","3.67222125243838","2.94146764179536","1.33509987214963","3.38569744871675","1.56147230892729","2.3133119773706","1.65589702761725","0.5784322748212","2.96287702483173","3.03473819752317","2.93446008808862","0.543892733158583","-0.0347641613250804","4.43611309209408","2.20335285998187","1.22649271711485","3.50254294857902","4.43003970512336","2.49987168556863","1.18216025311386","2.87048669086634","1.13376924342708","2.8786776920254","2.31262564052827","1.40886594571997","0.844528366319039","1.19104326352716","1.76031797527646","3.56460344326348","0.595065452901334","0.263576500927947"
"12","Cercopithecus_nictitans","1.08614181191206","3.18151994170391","6.88677560900391","4.58272499020874","4.58370300918607","3.48830664193116","2.78256880872723","3.10770928427028","3.14119512717213","3.09443275559429","1.63181370694193","1.70044133252552","1.06630063276702","1.86134118654379","2.67782258521604","1.30492262380737","3.56914680521241","2.39046120320138","2.25643048222535","1.19329149258223","0.365581226210617","2.62840656707728","0.771661814504803","1.00658570097622","2.56523825030125","2.68697746868817","1.95759417292263","1.00312313978621","3.3647257092293","0.54359435819449","2.18399703348028","2.86037006767672","2.40507955480723","1.52856140424341","1.32104637478956","1.44433361802035","2.1996214714322","-0.195283954930318","0.764161588704093"
"13","Cercopithecus_petaurista","0.956116857154953","2.88670111278591","4.23638817876031","3.17868096464246","2.93922658640412","2.01051373723809","2.40688137814504","2.02885096589943","2.58140340744562","1.70562371370574","1.0884474318554","1.80198846614552","1.04272702694464","1.97985430707933","1.17052455097413","0.698176885565061","2.0691110285141","1.83977508310922","1.39023001023047","0.486763912568034","0.794794723837496","2.46663138102639","0.959576318088773","0.516935660945785","1.72608896282755","2.12300495507254","1.33384830833883","1.09608660285817","2.00190683026353","0.533059599689935","2.02768947540294","1.51931480802292","1.13432262106817","0.673640553298174","1.43003917643084","1.00940605716305","2.10990962516938","0.488411123384328","0.466913461524106"
"14","Cercopithecus_pogonias","0.518430763583845","1.82771586480032","2.91444492655448","2.07606800853811","2.09010432817434","1.58665381131006","-0.0726162921354021","1.43944510173537","1.64121981245125","2.6419783482726","0.872695854171937","0.78263389545182","1.62024173184685","1.54288900738147","1.42845478806415","0.597071548029994","1.53249414998991","1.04342623113669","1.54667346279629","0.732381522344409","-0.508736647621182","1.58332505918564","0.794846286831827","0.570017046358156","1.34982018409636","1.54711020935628","1.02201808082527","0.94223671945819","1.38200147481567","0.305331101251063","1.40859755658218","0.832292509295371","1.21675063242103","1.47348889290865","-0.201740959920038","1.28019939663788","0.955030905829368","0.0291717158591389","0.29164625438651"
"15","Cercopithecus_wolfi","0.70398228876536","2.81966542289342","4.69731978734462","3.13160804488956","3.22694483986078","2.6208198179944","1.79757711054934","2.3153006649651","2.36054648467603","1.908539000589","1.60956298339745","1.75743686370684","1.32043697710732","2.09510543886055","1.62671353063471","0.561665144840276","2.18114933816935","2.53309271627762","2.12363758882274","0.0760360861131995","-0.174371342852899","2.64693795339326","0.66023909846076","0.920168290773898","2.99348293105797","1.68389793911815","1.84044479647386","1.23016320346412","2.05464228130544","0.29093175599923","1.84435488778563","1.21331769516067","2.03242951900224","0.436221638721605","1.90022169457846","1.19124520932644","2.05743667518718","0.051433504695364","0.67926517787221"
"16","Chlorocebus_aethiops","1.15127248896746","3.85005558993357","6.65407204495474","4.7436428747937","4.48212890212174","3.76303998293898","3.04725438179971","2.7735066347603","3.51542990222275","3.8653784449793","2.90954010256963","3.21552707864831","1.80287999098097","2.55447475378938","1.71437857997666","1.07953194213563","3.03813555734271","3.1275498600005","2.81749075232847","0.439542106316626","1.78044100211005","4.27528145725105","1.37906074316395","1.1213484802642","4.54822584151342","3.43113396429359","2.58536094261269","2.09755757029325","2.44046917018969","0.959659339016957","3.02151787359757","1.94807039116398","2.83052654596755","1.4437695429061","1.709850106542","2.32642000048282","3.12906762253531","1.06482038732672","0.494420897632578"
"17","Colobus_angolensis","1.20819619775579","2.05763582664894","2.65509455882403","3.21086130145201","3.05223922210765","2.21659173088158","1.30271775855473","1.21950165378887","1.50950171134465","2.84938405271965","1.35729536191019","0.259918539891245","2.37478363929057","1.71520130628905","0.266613712580803","0.462721911401133","2.6050872787019","2.60115200774529","1.7995450926599","2.05946379077393","0.145572572941987","2.11838279982845","0.767016154293318","0.433325348027545","2.71631289813091","0.997245978100608","1.29761506120897","2.20098393397738","2.15111533834476","1.27629588075952","2.38653388816887","1.10264023791771","1.28182937867903","2.37458863974767","0.138316025440453","2.79355287496037","4.35248611170617","2.3441742702255","-0.0705828211889941"
"18","Colobus_guereza","1.07610133839635","3.2476370831521","5.22315952908831","3.53585638465615","3.91174158732791","2.82622767019112","1.5147130433671","1.15383322370952","2.03668142401122","1.68618034400493","1.4743109191827","2.08969682589898","0.897138398255812","1.46250260826582","1.97659532990216","0.879236140396685","2.4224450528806","2.16739291591863","2.11515595143612","0.399743959229996","0.708893096645184","3.3358884278347","1.01718770463133","0.956780671186831","3.07115903128435","2.21289237533779","2.38330625478715","1.48765612764361","2.36404987031479","0.605321417835635","2.45043733049807","1.2158782516211","1.86777984960565","2.0777891012715","0.343717995839761","2.11382992185271","2.76427911859767","2.17688260154017","0.255837230865662"
"19","Erythrocebus_patas","2.20978801587471","8.38850612192218","12.1689435085834","12.2699734150614","10.5031203627703","7.21816117819307","5.66549820209165","6.71286358732307","7.60180975838132","6.58124012492117","4.54648992745717","7.6812016398313","1.43552605388944","3.8221274516974","3.73192472338163","2.75408247625582","6.13262050374816","5.60386438107055","6.42216119862757","2.15661514991157","1.06155152282184","8.05369463149763","3.66994590056586","3.46047990592076","6.90301541500819","6.139983036285","4.11357037918026","4.46567439463638","4.75044706452565","1.66610909490763","5.59118100595596","2.24257921317934","4.91242653520333","1.15885753396933","2.2722760067013","1.29776069599058","5.68693153588716","-0.12347015482019","1.23576373760658"
"20","Gorilla_gorilla","2.86774844896338","12.0960009737777","19.2698447030188","17.1328450525021","13.9083773659385","12.0738125641553","5.7030297831375","7.90380584347341","9.94533674017769","14.2840468170985","6.83422603679243","12.935977053193","8.85875838257601","15.7844421054376","11.2019549486562","4.63597231424309","7.83390775807895","7.41874859514134","11.2284808227716","2.32373425150688","2.36649934856963","16.454390478032","7.4611956719719","8.13231374649895","11.9871447919189","14.9632580679096","6.75526541158107","9.14251591690438","7.68925639498421","0.936419205648502","9.81203181445968","7.50462293886729","11.4178396074939","21.761963075152","16.5248779681382","26.6581940870063","13.8620386104443","16.8745185900788","2.05450249899283"
"21","Homo_sapiens","0.491935541866029","4.3464418979942","1.54248681879518","2.44674630575604","0.728944180858349","0.692065777324849","0.285356889611322","1.73231991931155","3.96467784534465","4.60677917199676","2.2972505609729","4.67993381446315","3.99058350221001","4.02788441431693","1.76230846895168","2.40420234820672","2.87283295476421","1.76468468278114","1.88927995742542","1.5996194117937","0.967582713078905","3.54722058791346","2.26161720381736","1.37993396807342","2.05116957862698","4.51369634765135","1.40739708835428","0.898466130424669","0.346437761692215","1.82458328252455","2.64145216369052","1.65244973673597","2.40250757707784","2.64965751494995","3.8879091852734","1.41666922296361","4.07629186768001","1.99497404690692","1.93984995127043"
"22","Hylobates_agilis","0.506429264820019","0.515710914446899","1.29364968740907","0.49140115990161","1.31815989429934","1.84073826635932","0.0213770224106664","0.41144308083943","0.611324297194074","-1.40269042103601","0.610813481309521","0.589411706526537","-0.374047716144929","0.373737741447165","1.40296922518528","1.16040732888049","0.532779063099781","-0.00302998452963621","0.149393899705338","-0.935286919076642","0.478585394513104","1.3694673707263","0.386488467126703","0.543512370541269","1.07473632085321","1.18846771740071","0.45591740464738","1.04273779174254","-0.360079684545362","0.168088889263617","1.33083193549459","0.508586221458771","0.803575543523184","0.206364938711417","2.60556450356723","1.86865657351934","0.822653192761848","-0.724249638740034","0.230478283199574"
"23","Hylobates_lar","-0.105521709693708","0.767561969054917","0.273305045541107","0.799535199215185","0.228388809922194","0.536906362898513","-0.16822927206406","0.282254876513797","0.309864486714815","-0.155179589998191","0.527871685681806","-0.384787162230573","-0.280076257617864","0.144048689481238","-0.241038964535797","0.651368840263171","0.497456516982041","0.384179305557492","1.26894025324532","0.671094114008816","-0.00984696317867417","0.343687392558856","0.0696878741263234","0.300402521925365","0.741189338611566","1.01169304790099","0.337334459234564","-0.0806931809481384","-0.0286694801105689","0.150465982470402","0.170111745158628","0.286867535923175","0.699830192655956","0.422835718769996","0.758454313749827","0.0921634788968149","-0.123658997883069","-0.153786405946949","0.323721298762916"
"24","Hylobates_muelleri","0.664768981618163","0.63729713634881","0.218994417526019","1.22145614461939","0.400840667946323","0.331766449956461","0.763749150566538","0.0340858377338407","0.638222476275025","0.130172194868734","0.275980170773046","-0.785805843843512","-0.348171838590225","-0.300644527675615","0.934045850132499","-0.278311988412252","0.299331875116337","-0.165457407328699","0.807168178705052","-0.179069157418383","-0.360786966487456","0.642588962453331","0.29343242450134","0.624929203527296","1.60587635011663","0.230950344304048","0.635276623534276","1.78101285390342","0.286451972832698","0.499607358502509","0.810796710841004","0.0185468970690224","1.35883431662023","-0.77870402468491","-0.682084337359715","0.0542050975012174","0.217891497148315","0.191811118931621","-0.102746498976693"
"25","Lophocebus_albigena","1.27923935664485","3.32988028841902","6.32346599400105","5.2698312026626","3.86629170434671","3.65865534597622","2.38870230951435","1.99602519919001","2.59157018414588","2.92308322645295","1.53416895291306","2.50044489979504","0.947183351388851","1.367491725254","2.08354638091072","1.45833254234592","2.47975745347797","2.16197688623771","2.1044325176575","0.36599375575347","0.706283032534371","3.58524052143613","2.21424748669098","1.31898974314994","3.13806445363552","2.18901003957025","2.32551103347116","1.76790278818576","1.35730347477959","0.500341319970309","2.41230768906711","1.66064643913728","1.89172266912155","0.196710938251474","1.19304441185324","0.0372113626713144","2.34479689771639","1.7677884052955","0.692603832185981"
"26","Macaca_assamensis","3.01289804199937","6.76961468247255","13.4649751771892","11.4448681505003","9.73947872988255","6.72508409538273","5.91600025149065","5.73066355331432","6.26664057157279","4.54114394440015","2.93086469316924","4.94125491459765","0.933616228854063","3.99150622509431","4.27758281980084","2.52928332247166","4.26208820406968","4.09684214370694","5.95384410371967","1.46805826231128","2.16182928023477","8.90571863954667","4.15089283288555","3.05974278455716","5.16000800275305","4.98793986196455","5.82726513948379","3.69197672113669","2.86668467030998","0.525388748550865","4.48609296445988","3.41431092993037","5.05572039856417","3.39865101327234","0.744019033389449","3.93934083556549","4.2029288347214","4.86431305845906","0.744315910234072"
"27","Macaca_cyclopis","1.79508103284978","2.42161952415928","6.89390733994236","5.46349571496823","4.7514967929996","4.57654139738852","5.22922026452244","3.33597277265106","3.37017148531766","2.01230157951901","1.5782808223519","2.94369164707238","1.76215796872279","1.78254997756803","1.70091451582845","0.391950151490374","1.81521597671783","2.27188535095544","2.03037475855591","-0.215090647114538","1.24014051478501","4.74655079726464","2.1568988861854","1.38098039981934","3.93200868314656","2.4164768133316","1.20963666549355","2.04126402469045","1.95856465260319","0.724241712615513","2.66003682182934","2.1943121862635","2.69870389340578","0.211678502166784","-0.460121642591716","1.15981447045972","2.14141138782712","2.75604305588579","0.321674815345576"
"28","Macaca_fascicularis","2.28350070231379","4.55928300082417","9.70487919854077","8.29896332182286","6.81575553671515","5.51883214461316","5.57770215833647","4.70704184081636","4.6215857112288","2.40433868205793","1.93989385628851","3.73655558687705","0.663252641190638","2.56218994580099","2.90845890647183","1.47361183688518","3.14050994968984","3.14089117656506","4.10827014407467","0.460474075110316","1.23139984201744","5.83613247543021","2.50998986910386","2.17464146468608","4.23369006852877","3.55841690240591","2.91799316136361","2.32314271936071","2.57155991660514","1.22292427806169","3.43349646995769","3.11671486502205","4.09606452695449","1.50778720363202","0.891592647901071","2.07968600857535","2.92607249691932","3.21257599379535","0.198981417153922"
"29","Macaca_fuscata","2.03954076346028","3.43197828286897","8.56077609611199","6.25476018942156","4.54919990778019","5.52172804291126","4.4214350074826","4.26101343950699","3.08940213697496","2.58675772564754","1.95183681706291","3.00990028560394","1.6621692611491","1.99811967617381","2.46663491396239","0.608151053095696","2.12804563959951","2.22283700119063","2.85909319331646","0.466754387037231","1.0099601276628","5.22022248654994","0.915715815427198","1.87541272457394","3.12415221020805","2.05340439716354","2.39094341467468","2.28691479322174","1.41700079614907","-0.0873087227276166","3.36322091240763","4.48325004031071","3.12532800513527","2.28993157025787","1.80319208098508","3.01489683311178","2.76757534064573","2.67082232331095","0.442795402326535"
"30","Macaca_mulatta","2.29621321907788","4.78876125851431","9.0957265538942","6.8668332624336","5.70403521536674","5.58261727346375","4.2367043575805","3.95145791391766","4.28064828001366","3.77419484524462","2.24804542511437","3.09627942484099","1.40987852427856","2.94554105502421","1.62238564813362","1.77539003464083","3.832945194179","3.71431610248948","4.23064287672679","0.484982693568718","1.42393065912918","5.7445126828222","1.99907697270461","2.37965215228583","4.6736375566094","3.08255377831881","2.93285365912162","1.85682691491394","2.65542337417153","1.07345228443406","3.97334413623165","2.33379593451401","3.77368631246922","0.565150819459387","0.26105646435505","2.30180833094013","3.57298334364286","3.84606591534556","-0.00370901451526962"
"31","Macaca_nemestrina","4.16262418708151","7.66201850681131","16.7755917613271","14.4005144691364","10.8855646107996","8.88205567150774","11.4636481930518","8.18139515815362","7.16149608138758","1.68912644933769","2.93668895209185","5.48027709338158","-0.17989327302476","1.60314498859968","3.12658716195677","1.52249076692587","3.58188143572338","4.18543753737252","6.40537286040701","0.0635036640241502","2.951695842592","8.84347794602247","3.79653328819006","4.60706868656503","6.3008091055339","5.54471325417625","4.92007619987525","4.0774639525839","2.92088150388131","0.662385260758144","5.27300463146486","4.48375000520231","5.75201264844853","2.63106909693087","-1.68908485573991","2.2380190520836","3.73258856897652","4.73651722623569","0.803193288956258"
"32","Macaca_nigra","2.03102526318206","6.09140207113066","10.8372036983525","12.422628830177","8.3971936984435","6.49671548711683","9.5504541603965","6.80519928158515","4.47051211342448","2.8737055165668","2.04538046636777","4.32462895365536","1.07659876934963","2.71031522762352","2.98222972226628","1.27925855329233","2.34077846964591","2.49383968526822","3.63029925321025","-0.38433514014474","2.04247908320025","8.36825448749215","3.87191527608205","3.85875779793227","4.74643686489298","4.92915749950791","3.77691979479599","2.09260226811412","2.82106045995536","1.11229926184947","2.92771003442961","2.94385479880355","3.66738553428498","1.78979116406413","-0.351090201329654","1.38672249005534","1.80620935831127","2.72783973911493","0.37658370759608"
"33","Macaca_sylvanus","2.19528109189005","4.59530903760293","8.47720565404343","6.26743831850677","5.73224370027592","5.28995114125481","3.4691335591211","2.82895655223514","3.18303596352418","3.57551818260391","1.78971465539165","3.05003435993422","1.02140012856787","2.07742082904245","3.2079269975415","1.49270468852501","2.67240265598015","2.70007392352849","3.38448417347598","1.09687388029011","1.38181013793977","5.18106815524764","1.38589238103886","2.85607150634543","3.55971671689159","2.95829476380362","2.19173354178857","2.59350829710637","2.05611418864952","-0.07241906551765","2.98534677793906","2.09501725719495","2.75507817601298","1.11136578753752","-1.79936124584238","0.327999275744613","0.466305968655746","1.36647555977612","0.499233999731953"
"34","Mandrillus_leucophaeus","7.28480585898661","12.8970915156321","36.8588302899509","32.2313369381492","22.7965133847364","18.6926210228467","25.4350076980914","25.5531448663258","18.818187329606","6.02146127256026","4.84185482234616","9.08864063009388","-2.10549526994961","4.69410805234034","8.09638869345315","6.70011229883438","8.16766000450772","6.55063974836372","15.6339088483435","4.36428682016729","2.74372436585146","18.3892555102819","9.92171037473628","8.7345504627137","12.5010071419394","15.0643209197549","14.0172331398167","4.01308897547062","7.00259227345648","2.89839143966381","11.4248812482533","11.1700798283974","12.8161857509696","3.01866389206702","1.76253862992498","4.70901947458518","5.14445147743169","9.00028332018878","1.95934001282269"
"35","Mandrillus_sphinx","6.46500778172008","14.5946372169192","37.1276981530838","35.4317076139589","25.5370988795677","17.2733179581823","26.0457128518277","24.2041310258371","17.1617443837982","5.56085843327449","4.52742165247397","10.077331787851","-2.8129915386375","5.26857126621995","8.63889885466597","6.89712025961618","8.20083880918001","8.01461487328853","15.4400538509233","2.96339415532334","2.25422461920172","20.8466539602069","9.42135908006513","10.3796436671907","12.9181285714857","14.4031211422261","14.4697561633337","5.00298100611928","6.84288102223599","1.77423355117804","11.377899602392","9.71142916344034","11.9949932935974","7.0665639882546","1.46642408135379","6.69731484864612","4.84483064760283","9.03988195205538","2.31511973339216"
"36","Miopithecus_talapoin","0.344733673262837","0.761083722261246","1.85321173330286","1.1593712636813","1.76093854618006","1.44647032166609","0.265550056662363","0.885494679710551","1.47322243555152","1.82452886738471","0.871180904043914","1.1365609694828","0.860801607213279","1.96067345671834","1.18778825134145","0.886665519204954","1.46872624757493","1.27207427263928","1.59101284908698","0.951431711063544","-0.0828569352490742","1.39349511673554","0.788557446356851","0.478569520309023","1.49313998543979","1.40153974342977","0.935760293229666","0.441055179561168","1.08126906614558","0.435830738632216","1.53531482854978","0.125912053514764","1.12326461995335","0.984832942196785","0.300270652484077","1.49281956662705","1.32006240423358","0.601964432024683","0.35381924061017"
"37","Nasalis_larvatus","2.32025975663564","7.96699493936622","10.9618670571704","10.4309389377433","8.15162330511576","6.51602997007305","5.59972268041352","4.8942815996889","6.34839575067684","3.91608038978304","3.14332515413981","4.99085216019072","0.244658048407096","1.89147490990915","2.7852719380339","2.28150895296037","5.49386442711319","4.68816636641025","6.67283021828041","2.16005656701772","2.11424176217335","7.69008961638809","3.5554652541358","2.26984083927779","4.38653714316891","6.79853853622711","4.74121018919716","3.56415951274333","4.33600523825345","1.88554101100338","4.75315575073977","4.87928775253706","5.69028789229581","1.23503377430978","0.800651393248842","1.58015115055345","6.00397441426035","3.50171317880724","0.751439668877076"
"38","Pan_paniscus","0.229270239325746","0.908020616610443","2.02400831931669","1.00216135433212","1.17795753608175","2.22837977014109","-0.161278527267879","0.761248742734097","1.11146631421033","0.998505473333594","0.39533638783643","1.08707881598973","-0.0590333218867656","1.00285513193813","0.326672353174583","-0.519746262356726","1.13153034805038","2.53123523317879","0.658204160023423","-0.194648005528823","-0.206920843138793","1.1524580669739","0.221196941453972","1.3237879998019","2.93759501472148","1.20375062332112","0.13432199738574","0.807682499675664","0.925217881626573","0.238830427151569","1.65061448804265","1.09328525218014","0.819897392545883","-1.63201070114662","0.337923763682817","0.477762561462029","3.7714853041564","0.966620024498049","0.528939869696849"
"39","Pan_troglodytes","0.550587406924222","3.62884569530548","5.56869872900428","5.64252698479194","4.17055171229813","4.51902642602965","1.27611025971973","1.34575159755988","2.4988731880964","4.0392859945126","1.68418484108133","3.13876575133606","1.54652623481424","2.64986818589114","3.15391264493188","1.08096900066173","1.48442465396229","1.73099557175317","3.73233810376178","1.74205510362185","0.931479708403153","4.681851341015","2.21009006952692","3.19518694762027","4.05629288637728","3.01859071444655","1.80404064730461","0.995109254257063","1.74771072668725","-0.0727839638310925","2.19015296417877","3.31430639717547","4.22765581628102","1.22680623598356","0.437055885655262","0.058841871280741","2.39887736615356","2.11417554374609","0.672562745822479"
"40","Papio_hamadryas","3.7882828812725","6.70673882394946","17.6225098425381","15.8496920876887","11.3217968092114","8.54922292556585","10.6403650827523","10.8204298550356","7.69573297718851","1.30559329344067","1.39852681958747","3.65603509380027","-1.93874648201907","3.24523007617112","3.70772944521023","2.28060753743659","4.05259440713184","5.00700871820067","6.01753824990087","-0.641768484817515","2.24225002197402","10.7034670991613","5.63934032103776","5.27376403770285","6.62288917861249","8.3433906395006","5.63543048498206","1.90391761362168","3.74548778784414","1.16909349679833","5.55517580243995","4.70546821910366","5.73693197915736","3.79081890035232","4.53461643883452","5.00226345997366","2.52965971403769","2.7192855855255","0.874981617458253"
"41","Pongo_pygmaeus","2.65809070157867","12.4858148160074","12.9402444455002","15.2911291255807","11.9001335704696","9.11319568984715","4.72791260393442","4.75622406695385","9.41782707978402","7.31914580023924","3.85742157757257","6.95670192525422","4.40222289206613","8.43057426870683","7.62998564596214","2.41900564033467","4.72014455382939","4.49515572606992","11.3272046567308","1.57139075382923","2.72747252955687","14.00434902069","8.25278318018617","7.60726195353834","8.7416147985696","13.7150121994435","4.46064706712858","9.87440609711036","6.10982113093126","2.06789862878234","8.52151695982705","8.51296717975147","11.7544734932143","7.9332963239748","4.36019874484193","8.04416260018381","6.77111901071427","8.29051200668349","1.94655548599486"
"42","Presbytis_comata","0.250036173574767","0.527094226060601","-0.211910324747986","0.444928399551525","1.03043945547623","0.488427881848555","-0.208308417672118","0.606050040576939","1.22828722692584","0.906637083536019","-0.123385597812611","-0.172981561007614","0.988897892195766","0.69144802643077","-0.215265019648545","0.865003666894324","1.40754438285423","0.705830805618003","0.00901637166471048","-0.160197748710678","-0.562531756766923","0.584328802761405","0.828575540416782","0.811775097180547","-0.813538573384935","-0.352884883138472","-0.0684033219365681","0.548158718340837","0.440389341766831","-0.0917489417536785","0.897011245385148","0.490088857922547","0.205271693351964","0.155542616508271","0.0962598641413521","0.134381839194475","1.23927093345856","0.973973137777577","0.410895608354153"
"43","Presbytis_femoralis","0.127013049680448","0.58303779174306","0.826112258279743","0.152313399609355","0.420137474665225","0.696688157836682","-0.270755432367123","-0.151128057759625","0.519687146337674","0.632569428911729","0.0119939781257834","0.0957702019154496","0.30181144475123","0.200505546112296","-0.371770476877668","0.253518812508673","0.933540865029144","1.17158933789294","0.407332866202417","0.0698687405170366","-0.509949785611722","0.0415999583478666","0.804886417246662","0.0548606223338872","0.074491024423903","0.75846148425396","-0.212184480118594","-0.289391603277744","0.56550733517286","0.287050136903863","0.10180024471553","0.214525882743914","-0.0690718172638753","1.30646400761382","-0.149783509963449","1.58791559466235","0.872938279022364","-0.286258698099505","-0.0261782288097958"
"44","Presbytis_melalophos","0.116948526609935","-0.0101092086052041","-0.341800929856795","-0.607445358124806","-0.153155989009381","-0.302092128477263","0.033703806120398","0.296249571011156","0.512991386893603","-1.06939017652975","-0.157570889012284","0.299172028238004","0.633356795301019","-0.0608563019616213","-0.541620193834575","-0.367063078638008","0.20247603072913","0.194833848158517","-0.267949195600032","-0.669681882297893","-0.200507023640856","-0.395251142204852","-0.0872983821254252","0.0609385899105384","-0.617154061388948","-0.347316114564936","-0.445473307087784","-0.132454719975335","0.399218724679539","0.129692686240004","0.195999511084278","0.121846982912668","0.105917490867821","1.07723291014677","0.16832031847656","0.633012514880825","0.442817717712146","-0.401467792547621","0.401585265485735"
"45","Presbytis_rubicunda","0.149061702334235","0.119953304530828","-0.0571649966632712","0.497847253370868","0.359030789356943","0.0379101078443149","0.592370123149049","0.591063550824412","0.247052849113601","0.551007457992782","-0.322424785897475","0.0539562886032741","0.698552414584945","0.434080200623193","-0.781512857866289","-0.0455035144112195","0.931029264400244","1.49304425771616","0.20568965363033","0.989229184845382","-0.765092080259418","-0.221761341053273","-0.315212295212321","-0.274381624641808","-0.22805506340573","-0.0279573210186044","-0.169400536521476","0.454995231418041","0.31762171774173","-0.299008348141854","-0.133708976627581","0.260561097625196","-0.311578877998986","0.0165267331467334","0.86967156039664","-0.717582700569348","1.66958175799649","0.169857204779106","0.88081674194258"
"46","Procolobus_verus","0.566657953442094","1.66184094865121","2.23682759118675","1.44619731816113","1.67935221814448","1.9217284620689","0.573560859051838","0.677073084964771","1.28281995992318","0.654922850515746","0.839984503454168","1.73098229462398","1.06294739146975","2.11553747796474","1.1809616204436","0.36117157300351","0.819270306425857","1.3893517172327","2.14603620554782","-0.323800043106981","0.0687922177134599","2.24177417412352","0.741257349599568","1.05245108502805","2.58401733314437","0.738930248605982","0.402308171282346","0.543048237538056","0.824583052632352","0.0268633571871408","1.23423460140498","0.877111464570497","2.56993762558914","1.70808991448348","4.94350069858607","0.453889866033126","1.26670418209682","0.362561376704821","0.0298100000289949"
"47","Theropithecus_gelada","1.93437845643283","9.50175859225409","16.2105114987275","16.1528945591293","13.0251242552479","11.4854868801754","8.42211142786786","6.80722388255948","5.4340827966732","5.36367464272029","2.2337076803587","6.10598705171785","4.00352973611792","7.02418919742976","2.47971618760255","2.35846963719762","4.80506771893958","5.30040905493851","5.60379203067154","-0.189703999966799","2.42483827858468","10.6460856045753","4.89382622534121","6.24533152579023","6.16816842980938","6.53557915092839","3.93541324487533","1.31072294552444","4.03589161246317","1.61197948336583","6.46959941893309","3.13349457891288","5.56050456991407","3.92141112504393","-0.658196337253585","4.31895935089736","4.41843322613926","3.98920987897259","1.66221773910733"
"48","Trachypithecus_auratus","1.05542375213033","2.25224244958544","3.37135975097175","2.92665238110586","2.74318228305548","2.76434089415942","0.398819698328023","2.13346763534528","2.04440663281535","2.87488341782671","1.46562549677619","1.54290256336866","2.23995507746061","2.01234652481336","0.293253743375054","-0.0889380978563388","1.42711634326883","1.6467323508916","1.44507893540073","-0.302388386645155","-0.294628592195714","2.49612577871645","0.307522736743262","0.631474066680994","1.7216556805011","0.391376353007121","1.13619878648505","0.766263870100905","1.41161254585708","0.473305396690598","1.27650514333768","0.574958519099656","1.59912183734594","0.707497205808938","-0.0561487952980926","0.70016355703666","2.33792893640712","1.07079517526438","0.887297182237116"
"49","Trachypithecus_cristatus","1.00909883830681","2.64451168998677","2.50350632174048","2.13016211675907","1.66769809347803","1.73941265102239","0.235433856779292","1.11054923566448","1.08874652900238","2.95185621118731","0.528945622282325","1.23334075058428","1.24818493506076","0.789522788489144","0.905175747325387","-0.0681837147601669","0.984746531638102","1.2633702357646","1.36207138235823","-0.06914300801155","0.049627744484841","1.64126217257973","0.0553360799838618","0.182672194800283","0.596321718571545","0.14832558992526","0.597672665589615","0.492375391031198","1.33926442371094","0.649243913059109","1.42082711536248","1.49546695950475","1.34563047592721","0.761442648172309","-0.881140966141661","0.99526967466376","2.23359419320478","1.29260269330076","0.254751155552182"
"50","Trachypithecus_obscurus","0.526014872756658","1.58784524346174","2.77281403252377","1.37395156760093","1.70349315150978","2.12124102307047","0.416184805841759","0.634173880948495","1.48037928449664","1.94059117882237","0.419969960289286","1.00347221917355","1.6113245176164","0.483348287738714","-0.240263247200719","0.151862802120611","1.40425448343651","2.21851811916939","1.72136314395688","0.206865518246548","0.664102388650562","1.77713418993892","0.822880145758967","0.86963144522656","1.47704970748829","1.31319356747917","0.740513800418826","0.222338583356947","0.944073943379621","0.736040419761547","1.44913325053163","1.30531496901662","1.42825807656606","0.628901574897675","0.126191683991401","-0.373102616022994","3.56283953544881","0.805759679982913","0.941948257531072"
"51","Trachypithecus_phayrei","1.07154874940847","2.25857534658649","2.43897511941906","1.68980437319258","1.95491968145534","1.5457669979776","0.492551362563381","0.888330410137304","1.60603818215226","3.32589279551553","0.95500256922211","1.15802612800588","0.540054967032866","1.69139400362333","2.14499119782645","1.52480766793314","1.60116042397907","1.94928700956081","2.67207175822656","1.11099276735129","1.19738200682458","2.61616060966169","0.596157008508381","0.386797209023477","1.9151391240917","1.30616903493775","1.29643755974692","1.88320100998227","0.484440885289992","1.28555644271648","1.18554435115127","1.83673372826182","1.52065020173936","0.401041736314554","-0.138087121687292","0.631853733564153","2.1755403017423","1.31477794834195","0.860576971816077"
"52","Alouatta_belzebul","1.72150401250225","5.32459212584","8.86505790766654","7.37869049827049","7.9382362850311","5.49750677477466","4.62595929973993","3.65956699914251","6.97399920645276","4.24351091907232","2.2824495172231","3.68961927051371","2.083550727693","0.0676192399348636","2.32762884504243","2.81792272142496","7.31656759652738","5.82199234984944","5.55914543551118","2.24186660855157","2.07008153869632","7.41089433934621","3.93953156057829","3.70350714508655","5.5531094944052","7.24977976705882","3.60965579491605","7.82429701584968","4.09733682990393","1.23066295423004","3.24517056163708","5.96168878808881","5.31621289314499","1.60222628379225","0.725727926331952","0.661663910161405","6.60982577458581","1.91340933576354","0.00975941286438875"
"53","Alouatta_caraya","1.73671799293776","3.55042717094914","6.36241485447132","5.19449909041886","5.60230239675386","4.51552566343977","2.63749304090598","3.84420385613317","6.12838035122775","5.58463083564092","2.85783584512462","2.95742707482689","3.04046086830248","0.81287631982125","2.56603728637867","2.31553142671187","7.09653064790066","5.70130255341431","4.64057336422129","0.832818588489711","1.14826476612888","4.94441882723461","2.9501579121265","2.95057627855872","5.08859278490214","5.2960462731307","2.18054953647249","6.13889697417169","5.01909991915883","0.0829760185964812","3.14655529725188","5.84414419917589","5.2946557906768","1.81242712537092","1.64868911986435","-0.286341228368443","6.98045629335929","1.80384241733385","0.531682777479096"
"54","Alouatta_fusca","1.18661725476402","2.38394372510383","5.83521328067231","6.06399219380264","6.3398488147425","4.50618343819732","3.19891409098675","4.90955066322936","5.67958152359752","2.22712647338644","2.21167510879409","2.45602220523675","1.5957545268598","1.07407736536396","1.58056191091071","2.13991325424451","6.08263462676734","4.96752640387935","4.13185765892966","0.498205327099701","0.502720667983979","4.61571672026248","1.35470151948525","3.09510383904645","4.08692365380881","3.05184556682634","2.24348842626637","5.96859006942967","3.77408788115333","0.65657996572698","2.66747008896554","4.61588514233749","3.98036800545506","1.49824102491735","2.89845924401259","0.174217437123048","5.94216773519957","1.95452931583267","0.340670589819238"
"55","Alouatta_palliata","1.06875751059287","2.22709572521375","4.85834877578842","2.90125936043915","2.9668228727352","2.8515511379323","1.4561194038918","2.68847310819591","3.17253421949277","3.48905611280252","1.65514818507578","2.52450690275687","1.38646363178741","0.614981713899461","0.844471273502974","3.09987587123954","5.09560409703397","3.77815642775282","4.71737376197446","2.89017211141448","1.72493225069714","5.07143516184974","0.647145054418775","2.75390363784443","4.86739344238128","5.1603854796331","2.12274976617497","3.74785871205093","1.98665410272305","1.31218129793773","2.82036166347762","3.70375182917576","4.06598451776651","1.38149891736404","0.0567459437574627","1.34956527123411","3.71223635081611","1.20414185712486","-0.395297809853403"
"56","Alouatta_seniculus","1.43960610805685","5.58731232518418","8.45528159986755","6.54688749144918","7.80179668790794","5.31303771523777","2.39949914518895","2.61709203603963","5.87338703511872","4.01018317387702","2.40991935701604","2.59956043246047","1.07598210213452","-0.0233205779806482","3.28131715009794","1.09746254238198","5.55360767888843","3.7086428565143","3.39838660041254","-1.29692629879848","2.00956506211231","6.21194689446981","3.20464120267559","3.737528848243","4.81548878129679","5.82682791113583","3.95732287829549","7.54921730710719","4.3350152932875","1.56888063658637","3.11499385824727","6.28452481374551","4.65759100472702","1.12431600202054","1.08264807317778","-0.150267689055912","4.48311029572224","1.41358182340145","0.496303242188045"
"57","Ateles_geoffroyi","0.119915554771442","0.256737100614661","0.896087035488733","0.0618125171693968","0.0524908300874998","0.829146881595825","-0.0930162570229989","0.347929003078708","0.160016047068773","-0.2458643662751","0.331500365089212","0.375584572365021","-0.406925208205351","0.271404572875923","-0.807673595166291","1.42646255559569","1.64462001702559","0.88981460146449","1.31931662357176","1.55505596902452","-0.0567027154269262","0.523494688378101","-0.116705825482363","0.444105234764743","0.933495551562459","0.312899583271214","0.116594380914528","-0.655716849759351","0.496070077534025","0.10466798895852","0.402415501013746","0.0896409401041502","0.444047507930337","0.329001002961615","1.39700889639474","-0.117542240039292","0.604303813877884","0.274510428724401","0.484244019068626"
"58","Ateles_marginatus","0.366796009599202","0.894260086357242","1.23341718851531","0.409795537133341","0.659597963082035","0.868976438312011","-0.352367923566272","0.775831326279853","0.867801682446846","0.587922242280889","0.709016267529588","0.953378229459137","0.811610449819327","0.764684703152469","0.669804192556136","-0.609599952265352","-0.19797396477248","-0.615148571949014","-0.71240365637377","-0.930191975403865","-0.45377007810373","0.507596360646112","0.467391672106787","0.433020178087689","0.0617634713718545","0.631775876529655","0.0489259678956753","-0.42097681144833","0.614767678360373","1.0893847719888","1.172340751116","0.86742383025787","0.641585046041829","0.126954911264598","1.22360568011909","-0.370500120395601","0.542634661471759","0.587507226015408","0.895512413268738"
"59","Ateles_paniscus","-0.124735011400269","1.11242694310893","0.647737535498344","0.311636828160974","0.576574572095968","0.55548460848879","-0.459032865050588","-0.523821108380691","0.20176229916553","-0.11252486396387","-0.299185325100765","0.708431364523552","-0.517177787306331","-0.174791163551085","-0.0489918056843148","0.691406368718148","0.626825086790369","1.01118614436979","1.25237593076919","0.502153240274179","0.173501600166457","0.926632488889361","0.725041061312925","1.31969645334378","0.466195546722673","0.0372682045655246","-0.507532727940191","-0.22306996113846","-0.302605068159856","-0.0215431108650037","0.340367910354821","0.0378802238361793","0.535056829334419","-0.469729550014577","-1.05678570127753","0.22465580001159","0.788781451851172","0.147268616538362","0.34951019551038"
"60","Callicebus_moloch","0.00784958402069424","0.0326448335748957","0.271159905450588","0.328731972883659","0.216902861578408","0.0242073632074096","0.172846105073496","0.155055368357422","0.0557516346301483","0.345992253102683","0.0506918202399795","0.0566919599088536","0.000462800847365941","0.0609898162850406","0.00798473102456043","0.258196591244509","0.343199203941673","0.349752683535954","0.407337782898191","0.168564023587411","0.0376219446809731","0.281599099025946","-0.079147584940225","0.0758371018698121","-0.101227330328621","0.172222260156998","0.133195911884512","0.333510381684306","0.0617128251474774","0.181202029548965","0.170672021443949","0.37601585689732","0.155642835362784","0.619430970241746","-0.330949086453693","0.643139252495779","0.356496302104741","0.0791820221840815","0.00354819807921114"
"61","Callicebus_personatus","0.315656891738784","0.697700307515001","1.15904776710008","0.173185212715619","0.336075748724745","0.431522578500942","-0.442053735634312","0.166871437751947","0.656008567842569","0.669700333300483","0.374390548557535","0.734679553809823","0.33560894548302","0.677962099751461","0.376539657280924","0.230906598451554","0.509397322797874","0.344476060468722","-0.0400646231799477","0.52282737638407","0.083968389914471","0.836814005809309","-0.172266553272497","0.519746501539773","-0.0371564185045514","0.212481702882485","0.160868710417381","0.136522250507916","0.337418809479205","-0.0857781804121327","0.390579954998984","1.11406425358259","0.178346833050849","0.215577083284616","-0.0622707657377681","0.459686089723341","0.15851276014822","-0.0718195955229923","-0.0464211435023003"
"62","Callicebus_torquatus","0.0143088940051861","0.0968003442146266","0.00865485773126196","-0.0662128431177003","0.52667601022922","0.0413172677186076","0.0978428469552295","-0.0485692168122611","0.468606532924937","-0.153168993620447","0.193913290781257","0.284425490306784","0.574372864695832","-0.229758892374804","-0.396867275227372","-0.168044674667531","0.344353840282018","0.206484426495972","-0.185434749681576","-0.490962627274971","0.05582024032711","0.0101649040698106","0.366614456412401","0.0715996885976526","-0.144260883157754","0.138789661743623","0.189295999813318","-0.125852195421418","0.486435027555771","0.454927065833175","0.178418316027962","0.115485930508491","0.278701181504946","0.347376950340504","-0.499430290712183","0.664172356611836","0.501167157653782","0.363860430788399","-0.0715628229290015"
"63","Callithrix_argentata","0.0216769261901648","-0.21022664128339","0.0417449539313512","0.114876686931284","0.193984226312184","0.162033766237647","0.133907001527239","0.115032604679655","0.253643687886953","-0.0491910355660394","0.151429278061169","0.296724454187082","-0.156365235488597","0.221725767165864","0.213472151311313","0.0422976488809148","0.090434047617844","0.0919596207226423","0.116964569763008","0.118065264446645","-0.0784989706038033","0.3205250073829","0.286265584054465","0.195823810768584","0.030842991880899","0.425527521323948","-0.0901711742623634","0.188918315482884","-0.000331515323367171","-0.0166917088441814","-0.0548713300666215","0.0693853615414772","-0.0849083690801056","0.0260642099285224","0.389247505836305","0.258240454796839","0.0443082717725289","0.103415090731589","0.106986039178153"
"64","Callithrix_geoffroyi","0.0291469447621777","-0.114329268067712","0.0874253727640877","0.152003065847849","0.160498368641255","0.0451352588500598","0.0774327119337954","-0.121048558897375","-0.159846784388709","-0.212456324677618","-0.212313395418629","-0.174854975923099","-0.134802093658699","0.000536127809990461","0.203311090109247","-0.178408608171418","-0.343168474062441","-0.0295187867446174","0.0139607938034843","-0.323107591231135","-0.215904758429753","0.137230225882284","0.0834007012796558","-0.00379570742944235","0.195322364380877","-0.193509813661432","0.055692580135676","0.180539070255024","-0.3137293021631","-0.0224543635084213","-0.219988530016725","-0.389792259209766","0.0888501743376882","-0.0727524304135105","0.477332528569733","0.124851014576548","-0.01237403010105","0.0736420186159616","-0.0956852848896528"
"65","Callithrix_jacchus","-0.0650139556525602","-0.264832629147938","0.0105795211704347","-0.0875995067449011","0.0322604354627583","0.0838541572324036","0.232842209138518","-0.097625267734454","0.00356353423358158","0.10919722988325","0.0264708640674396","0.0443391671253934","-0.132157185236601","-0.217799632274396","0.1396275786262","-0.111527778317139","0.00387073171094698","0.0722848903725097","0.132013380039256","0.00592813371588541","0.114983368034116","-0.0184708685419537","0.105556607071021","-0.101355171072401","0.231281756236941","0.100334247439148","0.043946753944585","-0.173243213611734","0.209197471303314","0.179785422772413","-0.0509437243805539","0.0810343496192383","0.159905532168509","-0.227833388456109","0.445778366985806","-0.184165284502898","-0.0453545086424967","-0.117880249154918","-0.374924259398379"
"66","Callithrix_kuhlii","0.0162585601424778","-0.168620700875689","-0.0580591289400516","-0.0783418925843744","-0.157196012596707","-0.252763169001323","-0.127271823435926","0.0170834423992208","-0.175183636495539","0.0247140743134722","-0.145378770584294","-0.0615726920314508","-0.383226681594053","-0.295707430759158","-0.236597863547458","0.0623182120533006","0.148950322369583","0.158278662189932","0.19617269120733","0.35826404669596","-0.0281955470860105","-0.0235383291574216","-0.216523126512252","-0.154915383774139","0.12851966926722","-0.10795748285619","-0.014340725351822","-0.172579584612484","0.0500137457656269","0.0665280502845933","-0.0687975019354692","-0.260735235245884","-0.237318716497803","-0.393712915578494","-0.387225175447849","-0.350010446233538","0.128084766014464","0.0339675200449765","-0.114328782781243"
"67","Callithrix_penicillata","0.0337404079936956","0.0996418504140237","-0.0365393822227897","-0.132003562302053","0.0766903782957549","-0.0376321178820209","-0.158541121629811","-0.14709788290118","-0.0370875960537376","0.189304993135089","0.171593249909456","0.0923284024202502","-0.197632643662185","0.0751589573647919","0.0755875840787263","-0.186983556197488","-0.327162608292046","-0.200985705403882","-0.221505324955373","-0.308196671050907","0.350506768887715","0.0825341978391929","-0.0291396956329901","0.140726350991613","0.00767254910721604","0.00967477562522312","-0.0316894441488369","0.132501098987919","-0.193530090655688","-0.174917318228006","-0.0197493337307648","0.0998724837925256","0.202767559185185","-0.0135638125276003","-0.0532691641269274","0.0541224391579238","-0.245855201751908","-0.102856933760407","0.029194938089617"
"68","Cebus_albifrons","0.241009482290563","0.933457237259287","1.5387823458275","0.730524143586688","1.61159860372898","2.63087298845975","-0.0460756601429253","0.579705849962217","1.82840254652197","2.74396157229945","1.02281083317195","2.67257815641509","1.53342904588766","2.1985425743465","0.581596254663948","0.739843242585668","2.05430029189274","1.35108243315992","0.871047954972109","0.335758722708146","0.149368486049619","1.66302799566835","1.43119331236966","0.973505088205908","1.27512238581395","1.16150621040113","0.261135604716356","0.89833562116023","1.91463783345569","0.626356453411335","0.749259907482891","2.14688240647749","0.781574172939253","1.15498085529298","-1.99738908131369","1.63407283624187","1.84470727988354","0.127444637943508","1.41653578926859"
"69","Cebus_nigritus","0.650950144306774","1.29915826579978","2.64607249891453","1.84840634141281","2.50921573351796","2.30019192623992","0.8679349946439","1.44946468588095","2.54002841464818","3.18183137836973","1.11665327438895","2.23930744644625","1.73240892606957","2.2762887951058","1.34294685566067","1.47569186424242","3.06340195698406","2.81620530279846","2.81827520646595","1.42148492576393","0.193762223882976","2.42510495291061","1.04403522539118","3.04062753169779","2.48941373871085","2.99805510857528","0.365070079366856","1.73513538221577","1.79970718750611","0.616133361669014","1.32356977352211","2.66324545444047","2.25923892302086","0.052871099739459","0.838700263707125","0.649157394944755","3.11728612708962","0.836511802331447","0.353828884811076"
"70","Chiropotes_albinasus","0.147908670618222","0.990999433064324","1.18238095791094","0.560079396611496","1.04362781006767","0.778702397891511","0.579804363356468","0.507884193060004","1.06394011099535","-0.354264929275004","0.306657252127835","0.784583860638318","-0.0590681137701949","0.754027152349714","0.49618281100604","0.393703816131197","1.50337348497608","0.703619064464529","1.54221204906616","0.878481020718441","-0.0262823513729256","0.540137830090799","0.42993273249993","0.383799980289732","1.15527366576936","0.850477531005298","0.394331388470889","0.310151530870169","1.51547760796776","0.214466545975585","1.41220277315157","0.191438617304012","1.39161762031229","0.20824279127649","-0.341614052387641","0.536208968386742","0.585204192744484","0.151765262259573","-0.416619154997155"
"71","Pithecia_irrorata","0.330660193107734","1.02026953102727","0.943765185191609","1.17613130228158","1.00562241033414","0.767122117340392","0.546474635191167","1.12337438965661","1.20966628084025","1.29382428780661","0.375176918994185","0.607135989463657","0.508617490488184","-0.0578223400783173","0.47909217002592","-0.106786524581846","0.851578721833022","0.808688703486883","0.611646570421208","0.430285088285856","0.124555921888273","0.826904096340705","-0.00444188177124616","0.705560802489929","1.377459701845","1.34510690785","0.280418299366303","1.34334726263284","0.929428258718135","0.226361261056622","0.586458591573731","0.668739031653709","0.562945060300974","-0.0432362283363332","-0.297715488141872","0.177061176480489","1.00684234067775","0.471509327692406","-0.106387193286167"
"72","Pithecia_monachus","0.306112150875414","0.802778069194162","1.11374492668509","0.979030046629585","0.868151223460849","0.546269029459335","0.278328262753778","1.03499236903407","1.23265717943215","1.08988658323955","0.687926224003466","0.909336899708165","0.421042685896019","0.822476685210098","0.627838179893546","0.249551651312423","0.756317353759073","0.899756833909702","0.784203404545615","0.444750131396136","0.176665185485913","1.20963428935759","0.127394708017459","0.842565290670121","0.682957277604501","0.821563846513829","0.288296174834251","0.497144225822428","0.623626633642244","0.248525984357828","0.435885589116975","0.810477002697381","1.04078450190848","-0.153229061230462","0.745713262550879","-0.0431104263626949","0.892091919899315","0.61373556485438","0.0494360998589531"
"73","Pithecia_pithecia","0.462197165192006","1.11207786198393","1.4546525089035","1.18040366412627","1.2073512222787","0.352573839174291","1.22869953784532","1.12443157820883","1.67209753496122","1.21623645824234","0.495169440274147","1.33506411312428","0.749449319029239","0.922396860573684","0.357204204362054","0.74899252006762","1.96381610864425","1.58027538951874","1.54668068006612","0.71810258749448","-0.0818448298982286","1.39339592172044","0.443417015684451","1.40949166675644","1.59294122656718","1.59804872556991","0.552101604982392","0.923356549945535","1.29835687944151","0.0213705621578839","0.820095761420333","1.00545475927002","1.3773094074773","0.351388143646957","0.15371652937797","0.538185871025533","1.42297825333895","0.734413215070724","0.0315849593574615"
"74","Saguinus_geoffroyi","0.0840188422032231","0.0748020016892195","0.0589893248216526","-0.185650985933234","-0.0657983570786129","-0.00149656321869251","0.00618483554799987","-0.127302692200633","0.032641461221349","0.0914110302036093","0.0259616677229779","0.183541863694941","0.0875825268949413","0.188511747759957","0.0964956050692312","-0.00322359173870623","-0.0138386307909286","-0.0566019518830245","-0.0724890294015239","-0.129159350621018","0.133304441324539","0.1935066547374","0.0568054288901623","0.0607600468955685","0.00313748384186496","0.361236874951791","0.00356732456797548","0.0552517075133689","0.0124269858334891","-0.0355441513238759","-0.00641486601396046","0.222735150278206","0.235291844002163","-0.100859083247785","-0.194313799741195","0.0934242296021068","-0.139968975470659","0.136726821698755","-0.0190463699635313"
"75","Saguinus_midas","0.0318798005019811","0.00517830863811053","-0.0411239140554578","-0.199472631218775","-0.0395855971856118","0.0179943923439367","-0.260696449042211","-0.0542304931115023","0.0850752182198882","0.0655764391834595","0.154105067231544","0.222335680170492","-0.133303542305178","-0.296850590676499","0.133219938257878","0.0492727731621727","0.104913808031782","0.189911270660751","0.0458917611722889","0.102153941151828","-0.011786505989714","0.0447873474746636","0.0561598728735619","0.14017191079404","0.0575204141130712","-0.0166210907781714","-0.0881119697599955","0.156182477652543","-0.0334939031040928","-0.0364955307402974","0.016612393259269","0.0879577735190793","0.0380979065352358","-0.149368326783174","-0.132364438155342","-0.284144874837194","0.283894003307477","-0.0823011157128235","0.112853307121836"
"76","Saguinus_mystax","0.166332331683544","0.215119129127041","0.102912174082288","0.206442687083417","0.270559096454374","0.255332007527386","0.12246611891228","0.0272623527168641","0.222026830625659","0.181267291295665","-0.0155167675211647","0.0852806959847641","0.281608106053142","0.457519638751958","0.0984502398282316","0.237382223647568","0.257089981120121","0.150932918089651","0.241612121301465","0.104993168253371","0.0362637676801825","0.401643272510103","0.317698869984357","0.546047123856488","0.24964218618299","0.17291975949114","-0.0414597913381023","0.371656927654962","-0.143977414963764","-0.207883867922702","0.127315592798816","0.0132477953396783","0.307088263798349","-0.0331850532750924","0.233888722135905","0.213461732280843","0.213522128235038","0.516846001926867","0.149300557882987"
"77","Saguinus_nigricollis","-0.00818539953851349","0.0221853499120179","-0.150274884444267","0.365284907850633","0.0489747578030819","0.018080383320429","-0.0558738247173878","0.256252692443519","0.00786338679777288","-0.149405811997628","0.0127330180269176","-0.138798993389775","-0.175572630763501","-0.4040886777053","0.17587142893203","-0.220168407206369","-0.393077503767302","-0.243287483641772","-0.495440123414378","-0.15937629029913","-0.244062774994897","-0.0908691926901266","-0.142069873403252","0.156599295191247","-0.329943163240598","0.112212634012774","-0.190288313062316","0.585454049735291","-0.0804084501626132","-0.0598189621859273","-0.300534591093472","0.543469188216781","-0.0264187996793588","-0.154404160916188","-0.199201115905311","-0.178750230932847","-0.300624358552227","-0.229522346043449","-0.0813234956048516"
"78","Saguinus_oedipus","0.262920358195362","-0.0855370274332561","0.639724904338657","-0.0410792526962691","0.115446410407106","0.242985107346538","-0.0494976007826091","0.326440373217684","0.320113246933467","0.0407551501256016","0.442126826839159","0.16229040996695","0.209803632676337","-0.545414110979966","-0.0971332651794894","0.0950679314068399","0.253456202403711","0.0399706968615945","-0.191874851641217","-0.191526292901679","-0.0295345670582616","-0.194985360012913","0.0810684494481357","-0.169890350683531","0.410286549644814","-0.238999328575195","0.138716137107009","-0.204299012777852","0.171699857082105","0.190931479603049","0.300079312297624","-0.237714389289135","-0.0454716410919902","0.313064111193601","-0.178342086927252","0.403395977735318","-0.3382522356276","0.157921128385164","0.0424315008358311"
"79","Saimiri_oerstedii","0.323534267866956","0.744530389725378","0.770284879474179","-0.107171599024767","0.686812945404959","0.786413425784085","-0.0763574297862064","0.490028894627427","0.95877166186354","0.0991211582024363","0.303067271140176","0.606375162464026","0.0810725469743652","0.680690978081504","-0.157134962573902","0.604339435909665","1.29113827917842","1.31070320139287","1.35276834663137","0.959491255300915","0.561607709422788","0.902528261697363","0.176913362225495","0.765971804750103","1.2946763933223","1.12847904411893","0.00716086178912967","0.848479201455183","0.690468484010571","0.171533741778845","0.309913699094675","0.814366695070554","0.580076608732179","0.0632450355412928","0.253423126925444","0.451058201869778","1.01237198388618","0.267773166474791","0.0998926496926869"
"80","Saimiri_sciureus","0.432291358398011","0.30145902189299","0.918963127118065","0.287165665748764","1.34210732173737","0.758060846745334","0.605423144189928","0.807622281993462","1.41476725791215","1.68766176310078","0.520500103205862","0.505135190782305","1.09679681551113","1.43482475687809","0.315892019754944","0.327196271740082","1.140457489959","0.95956287642208","1.07334212972724","0.589825276526625","0.30902246975514","1.04355037662052","0.421978860543801","1.27702880303986","0.96763408439743","0.952035011162719","0.103299518130505","0.877940294919874","0.992774458305508","0.317712427315156","0.684755478111915","0.966682564036969","0.851523114708055","0.681238236148978","0.233282860335517","1.16191639744495","1.05289340748555","0.564542680804793","0.0345815838913399"
"81","Sapajus_apella","0.635122259703602","1.88432690796299","2.71116901230834","1.92304598526986","3.05910451401356","1.9939456786629","0.891655082501554","1.63113397216586","3.28229937108301","2.59894313495143","1.33373792015731","3.13764230140663","1.46252800438958","1.79551051342741","1.11102805221591","1.93865656325507","3.57221471874148","3.1890628746779","3.24820359329425","2.01009391649588","0.355221538379711","2.85601258076647","1.32175981381248","2.79432294076817","2.92147851174365","3.1109921284035","0.716982652446118","1.90336025333235","1.85460852967441","0.851811548248254","1.49732077765725","1.95102303007443","1.89700352408696","-0.806037083293845","0.737429147021956","0.520245252619894","4.00921763110797","1.36925736766205","-0.0175861173134031"
"82","Sapajus_libidinosus","0.526540606299731","2.1482635199335","2.82094461285319","1.53003518195031","2.30858096693587","2.03510038411966","0.687529749991063","0.775272741346289","2.36279162699673","3.4483718501801","1.29401854132936","2.7292725619361","2.25802462244621","0.738109637224206","0.865311860113025","1.49303066041564","2.50342992406418","2.30163352828905","3.09071586080815","1.5226848450363","0.956964660531744","2.89252980434276","0.954404071493567","3.02940877082375","3.71433944857657","3.229261732333","0.703613508241276","2.0004081794472","1.12848494197667","0.0930798852866328","1.53896704910822","1.69617362710079","1.79336319771659","0.238802807300345","-1.91870039152577","0.412104507939009","2.87105169455781","1.15628794123174","0.129684432373537"
"83","Sapajus_robustus","0.702597545982497","1.88384687542261","2.99877110001037","2.19173177450202","3.48225197001914","1.98679115752993","1.35362301286795","1.25651227845825","3.61189041454679","4.26744977091735","0.945566539403735","2.77363503896185","3.01766798050522","2.96482588116585","1.1425953650106","2.1934591105715","3.75691947226669","3.38199217934548","3.16661046506232","1.63432612574809","0.597558376635911","3.29846242795708","2.29496600194046","2.85518941201158","1.48523368192441","2.41614404522","1.08013213771644","1.77945215915983","1.86708150043771","0.726262844541147","1.78987140078331","2.50377231617468","2.20514098828872","0.389498164446223","-1.28321282333888","1.54432146811762","3.71232336983066","1.39088922836568","0.210041351571892"
