"Species","cor_iso_1","cor_iso_2","cor_iso_3","cor_iso_4","cor_iso_5","cor_iso_6","cor_iso_7","cor_iso_8","cor_modules_1","cor_modules_2","cor_modules_3","cor_modules_4","cor_modules_5","cor_modules_6","cor_modules_7","cor_modules_8"
"Alouatta_belzebul",0.897293330818775,0.0299516067370648,0.0379572828775797,0.0397625956503548,0.0278704428344874,0.0256908223697954,0.0651650307488543,0.0896213488711091,0.0959581148665799,0.384145483765174,0.0749290676402745,0.349726599144398,0.127266499160239,0.180475759059493,0.265204585005619,0.2102597481719
"Alouatta_caraya",0.881390164661259,0.00146231119374925,0.0856786147008204,0.00791192849868831,0.119521581489169,0.02312294980749,0.0702054487704856,0.0227914912084589,0.0723277153936206,0.261012577826469,0.0737411002597152,0.0364126685952949,0.164840947111251,0.00186541089199775,0.114186970895741,0.230911364363818
"Alouatta_palliata",0.878427268755466,0.13653978684871,0.0220087461043686,0.0281620252088068,0.0180225252808517,0.0307547078530309,0.1828866137,0.0110493012417162,0.142836753599723,0.0579857253635598,0.237088780198445,0.100912506006564,0.225987641864297,0.36410896584751,0.288257872636509,0.0733168273271137
"Alouatta_seniculus",0.882525397296342,0.0984483250052867,0.0345576460754123,0.0923996626256664,0.0455824061818,0.121566685121154,0.0549324528732025,0.105155524846561,0.155417239986302,0.284807063624754,0.341620951066304,0.0584998947645737,0.00105698073942397,0.371415973162714,0.1390438278066,0.12266871216306
"Ateles_geoffroyi",0.745897604090475,0.34401867523499,0.170210024771309,0.201548803092588,0.276976898387525,0.20961432094785,0.00193833079853425,0.031084254334524,0.0659330399377047,0.0564674445927172,0.114055921321992,0.540960681490987,0.198132838211011,0.128358000768217,0.0573315141968569,0.180598507342315
"Ateles_marginatus",0.456859831720575,0.773754622123479,0.182063491213232,0.0644568879842034,0.0296591490915636,0.0858197897400296,0.083846566247635,0.0225390805405141,0.0927655103682778,0.0302767679749065,0.0953870941930786,0.124291251611803,0.437507185017726,0.506786972528246,0.0844442147156242,0.0519815207551846
"Ateles_paniscus",0.753330646185283,0.166239528591613,0.415321039228093,0.0222602375885157,0.288412970263521,0.0352311963997243,0.0407732783757042,0.000323607161613135,0.059575994072248,0.122699791319386,0.150584510628427,0.318629692007427,0.0505757425197502,0.282668092109782,0.432841550843665,0.0425303532872892
"Brachyteles_arachnoides",0.623220708406196,0.392332297373143,0.488491936321585,0.16763230280962,0.016995176935485,0.070833580867279,0.0278976502551872,0.104904272277775,0.10890049301438,0.203931654372178,0.0743739474528877,0.241896136573957,0.180600690786837,0.454768095901146,0.178596973645345,0.266970294507166
"Callicebus_personatus",0.790477933415088,0.298175093064697,0.129663832320763,0.052121901832965,0.0915962129170991,0.0233668726451924,0.0645132749201808,0.00623089788671644,0.0561529484014967,0.0152227002163006,0.44690444329513,0.0727770836612296,0.0914708385643188,0.179537508534978,0.0758367238179441,0.052332240669608
"Callithrix_geoffroyi",0.761116612834165,0.0380713671005703,0.379724973190357,0.156925992181157,0.184044808646837,0.163427951032461,0.0911267923293182,0.0696473243956913,0.0793312236056877,0.0342398322017011,0.197775615768268,0.10802319807574,0.152535925505787,0.0673022802168921,0.0387047237859513,0.27227302770546
"Callithrix_jacchus",0.193737278869785,0.45769583707959,0.408420214976378,0.556873512232981,0.241499634476881,0.0335813743076107,0.0935858941751238,0.0656601508870824,0.0788959210201119,0.063655286296519,0.37936432650868,0.073897059987756,0.125862203756357,0.107678523583711,0.241107835141063,0.00769731050535611
"Callithrix_kuhlii",0.761399057661731,0.413430730031102,0.159704538884396,0.0245479835373259,0.100893121263277,0.0702200530305128,0.166353371581721,0.0519349493261202,0.0465666518827918,0.114433383082699,0.141535578587256,0.126893211450507,0.0104262925147053,0.391077298022837,0.29597788453498,0.168886273369237
"Callithrix_penicillata",0.824316413602011,0.270412093940425,0.206388897997232,0.0694639064383627,0.070093248374016,0.0566580730103195,0.21665694572674,0.0154265619298088,0.170642802911072,0.209760660853102,0.0168800447728184,0.447431712781477,0.171929787468516,0.129862267630453,0.166692828455716,0.0879144116590441
"Cebus_albifrons",0.0642701408123908,0.823068094484417,0.389294795794552,0.165980393521777,0.0370622435291094,0.0359928462189733,0.049758773578054,0.0090180806273832,0.0701331055992178,0.066298333911676,0.10859938175977,0.000375072658705137,0.426055644825419,0.259066161579516,0.135475018927404,0.265285064251727
"Cercocebus_agilis",0.789231792187808,0.125733212312177,0.0897113549093602,0.0447301319609975,0.189574851409653,0.218821999789325,0.189089661593908,0.0843575406959089,0.280486634166975,0.292388913756827,0.133905604740337,0.187629426171713,0.205977305219468,0.372904577162456,0.0429011882650584,0.00189184298366014
"Cercocebus_torquatus",0.821101587146121,0.00767717650992638,0.124734761544118,0.167819876181671,0.00587862288691436,0.100408688252935,0.0758661758650637,0.0589671083270017,0.245829916423069,0.217256365987801,0.351386579641439,0.246782751853181,0.0761495505429044,0.108002243428336,0.0741553274324658,0.144532822816019
"Cercopithecus_ascanius",0.891424771648111,0.111168844111898,0.0454637059178626,0.0704826476707087,0.0677860232286436,0.0506522925872689,0.215029470655311,6.23982891726855e-05,0.0430190220223029,0.616768914191461,0.0673978002598366,0.14730859915255,0.215997143068972,0.10109984791752,0.0641797500498514,0.10312962802992
"Cercopithecus_campbelli",0.847331433554443,0.0634266087455273,0.110017049673606,0.0201750434847641,0.0388854298707183,0.0720325920797572,0.209339593684589,0.118728420929802,0.101966500107829,0.278969202344016,0.497190843564919,0.148100264013249,0.24787592293642,0.134044599709784,0.0660769408030135,0.277862834568899
"Cercopithecus_cephus",0.867754698230631,0.174520865088208,0.0982033540718594,0.136524531054579,0.0314453868359675,0.153634127191002,0.00410764802976399,0.0400862763678416,0.199440087460682,0.419368250193393,0.23462009942926,0.367139609630742,0.0581133581503772,0.28058526616228,0.0558678925728638,0.0598438498523299
"Cercopithecus_diana",0.798869640606524,0.0921267262904419,0.191397509302474,0.0663791535932177,0.305130377454598,0.166200159908146,0.207307997411763,0.0618730339306159,0.225676975174712,0.280718343428754,0.243101174214803,0.296213937732234,0.338016410658007,0.0871540144195265,0.0350971338626922,0.114795644243584
"Cercopithecus_mitis",0.862089936175318,0.0885871213439944,0.043290278937754,0.108778677121535,0.11377484177774,0.00925086337638658,0.0633473262102059,0.194013432747897,0.183509332499233,0.334045409524215,0.0942584837629984,0.16053798360294,0.231862543257973,0.0705550651258523,0.238842480847875,0.350118277036653
"Cercopithecus_neglectus",0.872053928204613,0.0662319158284152,0.180976564125928,0.0549198853283645,0.164229396686416,0.0243927271597187,0.163826938670731,0.0650002155099785,0.153208358964872,0.211955916313392,0.0939925284107552,0.364034078183555,0.198519180297649,0.148969436314487,0.248317427553585,0.303354038459579
"Cercopithecus_nictitans",0.799717368187028,0.282578469029939,0.23318890228204,0.038230869838927,0.053373705655906,0.04790906520273,0.206236238660238,0.0262346422197219,0.344909363935461,0.3524129548117,0.269530876668832,0.190516728620807,0.112821790395764,0.0158408171342083,0.205325893492142,0.0127560983135432
"Chlorocebus_aethiops",0.889521441669311,0.0656129915883024,0.131756680542432,0.0809591470372974,0.0390637255706339,0.11927694243985,0.120563777840949,0.000677648338165378,0.0792983589135297,0.463703017401403,0.431844192830425,0.0949933875890716,0.156966021083342,0.143516019674899,0.0986898978216157,0.190036013899696
"Colobus_angolensis",0.857251682866208,0.269778708038142,0.0650013067335865,0.0161491267590723,0.115564253394513,0.122916168310264,0.127869052887242,0.131736040340804,0.221703587539166,0.582350875164028,0.0143989471706231,0.0788540103409536,0.252614929457053,0.0876586914185618,0.0532758825882743,0.124352664791572
"Colobus_guereza",0.882435772730554,0.00638599649313438,0.0655451958663579,0.101547279238634,0.122390011142541,0.15199919965835,0.0968764534341791,0.01957075465108,0.0694203256355374,0.263170227210279,0.139356496532903,0.105056336184591,0.223005770728697,0.464582939453405,0.115426080587874,0.298161575959191
"Erythrocebus_patas",0.845533731001625,0.168269245546118,0.159491109952436,0.0351682293449649,0.251824849767658,0.122017796078804,0.00817806773348873,0.117578717128114,0.194557671868231,0.463827268907392,0.0708138643057402,0.0553382686323517,0.20996865188503,0.0399149951627446,0.032691837810351,0.144509196983379
"Gorilla_gorilla",0.787473411948422,0.216271947225427,0.254528947744555,0.340178353388817,0.0380594299949738,0.104237274472674,0.0231324942988656,0.0354738451110776,0.223066539992814,0.300591914765308,0.46800693121155,0.0250437704980698,0.061456292900621,0.142740811019528,0.0526381112336875,0.175971986198811
"Hylobates_agilis",0.059383856816737,0.771171266323943,0.18312577531548,0.229772306889361,0.189451468796509,0.217383041351103,0.0462035155314424,0.218079801243322,0.0258158535917635,0.0634106398219603,0.183013789077536,0.259369633637838,0.209851725286162,0.0785292635506967,0.266001398347176,0.236273253607774
"Hylobates_lar",0.723905543577255,0.431696367365082,0.24173896227732,0.0865084335512532,0.106627051878096,0.0967636492425639,0.0080179109910145,0.0293095883061099,0.0175557995758434,0.00658074592339057,0.186594287138409,0.108025525988024,0.355639122865821,0.125830567124869,0.162127033594101,0.0122758609482667
"Hylobates_muelleri",0.832695228161604,0.0105456719584734,0.0608533050550707,0.207184273789959,0.0743947766802522,0.00179592490607667,0.228068042460758,0.0342081109467037,0.00426316067774123,0.141264569480925,0.240273687033577,0.307889338934085,0.0604163910029794,0.285926396654982,0.22601393170342,0.125088693111045
"Macaca_assamensis",0.861789597422956,0.104452081693286,0.192235122906665,0.0366603292070658,0.0375275320339677,0.0959775474146352,0.0309025244459717,0.080626373638959,0.12691660536994,0.485561448605997,0.0187219300202886,0.04758479917399,0.168471190996017,0.0416508452403362,0.307332730239997,0.0011940602861617
"Macaca_cyclopis",0.862612332616601,0.198745367675664,0.121655193009394,0.0828864733387224,0.0203483766109935,0.112081159115807,0.0412071641541564,0.149382539894865,0.247050313404566,0.298776884825605,0.384480144625911,0.207421124545552,0.172510026583044,0.100380891320974,0.0160175559542116,0.0779994271209676
"Macaca_fascicularis",0.916569862500704,0.1025855552447,0.0425894093753406,0.0128128653574753,0.0534189320828313,0.121473152337605,0.0266923975582205,0.0924330562732107,0.128379505931299,0.381391144224107,0.336055631870722,0.04723081256633,0.166297234306658,0.286982779348965,0.112794262050629,0.210525019757356
"Macaca_fuscata",0.864229580556252,0.303110812364952,0.0318847904870213,0.0173897033534816,0.0497559268800537,0.046449708861034,0.0741403273491209,0.102158060451718,0.149480019840122,0.350061724647897,0.38901395634216,0.349703449786867,0.0674806222270612,0.00848776211538762,0.227628283574356,0.055017739486379
"Macaca_mulatta",0.904777781296752,0.0685812285313628,0.109813208225609,0.04189034750428,0.105586670837611,0.0204818413168195,0.121328772224933,0.0721702712761717,0.0872313771440671,0.283202846098357,0.472165088672354,0.21290057524634,0.121308364592876,0.037147497465724,0.0669795104751896,0.150278092933427
"Macaca_nemestrina",0.834219158719861,0.183186794763649,0.163683733065194,0.0043932735201534,0.000999147103400324,0.169918875401465,0.144691690884001,0.095661361181956,0.281912568500724,0.339231112191742,0.309755644049237,0.066503927597423,0.20097441253843,0.22298493161628,0.0510580846949193,0.0775040838378306
"Macaca_nigra",0.836592029382737,0.211864262165383,0.144672091125481,0.053758982660776,0.0225574285226957,0.100616429030279,0.079149195899506,0.15386639243298,0.236254167884024,0.42849645562565,0.00590949963935592,0.0147961324003666,0.0744057810820612,0.0156567786497379,0.289884536675207,0.336268144646347
"Macaca_sylvanus",0.87937966840237,0.00712596071447551,0.0782257701215492,0.0406191662169376,0.1047034022357,0.0111962589233657,0.16442627123405,0.0259849222042645,0.165551650187455,0.0949917679139895,0.432065016681882,0.326005765486012,0.0304715896575736,0.00758088523878223,0.456630181636307,0.0523039813048123
"Mandrillus_leucophaeus",0.800155039878779,0.245199056765624,0.0423443959389951,0.0883200300334343,0.23046658748806,0.165331304916777,0.0544271198412564,0.00159123964186974,0.301532532474718,0.262991606410646,0.252232485613829,0.0265628531470557,0.141393305918953,0.139852823284335,0.106817211726286,0.121297105044019
"Mandrillus_sphinx",0.658632594758103,0.45910937715073,0.1035806303732,0.0554944746536134,0.14181205723225,0.0553835689327596,0.00705310399385298,0.365971189918167,0.400178113013714,0.213623324307803,0.00768636528599084,0.0589154562400713,0.0172369645086289,0.0406557990503676,0.0842397688117605,0.423314869426114
"Pan_paniscus",0.251845621716037,0.71058371562131,0.0330207223371738,0.405263471874096,0.201153075521142,0.0158374414500939,0.205919526955582,0.0754125546043856,0.0378937034979864,0.221711930928609,0.0792632600020658,0.440934740348862,0.0136868965355694,0.118253696739823,0.0699501750223365,0.18262586819462
"Pan_troglodytes",0.824561599748625,0.32466402803512,0.174005194974187,0.0461338704436463,0.0294129083800607,0.196492646180794,0.0579878876752746,0.0379074875874299,0.259597594903483,0.284762967116717,0.243369219492435,0.0244513876612614,0.23114395235562,0.421853060253166,0.0217920718534327,0.0644028672319924
"Papio_hamadryas",0.798979078713442,0.202345857906025,0.105574662144011,0.115405320793617,0.0402052085007093,0.161463072734295,0.362405308869421,0.094680992765841,0.297174986708703,0.279230730365491,0.0740498723016713,0.123697918038655,0.130178455641097,0.12132735244109,0.225247834809661,0.282539249850965
"Pithecia_pithecia",0.86185219305347,0.0485475488695858,0.133502594739494,0.0629385349843127,0.12143358553968,0.110492545927625,0.0231962352269844,0.102415341912637,0.126549021632606,0.366486066697756,0.0469122023416977,0.222073414486464,0.355410330958282,0.0693739713833591,0.430516145877841,0.106077969766982
"Pongo_pygmaeus",0.904689762945614,0.0808801301278246,0.0827790469428655,0.0525459883682044,0.0114531395782629,0.0949995019672088,0.160211156062835,0.0314614873521731,0.0938661486847684,0.108432195677668,0.472252257300866,0.147910433361187,0.0279235975836234,0.0534915909810477,0.153612853865311,0.258888915706745
"Presbytis_melalophos",0.445619118276956,0.639529958114331,0.230923420522862,0.314596261908768,0.110447946025334,0.03135739652335,0.0719536543017214,0.0417501859953468,0.179254131503901,0.362759339497932,0.349961678156744,0.261721101228482,0.131815418689886,0.0897976947043866,0.129025723802388,0.0919837952795828
"Presbytis_rubicunda",0.569705747476209,0.403719332303487,0.317424046703149,0.284173515180905,0.166261184673731,0.0760691912071864,0.0190880422719964,0.208847811954152,0.0981464791960745,0.408801026716723,0.0651338119114738,0.148039526530733,0.185527234425859,0.0264325624988222,0.294883230241891,0.115617409467203
"Procolobus_verus",0.914369877142195,0.0169949011907017,0.0480340072822628,0.103329121921237,0.0677803679394555,0.0146010109880823,0.0850637392296387,0.0866841490726317,0.061081130014158,0.0873997217716429,0.114625251100884,0.0871207146650663,0.0149960792195092,0.105121720434223,0.430634966142779,0.204418013638758
"Saguinus_geoffroyi",0.623342403040233,0.463335958504727,0.153212503962385,0.319998888005078,0.0978722376057484,0.204488833730148,0.0878057033940371,0.0816082146285378,0.0131181585517196,0.128250771856604,0.377285124875103,0.234164425735827,0.360631766659027,0.110979097118582,0.154036129518829,0.206759401333207
"Saguinus_midas",0.852173849704213,0.00362810006290406,0.104469499508049,0.120022154890967,0.134253471010324,0.104388053720818,0.115733159782614,0.0635577887919252,0.0718062203170878,0.428991686409209,0.0436665362231194,0.0277650070559107,0.215675404799863,0.188962255947506,0.0408625940729322,0.0873408455466299
"Saguinus_mystax",0.756819646291221,0.312253998397452,0.259587156430621,0.0549912506092206,0.0137296109617929,0.11674760762692,0.203837686428206,0.213886288370479,0.0889080908043258,0.0625352663868189,0.0880703680782428,0.22412540257599,0.00443465554493077,0.1321124914583,0.0817214787724474,0.394902232798478
"Saguinus_oedipus",0.401550952367055,0.752936819536299,0.146577225334426,0.065149497858163,0.084248662472822,0.221568308297817,0.0290548982756135,0.116351188871922,0.0239764936207923,0.150229491009389,0.0422711271808537,0.177526492818229,0.110547820955136,0.456817656963777,0.321246379587454,0.135655783136666
"Saimiri_oerstedii",0.782559290986396,0.30281282433827,0.0299795095819466,0.0575296286856745,0.146587816139122,0.203962385565207,0.170071855420207,0.00567173869987482,0.0279172871054384,0.299306970524383,0.43498801089323,0.0270496773936664,0.0207011746898844,0.130184351199892,0.0898459968738262,0.174052803315992
"Saimiri_sciureus",0.889223105131911,0.138748592337692,0.126866794441842,0.157084591396765,0.040970667947046,0.0228873765731297,0.0516818240837902,0.0369410743933743,0.127911572894781,0.381670179393469,0.0536877652709688,0.180874061096769,0.431663045990133,0.183960863149883,0.029277188828515,0.151722417452495
"Sapajus_apella",0.849010851368808,0.287958504252671,0.202426983856963,0.0300913080967161,0.0857323606270945,0.115427958487254,0.128369021485097,0.0342775315071621,0.0738387111667104,0.090070933945757,0.15434632474108,0.297858819187977,0.229969466447196,0.461596162643278,0.101207330495453,0.080558518530683
"Sapajus_libidinosus",0.79983614892361,0.280376610735479,0.0762791846961345,0.268780951574828,0.121031469492599,0.0721941208015733,0.0343314230435093,0.0812245128658231,0.105149102254699,0.00268111550909581,0.219211719488509,0.109156188405009,0.0781496020772745,0.4583090830669,0.205138791146063,0.298519768677624
"Sapajus_robustus",0.846048792732724,0.198898366871127,0.0209375590915424,0.0514027478002604,0.100547540445973,0.173192406069435,0.108459054121845,0.0509755201367736,0.0546687010153285,0.196275907822286,0.440602072353928,0.15708655680001,0.00362222782448821,0.257625028145182,0.278015634341271,0.148012589727373
"Theropithecus_gelada",0.823866950940985,0.0365610427769367,0.24168058767739,0.164918633939913,0.200769619022689,0.019417673498694,0.0325992278902737,0.0263791590086917,0.100143925511493,0.398901074276345,0.21659733085525,0.198891565040364,0.147650689973717,0.188847058410652,0.2418139563376,0.00928028192356058
"Trachypithecus_cristatus",0.837659763445671,0.0328546400883099,0.0792533185972074,0.232076104081024,0.176195833348434,0.0745494049334416,0.105652258804809,0.157840293183418,0.0882592060378325,0.0188038080339091,0.449479670294287,0.247283969435703,0.0523248467018394,0.331667671961277,0.0266108346326672,0.00456859566581484
"Trachypithecus_obscurus",0.795955482400142,0.291942431112466,0.152269708643747,0.245473077468672,0.105865188749089,0.145371375780037,0.0220393986442413,0.0460121992063856,0.0522713027170237,0.18653914855957,0.349009947998347,0.291719439889835,0.25720795780765,0.277200985777825,0.0978566327031278,0.267747095589489
"Trachypithecus_phayrei",0.629676940746631,0.331687613043015,0.238355596596397,0.452634092225554,0.0673276122514615,0.158673217093731,0.11331424955493,0.210620224644175,0.0573414701434327,0.245029098885174,0.346510344663279,0.0149320656218191,0.42846861119318,0.147222117519202,0.229539781701569,0.0954913155013818
"63",0.898474138673028,0.222620886772307,0.0266952299426267,0.0590371897466741,0.0481092939534702,0.0143070934669779,0.113093413707003,0.0740760512255548,0.185053238468982,0.582845505542009,0.0652880902608419,0.161386044055265,0.0510857661785255,0.18664347561415,0.0906532835297234,0.217400098247069
"64",0.880552676430332,0.269878934618002,0.0278036497991539,0.0436056799601448,0.0328997630488513,0.137132889225303,0.00184759008369707,0.0542088622824731,0.21158099394517,0.583161259614392,0.0837794603612379,0.0220082764392619,0.077837580039939,0.154322087768864,0.152147395155249,0.222419886369404
"65",0.854613965534433,0.307707873759704,0.0127699428330724,0.00072412883740245,0.0864189672497824,0.0132406183053491,0.193545819637084,0.0483083682086233,0.257979796100793,0.502334360300765,0.137171717833886,0.0147239720077675,0.12537878149554,0.215590868300823,0.308151588268972,0.140406726473767
"66",0.847118952361511,0.313154616579427,0.0147050355607874,0.0389915707111852,0.112314604968394,0.0032775505651271,0.197779074524782,0.0785730266329098,0.267287116883605,0.478950100498484,0.0979106477865595,0.0166872755736354,0.163936742855474,0.182094117064488,0.314082010241254,0.191039329406513
"67",0.834939226920709,0.331458801694918,0.00165265090291366,0.0544849353658521,0.114658084033515,0.0370607211421384,0.220912192154138,0.0836316906978074,0.280272388309788,0.443398844698254,0.108704866228676,0.0523641939188743,0.13372597920482,0.144831982065921,0.345258510816163,0.185799259786038
"68",0.773996704932475,0.368991749136631,0.0367987751695137,0.215093902726113,0.0614731197249486,0.0220506200579589,0.160976071966205,0.133222130560679,0.332369427187772,0.336797782109474,0.0428546572336152,0.0787285103897793,0.0063709281049574,0.11812918785574,0.236797711550671,0.176624483618297
"69",0.81222310204017,0.227408700412426,0.205893582060569,0.0387508228604773,0.173946230110753,0.15380877583646,0.0253807296143702,0.248410952268515,0.266904492918614,0.408674970888631,0.157073769966983,0.114807297370027,0.195580100813127,0.061678211257732,0.135972169057075,0.316782273673396
"70",0.739890102814315,0.409188462803051,0.0239138657368731,0.206849816507224,0.0204453742155321,0.0799848137055742,0.0520446479375682,0.233564035898545,0.363850683930656,0.278210398545262,0.0606540138071068,0.0916035879628672,0.0493220645637143,0.0843317043118446,0.131154397033748,0.261438968805086
"71",0.822510281123388,0.0965882028670009,0.168084290507385,0.0749973533259792,0.076722512181054,0.0187739978526989,0.00901133521168988,0.163184535065785,0.261002570401387,0.296411365763979,0.242976287819948,0.190189362559843,0.17964115858566,0.161827822737647,0.211094733027855,0.0900956336083572
"72",0.71734643534206,0.430367995143022,0.0401626471912698,0.19208805170321,0.00383287658986294,0.104107239503903,0.0517327211887791,0.176163310400857,0.373296606800552,0.251775434249885,0.0675291695596929,0.120977944708171,0.0469338400879571,0.0632393452012995,0.105319512164313,0.161776590835159
"73",0.892377954261708,0.144045090616732,0.140783114869294,0.00863380916585101,0.0740531263561852,0.0179134925600368,0.175514437840309,0.0367607976814939,0.187265539015592,0.429706059744171,0.450920898780717,0.0130982989831418,0.0736464996453288,0.0664507263673028,0.280661255756936,0.0628569943861764
"74",0.891150935588332,0.163020131955344,0.130868180539484,0.00812376111645513,0.0954833523778149,0.00940611233696221,0.169147693870996,0.0237463346036708,0.19067368433216,0.455784135477718,0.395781386730022,0.011847184498672,0.141580979006892,0.103209597503516,0.241045273039669,0.109488431085713
"75",0.907870772993875,0.0978865050915857,0.107539045401837,0.049292552101023,0.0680143572372446,0.0368617532786131,0.136742096311356,0.0379743207743637,0.142854485219744,0.456009091495076,0.369945509497264,0.188157373896553,0.110047307008114,0.0959775141467162,0.294647230831323,0.0154916718500655
"76",0.908369025320471,0.127187292296906,0.112210720383559,0.0105695731797385,0.0516232463599239,0.0124854214993125,0.124014181029514,0.0155588445124085,0.144679274606728,0.329467898686885,0.50792847073183,0.0805156980138416,0.205351735891473,0.0909328946346234,0.237640854162873,0.0194045815849067
"77",0.898555836675754,0.187358463744012,0.0702862156623502,0.00647214513436119,0.0469032963484401,0.0557406323412768,0.100136477007747,0.0527532901389412,0.153792410035911,0.406779020790526,0.439272449003496,0.149192500360894,0.212867053421925,0.168780363845788,0.102160861187933,0.106340237581791
"78",0.87939549000627,0.250617270006151,0.0827990455213153,0.0015789833057815,0.0555796829001332,0.0524762993098269,0.0244652997263309,0.0703904314380568,0.186782350169598,0.358308089232753,0.485155142180022,0.0092154402085719,0.246497558242352,0.0843151556225224,0.134812056240695,0.0981851544679605
"79",0.842605842544189,0.233735291077779,0.0963138203561425,0.0240285922575198,0.0394778504865546,0.0417130454344999,0.075713181097206,0.0549478892653235,0.269397524460942,0.411914883348018,0.235465021574405,0.131381997740142,0.0838184434129253,0.279340048821586,0.00267275420062802,0.0108265970694763
"80",0.879952320313089,0.197418545348317,0.0819315791602448,0.00127637590631333,0.103243175365857,0.0063295172591425,0.137974072354127,0.0525639856193576,0.174697548841484,0.635611275021711,0.0986386204797959,0.121760998792845,0.0448613909024596,0.0844406695712461,0.00178709539274686,0.0927547568685304
"81",0.879617103314112,0.149193634387398,0.151733483866525,0.142076485380419,0.0668233779302512,0.0787525787955449,0.0394774308067189,0.0444203283574479,0.178851283318061,0.55708474733424,0.185843211139853,0.292516315726861,0.0889501444218984,0.0793242745099404,0.0841681606719061,0.130703603715925
"82",0.877427309018668,0.20007408706349,0.125875843337965,0.0716831361530338,0.0705639358527077,0.0234472546548673,0.0371316722203852,0.133472968000244,0.1992665731353,0.566817250885647,0.223790846410239,0.0796397001681292,0.0866389478527935,0.194701312436701,0.134862108677538,0.165874126874036
"83",0.848027587878159,0.258247398626156,0.014744203730447,0.081029134089965,0.0114354614338359,0.0342586676122769,0.0597619148115776,0.122665352897353,0.263585383657402,0.480000776290777,0.0683325495400787,0.253688848126223,0.0824445716006369,0.215486513602801,0.130872218557921,0.0785085023969453
"84",0.895857079871925,0.104721803211666,0.141621788359544,0.0487708316865098,0.0635253760333072,0.156906667100837,0.00465757275508646,0.0148954333339419,0.0897624312208331,0.627484795253139,0.120363696950224,0.00752177555172547,0.125929704191747,0.257925328400071,0.0336642680917464,0.0301153351671507
"85",0.868767127593609,0.0354581679695698,0.124001248745163,0.105977608087193,0.18984589360372,0.189188141521436,0.00897511464075924,0.109077978056249,0.153164599368737,0.384699370876777,0.363729532503973,0.310349551033327,0.206609746979312,0.0682875402013045,0.0180522017506415,0.00308575555108301
"86",0.871161487764236,0.00936166214240117,0.150391482272418,0.123327941383268,0.0591061913654177,0.164889469264616,0.154555487790479,0.119597484239152,0.135352808392623,0.116510617793529,0.594357456895158,0.0351618371164503,0.018195710697904,0.204960569923502,0.136374252364543,0.140760091316128
"87",0.868625065429851,0.164334158300183,0.129640705467404,0.143396149760734,0.206788789741894,0.0591127120112003,0.0790893133660076,0.0634842474023932,0.169054350164931,0.514651345009924,0.206832900086644,0.0794629725026317,0.187836666724702,0.0393821700414873,0.081750075605311,0.154729687865498
"88",0.886836247888358,0.15403496935673,0.143748797492423,0.0321558226854405,0.113454713631328,0.158070351676552,0.0111006921081119,0.00137223108523989,0.072433175198176,0.431973200080681,0.044228850219948,0.439925011009774,0.258164555606142,0.0822168256007767,0.0981103192257461,0.117507111485585
"89",0.812449630090963,0.246132467050731,0.176811497479784,0.219360660795919,0.196625206912716,0.0630374931681372,0.0381957810934502,0.0547999307375413,0.0165972965484149,0.303138667378473,0.257149061812222,0.455125478160204,0.0963956955025895,0.220935689155861,0.233692766549805,0.00796844470885886
"90",0.805323647567624,0.348805021827124,0.13107885869947,0.092215338560776,0.0421292009164582,0.213426442196932,0.103393721332636,0.0168920654829494,0.00949599065606798,0.0166208300610116,0.0916206004695852,0.539812394867521,0.203750204838983,0.274142843499119,0.0503177594215295,0.217448348544204
"91",0.770778453487158,0.285243798438051,0.172938973750453,0.287297518817241,0.195691066963477,0.00667288881028896,0.0962908467034153,0.0601027266199193,0.00179936295925471,0.0872239056502949,0.493406675982973,0.0498512821111119,0.411943491488366,0.0770585428612005,0.0709410089125493,0.154281330829811
"92",0.535864017971785,0.531369581514924,0.341249647429674,0.256541780298343,0.195235982452069,0.0430792510253599,0.067704193263329,0.113494911062784,0.142565355107384,0.426842667940196,0.232024621296323,0.226003013661993,0.240324696629441,0.109265015248567,0.0392646812143985,0.161566647132076
"93",0.901550640270043,0.0775660253290956,0.046235275433939,0.10156388673589,0.193638186705503,0.0778756988333627,0.0640414777540861,0.0341115183439785,0.115660083466543,0.516222729307333,0.0262489162398849,0.264973636985767,0.314150279719203,0.203978373520224,0.0817787159712432,0.0578440359589387
"94",0.88490597491649,0.108760906422817,0.0337235780676549,0.159494420396229,0.0355401243576324,0.197691268129463,0.114229573005418,0.0463328360870854,0.148886327876743,0.530140751040441,0.0441650476477686,0.31548416166185,0.0285591103302317,0.300917901711636,0.139793001047045,0.107293928779526
"95",0.915089628237823,0.0322463284520997,0.0916443749603892,0.0826905437591251,0.0783740872186926,0.0277226516185155,0.0398848341521017,0.0898593733947766,0.00543879727240565,0.516535109180481,0.228073640013268,0.0901890642574314,0.144517958708169,0.0231323578316551,0.0128961632626274,0.314267300100931
"96",0.905920588511374,0.0634267659739755,0.110858688976354,0.000883595238657205,0.10642995174618,0.0431062842194236,0.0493061994235496,0.122953247298434,0.00988590321559384,0.570175184157205,0.0863020109951003,0.0194828508836509,0.120448355639539,0.0267903228033771,0.116153323247473,0.278223961082166
"97",0.864652528642238,0.199231365022563,0.112892621255564,0.0690534780774563,0.233573184497701,0.0694950760787216,0.0231474425431344,0.0102736147682089,0.11361146665171,0.558780364872855,0.145535993551275,0.0678889142922609,0.166546187430684,0.0614528252369045,0.0867292833069001,0.0250056218555087
"98",0.833511203021372,0.081984229024611,0.310251073580042,0.19862159552393,0.0136664922944021,0.139626630915732,0.129752669350385,0.106438238341009,0.247878671174428,0.0490918035722936,0.319335698735914,0.319759308086485,0.244806258934581,0.213445555161588,0.0941732990593326,0.265247981387191
"99",0.689560647970701,0.481712553784038,0.170328097514305,0.206266392403882,0.143308738694793,0.0439989883421523,0.00558541882257512,0.133415997322496,0.00445097926007805,0.00509342139627191,0.305263998651565,0.154818587817639,0.256043025274555,0.272892091228806,0.114784426130866,0.0464655874118445
"100",0.27878450385309,0.778421675898208,0.151802574124262,0.2123569424007,0.175597711107472,0.109936993797223,0.144806720268455,0.0760191203487389,0.0164083323298892,0.0201007932231719,0.281358016077446,0.216002774796812,0.143616848437814,0.260001921937475,0.290740285601073,0.123056013315449
"101",0.896425565074279,0.0190149940184647,0.130651061899601,0.129647939725275,0.0692928275443922,0.144782323119839,0.0381771385995085,0.0504499448271507,0.053744770291381,0.0645416222103826,0.308095600610901,0.0582917039816992,0.341786683992717,0.432143714393442,0.20707860851238,0.145911870344028
"102",0.896166069585832,0.0261260676483521,0.132166662366488,0.143733419221221,0.0870060315613325,0.128900449237503,0.0259881895239988,0.0548751497711271,0.0527078110487762,0.071957854725484,0.294507743132705,0.0406197580023988,0.378291800888793,0.422358118387517,0.168539360505231,0.171324557034553
"103",0.869412810517608,0.123645726413636,0.23533360511591,0.188554436578754,0.0940530127545482,0.0124736857931843,0.0111015597066686,0.0592415539121588,0.0010575068977065,0.0476245646768525,0.27030064833766,0.244197606682972,0.344226472789698,0.376586160155405,0.147457825689601,0.0618639730309879
"104",0.787850388383571,0.335299763990837,0.0734759342615281,0.20674891482978,0.0204328856331226,0.0222028342219984,0.265693978026305,0.0781959995136671,0.0843872045123133,0.0794604381584105,0.11484763280713,0.330061206687559,0.00503843447693018,0.382281566430108,0.167350973551545,0.0823037831538924
"105",0.791587221980117,0.293593694143713,0.204655196349711,0.129853160609684,0.0295662812601146,0.191737535117201,0.16378956852846,0.100855860638734,0.0529466887276955,0.161927033057001,0.105256913543048,0.305407829308933,0.166127828003607,0.382855961660322,0.0146196346641146,0.114394157331041
"106",0.780806260424589,0.361298017771096,0.0739571333955488,0.134926984879126,0.0908283517689347,0.134284495712776,0.197041216827102,0.0410134072757043,0.0336035238945524,0.160344168807371,0.386945719225476,0.0130080951062625,0.2475757216135,0.332452480004157,0.0860822588511675,0.103424791504947
"107",0.617915932147221,0.575657235396098,0.0799302669159196,0.117532554592164,0.0853428651782053,0.247705839075968,0.0586963293913117,0.0644118540516548,0.00882614603591118,0.0815129345223851,0.392932743174986,0.0316850663064051,0.320768212502359,0.108610170530102,0.388058692586214,0.124162150852249
"108",0.539698617246289,0.664261068652595,0.194125348685697,0.0948872673343887,0.17547484647821,0.122053738146791,0.0732574844597826,0.152801928711574,0.124728761946264,0.0149629232680084,0.107888573528568,0.197653592938807,0.252155315637601,0.419518225303274,0.187753870026067,0.0396959374908342
"109",0.524166959863694,0.666546724229779,0.205135477630853,0.0717092665494435,0.136524452859681,0.214163221895007,0.0269730091579901,0.160435595835385,0.123915035219905,0.0202765191034986,0.179975386647062,0.116177099545102,0.356751163782112,0.332141852595585,0.211843972618632,0.0204490443390029
"110",0.384610057832743,0.714669085449549,0.274331619706536,0.307347022133059,0.0188762580157784,0.0416798796419828,0.0276002826183448,0.143817380357422,0.128713211343085,0.00202583675627709,0.271146627666979,0.0737043087404308,0.452415793370413,0.106379554842868,0.178811620479574,0.054818773685065
"111",0.867928086881828,0.0768307445783338,0.217448207259451,0.22480216151141,0.0455999916302728,0.00227199675112418,0.0515775309984367,0.0111884113598411,0.016445063034261,0.0234471635647999,0.287209371882671,0.247046792233412,0.278499040474021,0.46210798601437,0.0474332471528669,0.0368531600947313
"112",0.860481625939247,0.0947437091790341,0.22393848089088,0.197213596855507,0.119891108805181,0.0244379306323998,0.0478853029984462,0.0133739428228378,0.026399052132572,0.0151040996756874,0.275337815973685,0.120634540494692,0.294924968030593,0.516603708748338,0.0977993645536885,0.00677327655683821
"113",0.856147592225505,0.12613836890529,0.162074065881815,0.137285031713258,0.216096993448338,0.0507614511987255,0.023491394555556,0.0374825363926702,0.0431225675466839,0.00484670999548862,0.324745763392123,0.0399063393347677,0.367757364309752,0.394478533974098,0.269051261921889,0.0963619170116285
"114",0.862039671585989,0.0654432452118871,0.201471151992411,0.222067359827054,0.115825306410598,0.0291732011755445,0.0798424551987217,0.0126079533355796,0.0317504534036242,0.0572383860683293,0.22667165263666,0.229930185639249,0.0836034715207561,0.498197063484313,0.282390207013489,0.0135589899399866
"115",0.892202084062654,0.0583346932678194,0.0100703554166726,0.208894213775307,0.0523955292173014,0.00784990633297053,0.0890264987308767,0.100763332126751,0.109480383257642,0.35548470517826,0.133608351465777,0.205945935357808,0.376621763393915,0.00908214158999188,0.339607810439311,0.0170430148503219
"116",0.894500562208915,0.0770088371491073,0.0321457768037939,0.0117239718654956,0.114106510756833,0.137446553904382,0.0288637793809187,0.144800014636419,0.0777928991843143,0.294287143522145,0.0626716573995172,0.362959034325243,0.103980249103887,0.320803860875483,0.0428996665499215,0.390882284480059
"117",0.81947088032755,0.146947502333054,0.367729432047899,0.137062082441064,0.0418795760278843,0.101713452149791,0.0630864339960565,0.0226619025420629,0.0900086418199802,0.0217560154012709,0.200873366308006,0.207485647451559,0.40797060365324,0.371906727451168,0.00226114548961648,0.0746258135812412
"118",0.785798629749616,0.287053396607182,0.292256768583745,0.234620576614694,0.122501983552377,0.0135284795794715,0.0198570201110052,0.136742682331428,0.0814907852431062,0.00503413016389303,0.131431998682687,0.320958316515147,0.470656518673296,0.227724377488851,0.0880727464728448,0.251352388234329
"119",0.647985983795908,0.542068299118692,0.306234444716883,0.201443795512214,0.0672046034748932,0.0242533569349589,0.0260953582317395,0.0879728703216769,0.0722641410462106,0.017390602485854,0.139859507439961,0.164752810438383,0.453431482964397,0.327391976894554,0.293535783305994,0.265102136999736
"120",0.892206791257664,0.0106698817573433,0.0486899016909496,0.0698802217534673,0.0178535853513263,0.0741914196266088,0.005030099383532,0.0577535476753567,0.110843504718538,0.286556374357741,0.177441527256337,0.114427267569295,0.325796513850248,0.0576630541836552,0.30770037249261,0.0826032332755849
"121",0.891655626830329,0.0111192986267163,0.059044521055927,0.0472947785439685,0.0297334216802293,0.0535525121858771,0.0554953209386783,0.0635483443454408,0.0959979413889636,0.334744908513611,0.0522558234341316,0.100937494903327,0.30571790496448,0.123661057242976,0.266895940514116,0.140707443961122
"122",0.88805248380034,0.00888833461548163,0.0835888095061268,0.000134156363672681,0.030089264641686,0.00448875009317102,0.0772520941516382,0.0901248599556123,0.0948303910256034,0.302048114896815,0.026224418067775,0.0320041965516001,0.291541322598708,0.276208334788237,0.157608410879124,0.102190893356079
"123",0.869162426061645,0.103282551484587,0.0177588358679341,0.12618040665482,0.0370950875226475,0.016282952408366,0.1220011019742,0.10056599199256,0.0752649339913267,0.31702246205657,0.32071956911952,0.323467859837511,0.121097315229481,0.118508038393252,0.195750341970731,0.0497448536135724
