"0,14400","-0,01000","0,19100","0,08900","0,04000","0,05300","0,08200","0,09400","0,07300","0,01700","0,04400","0,07500","0,01100","-0,11400","0,04400","-0,01700","0,04000","0,05800","0,02900","-0,02600","-0,02400","0,04200","0,04500","0,04800","0,03600","0,04900","0,03800","0,01600","0,07600","0,03300","0,00100","0,10900","0,06700","0,02800","0,04300","-0,01800","0,02900","0,00100","0,00900"
"-0,01000","0,39100","0,11200","0,00900","0,01700","0,01800","-0,24100","0,04400","0,15500","0,08900","0,08200","0,17900","-0,03100","0,04200","-0,03800","0,07900","0,17000","0,15200","0,17400","0,09800","0,06800","0,09500","0,04900","-0,04000","0,04600","0,09700","0,02300","-0,05100","0,11900","0,01500","0,08200","0,02000","0,07000","0,00500","0,07500","0,08200","0,16900","0,01000","0,02400"
"0,19100","0,11200","0,71200","0,22500","0,24500","0,22900","0,16400","0,22100","0,29300","0,19900","0,10300","0,37700","0,16800","-0,05800","0,16200","0,17100","0,32300","0,32800","0,11100","0,00500","0,00700","0,09900","0,18100","0,07800","0,17700","0,26800","0,18400","0,03700","0,16300","0,08200","0,11200","0,30800","0,15800","0,08700","0,37200","0,03200","0,47100","0,11600","0,11700"
"0,08900","0,00900","0,22500","0,56900","0,23400","0,20700","0,22200","0,32900","0,07500","0,08000","0,08900","0,04500","0,20800","-0,15600","0,10900","0,00500","0,02600","-0,01200","-0,10300","-0,13600","-0,26300","0,00000","0,06200","0,15800","0,09100","0,09600","0,04600","0,26200","0,03800","-0,02200","-0,00300","0,13700","0,03100","0,09400","0,03100","-0,00200","0,08300","-0,03000","0,03100"
"0,04000","0,01700","0,24500","0,23400","0,50800","0,25100","0,10900","0,20400","0,45000","0,27600","0,08800","0,18900","0,18600","0,07700","0,05700","0,22200","0,34300","0,29500","0,18700","0,08300","0,01200","0,08700","0,26700","0,16000","-0,08200","0,03100","0,08100","0,21100","0,14500","0,07600","0,12700","0,07500","0,12000","0,17600","0,26200","0,09300","0,40000","0,02600","0,04200"
"0,05300","0,01800","0,22900","0,20700","0,25100","0,28600","0,10300","0,14000","0,16300","0,16400","0,09200","0,16400","0,13800","0,00700","0,04600","0,15200","0,20200","0,20500","0,12400","0,09300","0,01400","0,10700","0,09100","0,10100","0,05400","0,06400","0,04500","0,17100","0,04900","0,01000","0,04100","0,07500","0,05300","0,08300","0,16900","0,09000","0,26000","0,03800","0,02900"
"0,08200","-0,24100","0,16400","0,22200","0,10900","0,10300","0,48600","0,13000","-0,02000","-0,06500","-0,04400","0,04300","0,10600","-0,09500","0,14400","-0,00700","-0,02200","-0,00300","-0,07100","-0,08400","-0,11200","-0,00500","-0,01300","0,14600","0,10100","0,02900","-0,01000","0,16500","-0,02900","0,00500","-0,04600","0,11300","0,03800","0,01700","-0,09700","-0,03700","0,02800","0,00300","0,00500"
"0,09400","0,04400","0,22100","0,32900","0,20400","0,14000","0,13000","0,37300","0,23400","0,09500","0,15300","0,12800","0,11300","-0,04500","-0,03100","0,06700","0,14400","0,11500","0,06300","-0,00100","-0,07600","0,04800","0,05500","0,10800","0,07600","0,04000","0,04600","0,12700","0,09300","0,04700","0,05400","0,07800","0,07400","0,09700","0,14600","0,01200","0,19200","0,01000","0,05800"
"0,07300","0,15500","0,29300","0,07500","0,45000","0,16300","-0,02000","0,23400","0,66700","0,27900","0,13800","0,34900","0,07000","0,16000","0,00500","0,23500","0,45600","0,38200","0,33900","0,12400","0,09600","0,17500","0,40100","0,10500","-0,04500","0,07800","0,09400","0,02200","0,29500","0,17900","0,23100","0,05600","0,22000","0,21500","0,35200","0,18400","0,45400","0,07100","0,05000"
"0,01700","0,08900","0,19900","0,08000","0,27600","0,16400","-0,06500","0,09500","0,27900","1,07000","0,19200","0,19100","0,65800","0,35800","0,05700","0,32600","0,44200","0,33100","0,16100","0,14400","0,10300","0,11900","0,11400","0,14900","0,08200","0,19900","0,05600","0,24300","0,15100","0,07700","0,15900","0,09700","0,09200","0,27600","0,28700","0,22700","0,59000","0,09900","0,04300"
"0,04400","0,08200","0,10300","0,08900","0,08800","0,09200","-0,04400","0,15300","0,13800","0,19200","0,29200","0,11200","0,05700","-0,00900","-0,15200","0,11800","0,19400","0,16100","0,18100","0,06400","0,11100","0,09300","0,02200","0,07400","0,04600","0,08700","0,03500","0,08200","0,07300","0,03500","0,07300","0,06700","0,11000","0,07800","0,10200","0,04900","0,16800","0,02200","0,02800"
"0,07500","0,17900","0,37700","0,04500","0,18900","0,16400","0,04300","0,12800","0,34900","0,19100","0,11200","0,60500","0,10300","0,13300","0,04000","0,16900","0,37500","0,30900","0,24700","0,03800","0,06900","0,20100","0,21700","0,02400","0,10200","0,07500","0,08000","-0,12800","0,28100","0,10100","0,20500","0,10800","0,21800","0,10900","0,33100","0,21900","0,42100","0,08400","0,04400"
"0,01100","-0,03100","0,16800","0,20800","0,18600","0,13800","0,10600","0,11300","0,07000","0,65800","0,05700","0,10300","0,88400","0,32100","0,00100","0,04600","0,03600","-0,00500","-0,25600","-0,14700","-0,13700","-0,05300","0,06500","0,04600","0,00200","0,09400","0,06600","0,13900","0,02900","0,02500","-0,01500","0,15300","-0,01700","0,19500","0,18100","0,09900","0,28600","0,03400","0,05700"
"-0,11400","0,04200","-0,05800","-0,15600","0,07700","0,00700","-0,09500","-0,04500","0,16000","0,35800","-0,00900","0,13300","0,32100","0,89500","-0,05600","0,35100","0,31600","0,12800","0,05700","0,12700","0,13800","0,12000","0,14300","-0,09100","-0,09600","-0,06700","0,06000","-0,11300","-0,01200","0,04400","0,27200","-0,06100","-0,00600","0,09800","0,34400","0,36500","0,35600","0,20800","0,03600"
"0,04400","-0,03800","0,16200","0,10900","0,05700","0,04600","0,14400","-0,03100","0,00500","0,05700","-0,15200","0,04000","0,00100","-0,05600","0,70700","-0,10100","-0,13100","-0,15200","-0,16900","-0,20400","-0,20500","0,02600","0,10000","0,04900","0,09100","0,11600","0,02400","0,14100","0,02100","-0,01300","0,02400","0,14000","0,04900","-0,00900","0,01100","0,03600","-0,08800","0,10700","-0,04300"
"-0,01700","0,07900","0,17100","0,00500","0,22200","0,15200","-0,00700","0,06700","0,23500","0,32600","0,11800","0,16900","0,04600","0,35100","-0,10100","0,64300","0,69600","0,60100","0,50100","0,46200","0,21100","0,17400","0,09300","0,05900","0,00100","0,03900","0,11400","0,15600","-0,03000","0,04800","0,23900","0,04000","0,07400","0,07600","0,31500","0,24200","0,65500","0,12500","0,01700"
"0,04000","0,17000","0,32300","0,02600","0,34300","0,20200","-0,02200","0,14400","0,45600","0,44200","0,19400","0,37500","0,03600","0,31600","-0,13100","0,69600","1,08400","0,88600","0,73000","0,52800","0,27300","0,24900","0,20900","0,05500","0,02400","0,13600","0,15700","0,11100","0,38800","0,12600","0,41600","0,13000","0,22200","0,18800","0,51100","0,30100","0,94900","0,14500","0,04000"
"0,05800","0,15200","0,32800","-0,01200","0,29500","0,20500","-0,00300","0,11500","0,38200","0,33100","0,16100","0,30900","-0,00500","0,12800","-0,15200","0,60100","0,88600","0,98300","0,85900","0,67300","0,24300","0,21200","0,15400","0,09500","0,02800","0,11100","0,10900","0,07700","0,23300","0,13800","0,14300","0,16200","0,19700","0,10200","0,39200","0,18600","0,85700","0,10200","0,05800"
"0,02900","0,17400","0,11100","-0,10300","0,18700","0,12400","-0,07100","0,06300","0,33900","0,16100","0,18100","0,24700","-0,25600","0,05700","-0,16900","0,50100","0,73000","0,85900","1,13100","0,69100","0,28100","0,26700","0,13700","0,07500","0,11700","0,04900","0,04400","-0,00700","0,16700","0,09800","0,14100","-0,09000","0,32900","-0,00500","0,15500","0,19900","0,57500","0,09600","-0,00600"
"-0,02600","0,09800","0,00500","-0,13600","0,08300","0,09300","-0,08400","-0,00100","0,12400","0,14400","0,06400","0,03800","-0,14700","0,12700","-0,20400","0,46200","0,52800","0,67300","0,69100","0,77000","0,20400","0,14400","-0,01700","0,05500","-0,02900","-0,07100","-0,00700","0,03700","-0,02400","0,03700","-0,01500","-0,05800","-0,04800","-0,01300","0,03500","0,11000","0,43700","0,02000","0,00000"
"-0,02400","0,06800","0,00700","-0,26300","0,01200","0,01400","-0,11200","-0,07600","0,09600","0,10300","0,11100","0,06900","-0,13700","0,13800","-0,20500","0,21100","0,27300","0,24300","0,28100","0,20400","0,45400","0,19100","-0,05500","-0,00700","0,05400","0,06400","0,02000","-0,05700","0,06500","0,03400","0,11400","-0,07300","0,05600","-0,00100","0,12700","0,06100","0,20800","0,04300","0,01800"
"0,04200","0,09500","0,09900","0,00000","0,08700","0,10700","-0,00500","0,04800","0,17500","0,11900","0,09300","0,20100","-0,05300","0,12000","0,02600","0,17400","0,24900","0,21200","0,26700","0,14400","0,19100","0,34600","0,10700","0,08500","0,08000","0,07000","0,02800","-0,01300","0,11600","0,03100","0,11000","0,00700","0,10800","0,05900","0,08000","0,16500","0,12600","0,03400","-0,01000"
"0,04500","0,04900","0,18100","0,06200","0,26700","0,09100","-0,01300","0,05500","0,40100","0,11400","0,02200","0,21700","0,06500","0,14300","0,10000","0,09300","0,20900","0,15400","0,13700","-0,01700","-0,05500","0,10700","0,43000","-0,00100","-0,03400","0,06100","0,09000","-0,06400","0,20300","0,14000","0,16700","0,02300","0,12200","0,15800","0,23100","0,14500","0,21000","0,08100","0,02800"
"0,04800","-0,04000","0,07800","0,15800","0,16000","0,10100","0,14600","0,10800","0,10500","0,14900","0,07400","0,02400","0,04600","-0,09100","0,04900","0,05900","0,05500","0,09500","0,07500","0,05500","-0,00700","0,08500","-0,00100","0,32600","-0,01800","0,11300","-0,07600","0,16900","-0,00900","0,01800","-0,05500","0,13900","0,08100","0,10400","-0,05400","0,01900","-0,00500","-0,05700","-0,02800"
"0,03600","0,04600","0,17700","0,09100","-0,08200","0,05400","0,10100","0,07600","-0,04500","0,08200","0,04600","0,10200","0,00200","-0,09600","0,09100","0,00100","0,02400","0,02800","0,11700","-0,02900","0,05400","0,08000","-0,03400","-0,01800","0,80800","0,29300","0,01500","0,10300","0,06800","0,00600","-0,01600","-0,23100","0,07000","-0,04500","-0,00900","0,06400","0,21600","0,09400","0,04700"
"0,04900","0,09700","0,26800","0,09600","0,03100","0,06400","0,02900","0,04000","0,07800","0,19900","0,08700","0,07500","0,09400","-0,06700","0,11600","0,03900","0,13600","0,11100","0,04900","-0,07100","0,06400","0,07000","0,06100","0,11300","0,29300","0,60900","0,04900","0,10800","0,15200","0,05600","0,00800","0,20700","0,14300","0,08100","0,07600","0,06100","0,17800","0,13500","0,03900"
"0,03800","0,02300","0,18400","0,04600","0,08100","0,04500","-0,01000","0,04600","0,09400","0,05600","0,03500","0,08000","0,06600","0,06000","0,02400","0,11400","0,15700","0,10900","0,04400","-0,00700","0,02000","0,02800","0,09000","-0,07600","0,01500","0,04900","0,19200","-0,02700","0,03600","0,05300","0,13600","0,06600","0,05400","0,02900","0,16000","0,02200","0,22200","0,08600","0,05700"
"0,01600","-0,05100","0,03700","0,26200","0,21100","0,17100","0,16500","0,12700","0,02200","0,24300","0,08200","-0,12800","0,13900","-0,11300","0,14100","0,15600","0,11100","0,07700","-0,00700","0,03700","-0,05700","-0,01300","-0,06400","0,16900","0,10300","0,10800","-0,02700","0,57200","-0,14400","-0,11500","-0,04900","0,08900","0,00900","0,04000","-0,02500","0,01300","0,18000","-0,01600","-0,04900"
"0,07600","0,11900","0,16300","0,03800","0,14500","0,04900","-0,02900","0,09300","0,29500","0,15100","0,07300","0,28100","0,02900","-0,01200","0,02100","-0,03000","0,38800","0,23300","0,16700","-0,02400","0,06500","0,11600","0,20300","-0,00900","0,06800","0,15200","0,03600","-0,14400","0,65800","0,18200","0,23200","0,08700","0,16100","0,16800","0,22900","0,07700","0,31300","0,03700","0,01700"
"0,03300","0,01500","0,08200","-0,02200","0,07600","0,01000","0,00500","0,04700","0,17900","0,07700","0,03500","0,10100","0,02500","0,04400","-0,01300","0,04800","0,12600","0,13800","0,09800","0,03700","0,03400","0,03100","0,14000","0,01800","0,00600","0,05600","0,05300","-0,11500","0,18200","0,29300","0,10800","0,03300","0,04300","0,09100","0,11900","0,05700","0,20000","0,07400","0,00400"
"0,00100","0,08200","0,11200","-0,00300","0,12700","0,04100","-0,04600","0,05400","0,23100","0,15900","0,07300","0,20500","-0,01500","0,27200","0,02400","0,23900","0,41600","0,14300","0,14100","-0,01500","0,11400","0,11000","0,16700","-0,05500","-0,01600","0,00800","0,13600","-0,04900","0,23200","0,10800","0,48800","0,00200","0,14900","0,12500","0,29000","0,18800","0,34600","0,10700","0,01700"
"0,10900","0,02000","0,30800","0,13700","0,07500","0,07500","0,11300","0,07800","0,05600","0,09700","0,06700","0,10800","0,15300","-0,06100","0,14000","0,04000","0,13000","0,16200","-0,09000","-0,05800","-0,07300","0,00700","0,02300","0,13900","-0,23100","0,20700","0,06600","0,08900","0,08700","0,03300","0,00200","0,63000","0,14200","0,06900","0,14800","-0,05100","0,09700","0,01500","0,03900"
"0,06700","0,07000","0,15800","0,03100","0,12000","0,05300","0,03800","0,07400","0,22000","0,09200","0,11000","0,21800","-0,01700","-0,00600","0,04900","0,07400","0,22200","0,19700","0,32900","-0,04800","0,05600","0,10800","0,12200","0,08100","0,07000","0,14300","0,05400","0,00900","0,16100","0,04300","0,14900","0,14200","0,39800","0,04900","0,13900","0,11000","0,16700","0,06800","0,00600"
"0,02800","0,00500","0,08700","0,09400","0,17600","0,08300","0,01700","0,09700","0,21500","0,27600","0,07800","0,10900","0,19500","0,09800","-0,00900","0,07600","0,18800","0,10200","-0,00500","-0,01300","-0,00100","0,05900","0,15800","0,10400","-0,04500","0,08100","0,02900","0,04000","0,16800","0,09100","0,12500","0,06900","0,04900","0,43100","0,23400","0,14900","0,16500","0,00300","0,09200"
"0,04300","0,07500","0,37200","0,03100","0,26200","0,16900","-0,09700","0,14600","0,35200","0,28700","0,10200","0,33100","0,18100","0,34400","0,01100","0,31500","0,51100","0,39200","0,15500","0,03500","0,12700","0,08000","0,23100","-0,05400","-0,00900","0,07600","0,16000","-0,02500","0,22900","0,11900","0,29000","0,14800","0,13900","0,23400","1,17600","0,19000","0,75500","0,24000","0,17300"
"-0,01800","0,08200","0,03200","-0,00200","0,09300","0,09000","-0,03700","0,01200","0,18400","0,22700","0,04900","0,21900","0,09900","0,36500","0,03600","0,24200","0,30100","0,18600","0,19900","0,11000","0,06100","0,16500","0,14500","0,01900","0,06400","0,06100","0,02200","0,01300","0,07700","0,05700","0,18800","-0,05100","0,11000","0,14900","0,19000","0,59000","0,27900","0,13000","-0,03900"
"0,02900","0,16900","0,47100","0,08300","0,40000","0,26000","0,02800","0,19200","0,45400","0,59000","0,16800","0,42100","0,28600","0,35600","-0,08800","0,65500","0,94900","0,85700","0,57500","0,43700","0,20800","0,12600","0,21000","-0,00500","0,21600","0,17800","0,22200","0,18000","0,31300","0,20000","0,34600","0,09700","0,16700","0,16500","0,75500","0,27900","1,48500","0,29200","0,15300"
"0,00100","0,01000","0,11600","-0,03000","0,02600","0,03800","0,00300","0,01000","0,07100","0,09900","0,02200","0,08400","0,03400","0,20800","0,10700","0,12500","0,14500","0,10200","0,09600","0,02000","0,04300","0,03400","0,08100","-0,05700","0,09400","0,13500","0,08600","-0,01600","0,03700","0,07400","0,10700","0,01500","0,06800","0,00300","0,24000","0,13000","0,29200","0,40100","0,05500"
"0,00900","0,02400","0,11700","0,03100","0,04200","0,02900","0,00500","0,05800","0,05000","0,04300","0,02800","0,04400","0,05700","0,03600","-0,04300","0,01700","0,04000","0,05800","-0,00600","0,00000","0,01800","-0,01000","0,02800","-0,02800","0,04700","0,03900","0,05700","-0,04900","0,01700","0,00400","0,01700","0,03900","0,00600","0,09200","0,17300","-0,03900","0,15300","0,05500","0,21100"
