"0,520378470528456","1,17410345528455","1,34099056910569","0,755293348577236","0,719417779471543","0,398794126016258","0,0419903607723581","0,225555579268292","0,559374517276424","0,165238307926829","0,113049644308941","-0,00800984247967304","0,0307774136178855","0,26393119410569","0,343696478658536","0,184018617886177","0,348608785569101","0,0352417987804864","0,166713109756097","0,0865784756097558","0,271549563008131","0,655363333333334","0,340642301829268","0,000783409552844935","-0,141555970528454","0,583340802845528","0,582740894308943","0,28533180894309","0,374484100609756","0,190586595528455","0,361787317073171","0,670540670731707","-0,0376383384146367","0,314604151422763","0,0581823069105704","0,187345040650407","-0,150848399390245","-0,0836004522357735","0,023468389227642"
"1,17410345528455","6,71887601626016","4,93327703252033","3,57717357723577","3,88820178861788","0,804191869918693","-0,504848252032521","0,371967195121949","2,19259691056911","0,922235487804881","0,286832113821134","-0,00959967479674444","-0,0277006504065081","-0,0576128455284578","1,18609707317073","0,497749227642275","1,02780886178861","-0,214168414634146","0,1294906097561","-0,130053170731708","1,50977764227642","2,44938991869918","1,09948402439024","-0,312120325203253","-0,510806504065038","1,20041662601626","2,81364174796748","1,62603369918699","0,69046719512195","0,534346138211381","0,615277804878049","1,125425","-0,450706097560979","0,981621666666662","-0,92667138211382","0,485344430894309","-0,657236829268294","-0,564748333333332","0,0448133739837401"
"1,34099056910569","4,93327703252033","7,52359943089432","3,83915654471545","3,74431138211382","1,58884605691056","-0,332725650406502","1,33627524390244","2,78791845528456","2,58947414634146","0,792609715447149","1,75843528455285","0,214328333333333","1,40461857723577","1,85784012195122","0,739290772357714","1,82601345528454","0,536992195121942","1,57852902439024","0,428570731707317","0,72202723577236","2,99200032520325","1,49314524390244","-0,0504847967479706","0,876784430894311","4,13073898373984","3,60815398373984","0,203389837398378","1,60428731707317","1,2455737398374","1,57834634146342","1,92576743902439","0,476431097560964","0,945291382113816","-0,544871178861783","0,867776056910569","0,169721829268285","-0,0491619105691138","0,372929552845527"
"0,755293348577236","3,57717357723577","3,83915654471545","3,89198822662602","3,09420363313008","1,68775278455284","1,13159755589431","1,20018862804878","1,7819262245935","1,27883245426829","0,477598546747965","0,730358694105693","-0,278334049796751","0,614990584349592","1,75731147865854","0,375741788617886","0,675610370934954","-0,136228323170732","1,09289762195122","-0,0795853048780494","0,491579197154471","2,29822577235772","0,982655838414632","0,0702541412601619","0,970707322154473","1,78384592479675","2,18089894308943","0,945634979674797","1,23143007621951","0,948268302845528","1,08349585365854","0,73139713414634","1,00020727134146","0,202303663617883","-0,877840619918698","0,115544674796748","-0,595541326219513","-0,357237281504064","0,211608755081301"
"0,719417779471543","3,88820178861788","3,74431138211382","3,09420363313008","4,13204042174795","1,22280538617885","-0,00970264735772655","0,55549118902439","2,63757179369918","1,49831318597562","0,393645782520323","0,184258531504069","0,430424202235766","0,870322982723576","1,69167879573171","0,448796747967484","0,661328379065033","-0,622806859756091","0,527749207317084","-0,298154329268292","1,04822147357723","2,21789508130081","1,68210864329268","-0,233687281504066","-0,529389547764225","0,944004136178856","2,61876459349593","1,43237087398374","0,497970076219509","0,731139684959346","0,869223292682926","0,621494573170727","0,587572637195125","0,332100452235767","-0,248399197154469","0,464097154471546","-0,482569862804875","0,284516458333343","0,45307773882114"
"0,398794126016258","0,804191869918693","1,58884605691056","1,68775278455284","1,22280538617885","1,70525577235772","0,796659613821137","0,744488414634147","0,879600508130076","0,513517865853665","0,14369406504065","0,338859898373986","-0,0679809552845586","0,179665386178861","0,647239207317073","0,152630447154476","0,439763191056908","0,251591951219518","0,754135609756107","0,0740301219512196","-0,0815161382113852","0,728967479674792","0,621016524390238","0,411639126016261","0,290670020325206","1,14337430894309","0,229434674796745","0,431443577235769","0,83788932926829","0,292591747967477","0,468058414634145","0,960147317073167","0,805625304878054","0,109864288617883","-0,789187113821138","-0,172291910569106","0,026086524390248","0,0110618495935033","0,317099288617887"
"0,0419903607723581","-0,504848252032521","-0,332725650406502","1,13159755589431","-0,00970264735772655","0,796659613821137","4,8683093851626","0,318235579268292","-0,020734263211383","-1,93049638719512","0,130220985772356","1,35375393800813","-0,686873257113824","-0,245606915650407","0,759242088414633","0,168993800813009","0,0752831148373951","0,874175579268293","0,868411463414635","0,506428231707317","0,51537450203252","1,17978711382114","0,318385289634145","0,713905421747967","1,49119915142276","1,14529610772358","0,10613394308943","0,566752296747967","0,81620544207317","0,290464217479674","0,856216097560975","1,28793682926829","0,732705685975609","-0,477565787601627","-0,714971961382114","-0,248766483739836","0,813881356707317","-0,398512525406504","0,294640706300813"
"0,225555579268292","0,371967195121949","1,33627524390244","1,20018862804878","0,55549118902439","0,744488414634147","0,318235579268292","1,52859981707317","0,767497713414631","1,48321143292683","0,449557500000002","0,416809237804877","0,0787954573170721","0,449337896341464","0,512032286585366","0,204513536585368","0,388803689024393","0,313871036585369","0,951056707317077","-0,244305975609756","-0,686621036585367","0,374622073170731","-0,216069725609758","0,106204725609757","0,672039054878049","1,00717579268293","0,462843414634146","0,0113502439024374","0,593064115853658","0,47156481707317","0,630752073170731","0,219880243902439","1,09666545731708","0,300490152439025","-0,292626890243903","0,0880548780487798","0,148978993902441","-0,142958567073167","-0,00557759146341381"
"0,559374517276424","2,19259691056911","2,78791845528456","1,7819262245935","2,63757179369918","0,879600508130076","-0,020734263211383","0,767497713414631","2,59828792174797","1,54478785060976","0,553381941056907","0,732983622967482","0,312282769308942","0,722435818089429","1,3653355945122","0,540333272357719","0,74192249491869","-0,155281554878054","0,858838536585363","-0,41894530487805","0,620659766260164","1,81291947154472","1,58164092987805","0,126073236788617","-0,404530248983739","1,49541974593496","1,98485056910569","0,932992581300815","0,452476265243903","0,547473343495936","0,978886829268294","0,895568902439023","0,96435041158536","0,258185787601622","-0,143238282520321","0,291969288617886","0,0428546189024345","0,125359720528452","0,446334903455284"
"0,165238307926829","0,922235487804881","2,58947414634146","1,27883245426829","1,49831318597562","0,513517865853665","-1,93049638719512","1,48321143292683","1,54478785060976","7,42017489329268","0,970055945121955","0,889391295731704","2,98657038109756","2,73824538109756","0,723456722560977","0,4431","1,12146626524392","1,08229326219512","1,72582737804878","0,316076890243903","-0,35943100609756","1,77726073170732","0,200507423780491","0,221056051829269","0,663650899390241","1,99760259146342","2,32362951219512","-0,178204207317074","0,388198125000001","0,702697774390245","0,924120365853658","-0,148817012195118","1,36878800304878","1,47338528963415","-1,93920082317074","1,71037829268292","1,13735647865854","1,04343141768292","0,261600137195122"
"0,113049644308941","0,286832113821134","0,792609715447149","0,477598546747965","0,393645782520323","0,14369406504065","0,130220985772356","0,449557500000002","0,553381941056907","0,970055945121955","0,65696949186992","0,662582367886178","0,213580172764226","0,536147855691057","0,391733871951219","0,320944593495938","0,367342428861792","0,194252987804882","0,620250365853663","-0,063174146341463","0,120214898373982","0,532072845528453","0,14189320121951","0,134317693089431","0,238232550813008","0,79854363821138","0,687676016260161","0,00931882113820876","0,178871554878047","0,146426199186991","0,456193414634145","0,407934390243901","0,458301310975614","0,323330355691057","0,00686184959349424","0,391602479674796","0,16310192073171","-0,0703056808943045","0,0859198069105701"
"-0,00800984247967304","-0,00959967479674444","1,75843528455285","0,730358694105693","0,184258531504069","0,338859898373986","1,35375393800813","0,416809237804877","0,732983622967482","0,889391295731704","0,662582367886178","2,59519597052846","-0,382183175813006","0,751486458333333","0,976493064024391","0,674874979674793","1,08956234247967","1,02787509146341","1,72342902439024","0,0902304268292682","0,262898729674799","1,45141130081301","0,616621143292687","0,477871681910569","1,36160581808943","3,29502541666667","1,02574130081301","-0,547006321138209","0,865582759146344","0,408763648373986","0,983819268292685","1,03911414634147","1,19477995426829","0,241099171747968","-0,448883465447153","0,811188313008129","0,862672210365851","-0,286077444105697","0,119614811991869"
"0,0307774136178855","-0,0277006504065081","0,214328333333333","-0,278334049796751","0,430424202235766","-0,0679809552845586","-0,686873257113824","0,0787954573170721","0,312282769308942","2,98657038109756","0,213580172764226","-0,382183175813006","4,22136042174797","1,79808078760162","-2,06612181402439","-0,383618495934958","0,285676793699182","1,07828362804878","-0,658028597560971","1,28137006097561","0,510119522357722","0,785376666666665","-0,0143857469512231","-0,285426671747968","-0,823898328252032","-2,04702330284553","1,04385508130081","0,55303087398374","-0,912934557926832","0,235082123983738","0,0998020731707312","0,26269420731707","-1,16878541158537","1,16338630589431","-1,71336261178862","1,26881800813008","1,58228330792683","0,461467068089435","0,0692924949186995"
"0,26393119410569","-0,0576128455284578","1,40461857723577","0,614990584349592","0,870322982723576","0,179665386178861","-0,245606915650407","0,449337896341464","0,722435818089429","2,73824538109756","0,536147855691057","0,751486458333333","1,79808078760162","3,1579818851626","0,740238795731707","0,604631260162603","0,99504142784553","0,590850579268295","1,05192457317073","0,609508353658536","0,327301717479674","1,85754447154471","0,430678521341462","0,25209393800813","0,543644720528455","1,64351413617886","1,48880922764228","0,0903675813008126","0,482738246951218","0,519043099593495","0,945215975609755","0,516632865853656","0,434277759146344","0,767277647357723","0,595080315040652","1,88715276422764","0,527555746951221","0,189701458333336","0,102500665650407"
"0,343696478658536","1,18609707317073","1,85784012195122","1,75731147865854","1,69167879573171","0,647239207317073","0,759242088414633","0,512032286585366","1,3653355945122","0,723456722560977","0,391733871951219","0,976493064024391","-2,06612181402439","0,740238795731707","4,92906739329268","0,374060792682927","0,0330379725609738","-1,76559527439024","0,654754390243904","-0,990602865853659","-0,32785631097561","1,4478193902439","1,14350047256097","0,642209344512195","1,44524913109756","3,42679301829268","1,25018292682927","0,415263475609756","1,98288135670732","0,474085030487804","1,14970475609756","0,555598536585366","1,4262294054878","-0,595027637195123","1,52529551829268","-0,143708719512194","-1,78889492378049","-0,296183765243901","0,493517393292683"
"0,184018617886177","0,497749227642275","0,739290772357714","0,375741788617886","0,448796747967484","0,152630447154476","0,168993800813009","0,204513536585368","0,540333272357719","0,4431","0,320944593495938","0,674874979674793","-0,383618495934958","0,604631260162603","0,374060792682927","1,72669412601626","1,74026943089432","1,20865670731708","1,23260908536586","-0,141351341463413","0,122790955284552","0,593006422764226","0,377417804878049","0,133252398373985","0,153952906504064","1,00237282520325","0,266562276422763","0,517060691056908","0,152100182926829","0,163414288617885","0,529544878048778","0,624142621951221","0,88273628048781","0,628644674796752","0,312190040650402","0,592224044715446","0,805357256097564","-0,0551430691056889","0,349526077235773"
"0,348608785569101","1,02780886178861","1,82601345528454","0,675610370934954","0,661328379065033","0,439763191056908","0,0752831148373951","0,388803689024393","0,74192249491869","1,12146626524392","0,367342428861792","1,08956234247967","0,285676793699182","0,99504142784553","0,0330379725609738","1,74026943089432","2,68639444613822","2,07520271341465","1,46678981707319","0,472217865853659","0,109464705284548","1,03267983739837","0,495479954268285","0,221438846544717","0,772072860772359","1,67998285569105","0,68155471544715","0,704102825203245","0,675866326219507","0,146966209349589","0,944331585365848","0,897926280487801","0,612496692073184","1,00874115345528","-0,239764014227647","1,08791410569106","1,71411272865855","0,0132389278455424","0,362789476626019"
"0,0352417987804864","-0,214168414634146","0,536992195121942","-0,136228323170732","-0,622806859756091","0,251591951219518","0,874175579268293","0,313871036585369","-0,155281554878054","1,08229326219512","0,194252987804882","1,02787509146341","1,07828362804878","0,590850579268295","-1,76559527439024","1,20865670731708","2,07520271341465","3,45014591463415","1,73635426829268","1,60273451219512","0,198674085365853","0,63097231707317","-0,217397164634145","0,285478993902441","1,02810259146341","0,765661280487806","0,102683170731707","0,365314634146339","-0,220922347560977","-0,0376083536585373","0,303417560975608","1,02353231707317","0,0657959451219582","0,863554786585372","-1,33699530487805","1,11176134146341","2,91898911585366","0,318039237804881","0,156979481707318"
"0,166713109756097","0,1294906097561","1,57852902439024","1,09289762195122","0,527749207317084","0,754135609756107","0,868411463414635","0,951056707317077","0,858838536585363","1,72582737804878","0,620250365853663","1,72342902439024","-0,658028597560971","1,05192457317073","0,654754390243904","1,23260908536586","1,46678981707319","1,73635426829268","2,97018493902439","0,428481951219514","0,12364518292683","1,29027073170732","0,268237865853662","0,453214573170733","1,31164463414634","3,05506591463415","0,851009634146343","-0,283243902439025","0,677539390243904","0,198750914634148","0,765588292682926","0,493327134146346","2,0348206097561","0,428298841463422","-0,348587195121955","1,00881310975609","1,13345707317073","0,462653048780485","0,158201707317073"
"0,0865784756097558","-0,130053170731708","0,428570731707317","-0,0795853048780494","-0,298154329268292","0,0740301219512196","0,506428231707317","-0,244305975609756","-0,41894530487805","0,316076890243903","-0,063174146341463","0,0902304268292682","1,28137006097561","0,609508353658536","-0,990602865853659","-0,141351341463413","0,472217865853659","1,60273451219512","0,428481951219514","2,85850292682927","0,51844731707317","0,520613048780487","-0,274267256097562","0,0816238414634148","0,783283353658536","-0,676518414634147","0,442862682926829","0,198222073170731","-0,274620670731708","-0,277514146341464","-0,0647628048780492","0,100595121951219","-1,39621701219512","0,190878475609757","-0,414968536585366","0,538435731707317","1,37891506097561","0,976666036585367","0,114211402439024"
"0,271549563008131","1,50977764227642","0,72202723577236","0,491579197154471","1,04822147357723","-0,0815161382113852","0,51537450203252","-0,686621036585367","0,620659766260164","-0,35943100609756","0,120214898373982","0,262898729674799","0,510119522357722","0,327301717479674","-0,32785631097561","0,122790955284552","0,109464705284548","0,198674085365853","0,12364518292683","0,51844731707317","1,96978150406504","1,63615154471545","0,626312835365853","0,144762489837398","-0,115121331300812","0,0710386178861785","1,23334849593496","0,530936910569106","-0,229961310975609","-0,0573840650406507","0,168932195121953","0,548130304878048","-0,329256310975612","0,138466046747966","-0,100312703252031","0,360760508130082","0,377978445121951","-0,152920904471545","0,251051656504065"
"0,655363333333334","2,44938991869918","2,99200032520325","2,29822577235772","2,21789508130081","0,728967479674792","1,17978711382114","0,374622073170731","1,81291947154472","1,77726073170732","0,532072845528453","1,45141130081301","0,785376666666665","1,85754447154471","1,4478193902439","0,593006422764226","1,03267983739837","0,63097231707317","1,29027073170732","0,520613048780487","1,63615154471545","3,81228138211382","1,37404963414634","0,777103577235771","1,42992983739838","2,65346552845528","2,81328406504065","1,20276760162602","0,865083048780487","0,76627150406504","1,50660573170732","1,14265268292683","0,568554512195119","0,519540569105688","-0,182119796747965","1,00445504065041","0,612302804878048","-0,387638943089431","0,347789593495935"
"0,340642301829268","1,09948402439024","1,49314524390244","0,982655838414632","1,68210864329268","0,621016524390238","0,318385289634145","-0,216069725609758","1,58164092987805","0,200507423780491","0,14189320121951","0,616621143292687","-0,0143857469512231","0,430678521341462","1,14350047256097","0,377417804878049","0,495479954268285","-0,217397164634145","0,268237865853662","-0,274267256097562","0,626312835365853","1,37404963414634","1,70323050304878","0,0930860213414623","-0,285913826219511","1,03329923780487","1,14504634146341","0,779274573170731","0,355591996951218","0,32495344512195","0,626192682926829","0,819956524390241","0,392223338414633","-0,179343948170736","0,000213628048782696","0,0642352439024402","-0,0871746493902439","0,0663494359756123","0,344157667682927"
"0,000783409552844935","-0,312120325203253","-0,0504847967479706","0,0702541412601619","-0,233687281504066","0,411639126016261","0,713905421747967","0,106204725609757","0,126073236788617","0,221056051829269","0,134317693089431","0,477871681910569","-0,285426671747968","0,25209393800813","0,642209344512195","0,133252398373985","0,221438846544717","0,285478993902441","0,453214573170733","0,0816238414634148","0,144762489837398","0,777103577235771","0,0930860213414623","1,26925469004065","0,717714944105691","1,01206946138211","-0,111132398373985","0,212071686991869","0,529354405487804","-0,0120582825203259","0,431841951219511","0,579828353658536","0,356571356707319","0,00497665142276493","0,161512550813007","-0,193751178861788","0,321207271341465","-0,169057220528454","0,260100401422764"
"-0,141555970528454","-0,510806504065038","0,876784430894311","0,970707322154473","-0,529389547764225","0,290670020325206","1,49119915142276","0,672039054878049","-0,404530248983739","0,663650899390241","0,238232550813008","1,36160581808943","-0,823898328252032","0,543644720528455","1,44524913109756","0,153952906504064","0,772072860772359","1,02810259146341","1,31164463414634","0,783283353658536","-0,115121331300812","1,42992983739838","-0,285913826219511","0,717714944105691","4,43812182418699","2,9769005995935","0,921885203252034","-0,163641077235771","1,64763065548781","0,507576758130083","1,07889378048781","-0,530943170731705","0,847815777439023","-1,01360152947154","-0,210854014227642","-0,23845912601626","1,07771157012195","-0,58545954776423","0,249296001016259"
"0,583340802845528","1,20041662601626","4,13073898373984","1,78384592479675","0,944004136178856","1,14337430894309","1,14529610772358","1,00717579268293","1,49541974593496","1,99760259146342","0,79854363821138","3,29502541666667","-2,04702330284553","1,64351413617886","3,42679301829268","1,00237282520325","1,67998285569105","0,765661280487806","3,05506591463415","-0,676518414634147","0,0710386178861785","2,65346552845528","1,03329923780487","1,01206946138211","2,9769005995935","9,94252540650406","1,85359345528455","-1,0935081300813","2,63266606707317","0,929381747967479","1,63917292682927","1,81341701219512","2,44027106707317","-0,0988819004065068","1,06309270325203","1,43437412601626","0,423573628048781","-0,912960558943088","0,124222611788618"
"0,582740894308943","2,81364174796748","3,60815398373984","2,18089894308943","2,61876459349593","0,229434674796745","0,10613394308943","0,462843414634146","1,98485056910569","2,32362951219512","0,687676016260161","1,02574130081301","1,04385508130081","1,48880922764228","1,25018292682927","0,266562276422763","0,68155471544715","0,102683170731707","0,851009634146343","0,442862682926829","1,23334849593496","2,81328406504065","1,14504634146341","-0,111132398373985","0,921885203252034","1,85359345528455","3,56918333333333","0,687054552845529","0,505067926829269","0,810040284552845","1,24104963414634","0,515948658536584","0,171093658536583","0,197927276422761","-0,63717869918699","0,910281991869919","0,451196951219511","0,340448983739838","0,37608325203252"
"0,28533180894309","1,62603369918699","0,203389837398378","0,945634979674797","1,43237087398374","0,431443577235769","0,566752296747967","0,0113502439024374","0,932992581300815","-0,178204207317074","0,00931882113820876","-0,547006321138209","0,55303087398374","0,0903675813008126","0,415263475609756","0,517060691056908","0,704102825203245","0,365314634146339","-0,283243902439025","0,198222073170731","0,530936910569106","1,20276760162602","0,779274573170731","0,212071686991869","-0,163641077235771","-1,0935081300813","0,687054552845529","2,73163674796748","-0,339921280487804","-0,123531788617886","0,56473780487805","0,756677804878048","-0,556427012195125","0,641733678861786","-0,033616504065039","0,270837967479676","0,556364695121949","-0,121567662601627","0,358664776422764"
"0,374484100609756","0,69046719512195","1,60428731707317","1,23143007621951","0,497970076219509","0,83788932926829","0,81620544207317","0,593064115853658","0,452476265243903","0,388198125000001","0,178871554878047","0,865582759146344","-0,912934557926832","0,482738246951218","1,98288135670732","0,152100182926829","0,675866326219507","-0,220922347560977","0,677539390243904","-0,274620670731708","-0,229961310975609","0,865083048780487","0,355591996951218","0,529354405487804","1,64763065548781","2,63266606707317","0,505067926829269","-0,339921280487804","2,11054727134146","0,352257713414634","0,891555853658537","0,584058658536584","0,965098856707315","-0,257249893292685","-0,0754405792682904","-0,0589472560975599","-0,412133643292683","-0,388539801829268","0,185757698170731"
"0,190586595528455","0,534346138211381","1,2455737398374","0,948268302845528","0,731139684959346","0,292591747967477","0,290464217479674","0,47156481707317","0,547473343495936","0,702697774390245","0,146426199186991","0,408763648373986","0,235082123983738","0,519043099593495","0,474085030487804","0,163414288617885","0,146966209349589","-0,0376083536585373","0,198750914634148","-0,277514146341464","-0,0573840650406507","0,76627150406504","0,32495344512195","-0,0120582825203259","0,507576758130083","0,929381747967479","0,810040284552845","-0,123531788617886","0,352257713414634","1,08656760162602","0,640918292682927","0,304228963414633","0,499967103658535","-0,132833180894311","-0,198892906504064","0,0292137601626021","-0,115958628048781","-0,546831961382114","-0,0517202540650407"
"0,361787317073171","0,615277804878049","1,57834634146342","1,08349585365854","0,869223292682926","0,468058414634145","0,856216097560975","0,630752073170731","0,978886829268294","0,924120365853658","0,456193414634145","0,983819268292685","0,0998020731707312","0,945215975609755","1,14970475609756","0,529544878048778","0,944331585365848","0,303417560975608","0,765588292682926","-0,0647628048780492","0,168932195121953","1,50660573170732","0,626192682926829","0,431841951219511","1,07889378048781","1,63917292682927","1,24104963414634","0,56473780487805","0,891555853658537","0,640918292682927","1,55356804878049","0,798028170731707","0,698398536585363","0,0409226829268271","0,179900000000002","0,132410975609756","0,484298414634145","0,0346423170731685","0,350956097560975"
"0,670540670731707","1,125425","1,92576743902439","0,73139713414634","0,621494573170727","0,960147317073167","1,28793682926829","0,219880243902439","0,895568902439023","-0,148817012195118","0,407934390243901","1,03911414634147","0,26269420731707","0,516632865853656","0,555598536585366","0,624142621951221","0,897926280487801","1,02353231707317","0,493327134146346","0,100595121951219","0,548130304878048","1,14265268292683","0,819956524390241","0,579828353658536","-0,530943170731705","1,81341701219512","0,515948658536584","0,756677804878048","0,584058658536584","0,304228963414633","0,798028170731707","3,56470006097561","-0,172182073170731","0,729985182926827","-0,783250487804878","0,777223231707317","0,568938658536587","-0,719405365853656","0,322916829268293"
"-0,0376383384146367","-0,450706097560979","0,476431097560964","1,00020727134146","0,587572637195125","0,805625304878054","0,732705685975609","1,09666545731708","0,96435041158536","1,36878800304878","0,458301310975614","1,19477995426829","-1,16878541158537","0,434277759146344","1,4262294054878","0,88273628048781","0,612496692073184","0,0657959451219582","2,0348206097561","-1,39621701219512","-0,329256310975612","0,568554512195119","0,392223338414633","0,356571356707319","0,847815777439023","2,44027106707317","0,171093658536583","-0,556427012195125","0,965098856707315","0,499967103658535","0,698398536585363","-0,172182073170731","3,15305044207318","-0,141754161585361","-0,0895694817073222","0,0279466463414621","-0,00842657012194552","-0,189511874999994","0,189844161585367"
"0,314604151422763","0,981621666666662","0,945291382113816","0,202303663617883","0,332100452235767","0,109864288617883","-0,477565787601627","0,300490152439025","0,258185787601622","1,47338528963415","0,323330355691057","0,241099171747968","1,16338630589431","0,767277647357723","-0,595027637195123","0,628644674796752","1,00874115345528","0,863554786585372","0,428298841463422","0,190878475609757","0,138466046747966","0,519540569105688","-0,179343948170736","0,00497665142276493","-1,01360152947154","-0,0988819004065068","0,197927276422761","0,641733678861786","-0,257249893292685","-0,132833180894311","0,0409226829268271","0,729985182926827","-0,141754161585361","2,59793322662602","-0,0490430386178882","1,33954276422764","0,34764528963415","-0,454950096544708","0,115174720528457"
"0,0581823069105704","-0,92667138211382","-0,544871178861783","-0,877840619918698","-0,248399197154469","-0,789187113821138","-0,714971961382114","-0,292626890243903","-0,143238282520321","-1,93920082317074","0,00686184959349424","-0,448883465447153","-1,71336261178862","0,595080315040652","1,52529551829268","0,312190040650402","-0,239764014227647","-1,33699530487805","-0,348587195121955","-0,414968536585366","-0,100312703252031","-0,182119796747965","0,000213628048782696","0,161512550813007","-0,210854014227642","1,06309270325203","-0,63717869918699","-0,033616504065039","-0,0754405792682904","-0,198892906504064","0,179900000000002","-0,783250487804878","-0,0895694817073222","-0,0490430386178882","8,15168680894309","-1,12024101626016","-0,714469725609761","0,859970558943085","0,00731592479674656"
"0,187345040650407","0,485344430894309","0,867776056910569","0,115544674796748","0,464097154471546","-0,172291910569106","-0,248766483739836","0,0880548780487798","0,291969288617886","1,71037829268292","0,391602479674796","0,811188313008129","1,26881800813008","1,88715276422764","-0,143708719512194","0,592224044715446","1,08791410569106","1,11176134146341","1,00881310975609","0,538435731707317","0,360760508130082","1,00445504065041","0,0642352439024402","-0,193751178861788","-0,23845912601626","1,43437412601626","0,910281991869919","0,270837967479676","-0,0589472560975599","0,0292137601626021","0,132410975609756","0,777223231707317","0,0279466463414621","1,33954276422764","-1,12024101626016","3,16121266260162","0,799631768292681","-0,253522784552848","-0,420797174796748"
"-0,150848399390245","-0,657236829268294","0,169721829268285","-0,595541326219513","-0,482569862804875","0,026086524390248","0,813881356707317","0,148978993902441","0,0428546189024345","1,13735647865854","0,16310192073171","0,862672210365851","1,58228330792683","0,527555746951221","-1,78889492378049","0,805357256097564","1,71411272865855","2,91898911585366","1,13345707317073","1,37891506097561","0,377978445121951","0,612302804878048","-0,0871746493902439","0,321207271341465","1,07771157012195","0,423573628048781","0,451196951219511","0,556364695121949","-0,412133643292683","-0,115958628048781","0,484298414634145","0,568938658536587","-0,00842657012194552","0,34764528963415","-0,714469725609761","0,799631768292681","3,53639007621951","1,08027574695122","0,359226661585366"
"-0,0836004522357735","-0,564748333333332","-0,0491619105691138","-0,357237281504064","0,284516458333343","0,0110618495935033","-0,398512525406504","-0,142958567073167","0,125359720528452","1,04343141768292","-0,0703056808943045","-0,286077444105697","0,461467068089435","0,189701458333336","-0,296183765243901","-0,0551430691056889","0,0132389278455424","0,318039237804881","0,462653048780485","0,976666036585367","-0,152920904471545","-0,387638943089431","0,0663494359756123","-0,169057220528454","-0,58545954776423","-0,912960558943088","0,340448983739838","-0,121567662601627","-0,388539801829268","-0,546831961382114","0,0346423170731685","-0,719405365853656","-0,189511874999994","-0,454950096544708","0,859970558943085","-0,253522784552848","1,08027574695122","3,4281037754065","0,270142129065041"
"0,023468389227642","0,0448133739837401","0,372929552845527","0,211608755081301","0,45307773882114","0,317099288617887","0,294640706300813","-0,00557759146341381","0,446334903455284","0,261600137195122","0,0859198069105701","0,119614811991869","0,0692924949186995","0,102500665650407","0,493517393292683","0,349526077235773","0,362789476626019","0,156979481707318","0,158201707317073","0,114211402439024","0,251051656504065","0,347789593495935","0,344157667682927","0,260100401422764","0,249296001016259","0,124222611788618","0,37608325203252","0,358664776422764","0,185757698170731","-0,0517202540650407","0,350956097560975","0,322916829268293","0,189844161585367","0,115174720528457","0,00731592479674656","-0,420797174796748","0,359226661585366","0,270142129065041","0,913590238821138"
