"0,690976317920728","1,33249889302144","1,69944779552956","0,985168765977908","0,971914927589344","0,669773599922028","0,351428282183235","0,70484158934373","1,12587939651722","1,03231178232619","0,487073727641325","0,754083800805718","0,678194642131254","0,883918170838207","0,45167645439896","0,324675812449642","0,853272507056531","0,732361137179987","0,583778360857699","0,263913212215724","0,141998550851202","0,955868067550357","0,3555032822872","0,267670822222222","0,620418773333333","0,58333637785575","0,701971545679012","0,486303905756985","0,565950066042885","0,23811559251462","0,637005207745289","0,314564394593892","0,399910019831059","0,330212949993502","0,36221464431449","0,415390686211826","0,975759143833657","0,246753947836258","0,0354561614814817"
"1,33249889302144","5,18765581567252","4,580007977154","3,39881747633528","2,66383993419103","1,77992052654971","0,380551795555555","1,71989466471735","2,49437874846004","2,11704310331384","1,07859328725146","1,97852188647174","1,18841011688109","1,83712016116959","1,49743275493177","0,869351572007796","2,12323007883041","1,42941062471735","1,44168821918129","0,571797527095517","0,310112549785574","2,94399772483431","0,573476319220274","0,890987533333334","2,13698029754386","1,60182004888889","1,8885107957115","1,2203545260039","1,64282235976608","0,33186005754386","1,80243707968811","0,78489395539961","1,01979295922027","0,24579887165692","-0,227058710721245","0,557221255984406","2,0002501217154","0,586309286315792","-0,118169477426899"
"1,69944779552956","4,580007977154","7,50316163487979","3,66093135215075","3,82444362094867","2,85191244920078","1,05163788974659","1,92756596621183","3,45873914851202","3,14378772059779","1,42045834955165","2,98172456878493","1,77403993798571","2,32042413091618","1,74596469530864","1,18917318638076","2,96268511750488","2,3912275271475","1,86166707072125","1,014224197141","0,725285500610785","3,3048892880052","1,34611773642625","0,90612258128655","2,81880216701754","2,72122074846004","2,31847818531514","0,840939870851202","1,88020511641325","0,625121140818712","2,3742012811436","1,28546462528915","1,01583890765432","0,395945501468486","0,284511507732297","0,648292807355424","3,29849392517219","0,921542196023392","0,0798730876413271"
"0,985168765977908","3,39881747633528","3,66093135215075","3,87822561632229","2,79268847607537","1,73550774908382","1,34279003758284","1,85733175958415","2,52286649299545","2,34611154905783","0,973816886627679","1,52168256356076","0,798954019311243","1,62629973278753","1,80683694474334","0,741051804470433","1,71160698510721","1,26936449666017","1,77367528920078","0,391941027160494","0,00437212103963506","2,55737725658219","0,965574304301492","0,634704876023392","2,13315817964912","1,98195084506823","1,71412893073424","1,33627313182586","1,60659409091618","0,421385192748537","1,52986147053931","0,889391172735542","1,545793025705","0,273298094294996","-0,529828274333979","0,530962686965561","1,44701467191683","0,535272533567252","-0,157058271890837"
"0,971914927589344","2,66383993419103","3,82444362094867","2,79268847607537","3,63008329994802","2,12004246495127","0,659523501013643","1,71096531643925","3,2524043128525","2,62627782521117","1,03349314144249","1,42549711948018","1,12890439179987","1,77209850931774","1,52323978274204","1,09383324933073","2,1791891008577","1,40065652322287","1,64966257746588","0,645235238921378","0,352280441533461","2,13620214224821","1,30311582610786","0,504159571345029","1,58568407298246","1,63194945844054","1,54457208388564","1,48476015296946","1,50346198101364","0,81979145111111","1,67619369846654","0,494980254749836","1,2078371608447","0,48079820862898","-0,295916798765428","0,718242670344379","1,90388555732293","0,596055234853803","-0,0136684246003875"
"0,669773599922028","1,77992052654971","2,85191244920078","1,73550774908382","2,12004246495127","1,92391522760234","0,68037828608187","0,889458670565302","1,89859666097466","1,72586914424951","0,677415776374268","1,22126566565302","1,10449431009747","1,11138127415204","1,05478198136452","0,470139119142299","1,35120073707603","0,991893364600389","0,874750403742689","0,591213594931774","0,378355479376218","1,48435739243665","0,848505063313845","0,618471564912282","1,37963877333333","1,26000937590643","0,939129794541911","0,834115807641327","1,09708585941521","0,817357323508774","1,17558303360624","0,697468983937621","0,586278888577","0,500891730370371","0,111091877582843","0,651445768732947","1,41497865130604","0,0444731466666738","0,160325095204679"
"0,351428282183235","0,380551795555555","1,05163788974659","1,34279003758284","0,659523501013643","0,68037828608187","3,34807818374269","0,495852382066277","0,961841378323585","0,253509066276802","0,192251834853801","0,800998464873295","0,405411685341131","0,0241376718128663","0,321751287407407","-0,324909446159844","-0,0760885991812877","0,1569933217154","0,140862953450292","-0,446799014230019","0,350079218167641","0,22837857177388","0,372853023352824","0,24246908245614","0,493067527719298","0,768175027953217","0,295502930019493","0,301950270604289","0,418377914970759","0,251209419999999","-0,00327578413255422","0,256438275360624","0,3135380591423","0,0128664808576994","-0,287453893372318","-0,0310857585575071","0,227266109395712","-0,235658256842108","-0,0344797264327482"
"0,70484158934373","1,71989466471735","1,92756596621183","1,85733175958415","1,71096531643925","0,889458670565302","0,495852382066277","2,37250338661468","1,9934622560104","1,64460347433398","1,00139910916179","1,13578972579597","0,75819043144899","1,33290001949318","0,7001271280052","0,515724435997402","1,34082366471735","0,919358486029888","1,17273176413255","0,293733886289798","-0,240431624431448","1,56756189733593","-0,129672102664064","0,466544801169591","1,0183641754386","0,868348212475633","0,968868885640026","1,0640335308642","0,936558504873295","0,212903198830411","1,11369402794022","0,230586381416505","0,890152371020144","0,149288190383366","0,0129811293047383","0,274984011046137","1,39640060363873","0,00849746783625913","-0,082847196881093"
"1,12587939651722","2,49437874846004","3,45873914851202","2,52286649299545","3,2524043128525","1,89859666097466","0,961841378323585","1,9934622560104","4,01862204283301","2,75495578232618","1,3094157879922","1,88948462606888","1,25613762178038","2,00597346417154","1,41105533369721","1,23988954508122","2,45839138003899","1,73550627612736","1,92705535664717","1,06436981923327","0,444310115061727","2,38254254755035","1,8296379145679","0,578772706432749","1,51680316912281","1,70540085715399","1,50548870006498","1,74557633312541","1,49222240358674","0,789584243040936","1,7411389537102","0,465814332839505","1,21841483246264","0,68949808402859","-0,30527836270305","0,980240585860948","2,17573643786874","0,556247693801173","-0,0879462539571129"
"1,03231178232619","2,11704310331384","3,14378772059779","2,34611154905783","2,62627782521117","1,72586914424951","0,253509066276802","1,64460347433398","2,75495578232618","4,91189854450942","1,06919423196881","1,61012998895387","2,4134013437297","2,94914893177388","1,50017468940871","1,47027992722547","2,52442173489279","1,84323555620533","1,63000909746589","0,768503728395062","0,497044656270305","2,54912007277453","1,0846435640026","0,734425099415204","1,17737322807017","1,81937791423002","1,35939397335932","1,2915482677063","1,32220287329435","1,04238232163743","1,79739053671215","0,596239118258611","1,24636787979207","1,15462450617284","0,117670059129309","1,24781687069526","2,70115479662118","0,220729730994148","-0,0573318284600384"
"0,487073727641325","1,07859328725146","1,42045834955165","0,973816886627679","1,03349314144249","0,677415776374268","0,192251834853801","1,00139910916179","1,3094157879922","1,06919423196881","1,16875942269006","1,13086728740741","0,801473805536063","1,20501457099415","0,354596881715398","0,536586985107212","1,12516207672515","1,14827571758285","1,08172597146199","0,212186903703704","0,201170212007797","1,15850890050682","0,457201492085767","0,249059607017543","0,779284741052631","0,724576718362574","0,739150527875243","0,740500666588694","0,599275888187133","0,201368724912279","0,896445011150097","0,474125269551657","0,843157318752436","0,428434081949317","0,700976449512673","0,431563542066275","1,48767567516569","0,264765229473682","0,130340700818714"
"0,754083800805718","1,97852188647174","2,98172456878493","1,52168256356076","1,42549711948018","1,22126566565302","0,800998464873295","1,13578972579597","1,88948462606888","1,61012998895387","1,13086728740741","3,19582063620533","1,81121750326186","2,16467703844054","0,647422888473037","0,865209406289799","1,88093451805068","1,62885554240416","1,08573030167641","0,449273255880441","0,156173023053932","2,33968167581547","0,955892737569855","0,622249338011697","1,0512849445614","0,541476782300194","0,934565070435348","0,174616239168291","0,979744265575049","0,363260639532166","1,29335300361273","0,386623089954516","0,525233034411957","0,792296025938922","0,99503084392462","0,818796231864851","2,35520278445744","-0,211390702690054","0,0246680922417136"
"0,678194642131254","1,18841011688109","1,77403993798571","0,798954019311243","1,12890439179987","1,10449431009747","0,405411685341131","0,75819043144899","1,25613762178038","2,4134013437297","0,801473805536063","1,81121750326186","3,34741236739441","2,93023823610136","0,40392775474984","0,362092246835609","1,28556047653021","0,781591100688757","0,104474812787525","0,181396635022743","0,00885485190383418","1,45969214404159","0,44366020404159","0,68830115380117","0,438826134035089","-0,260080204249514","0,64208702462638","0,496006148914879","0,747096780779728","0,898521006198832","1,09181889230669","0,109712973190383","0,0253694026380779","1,86532996122157","1,46815929519168","1,31732294551007","1,84038792909682","-0,118143972865494","0,369265561832356"
"0,883918170838207","1,83712016116959","2,32042413091618","1,62629973278753","1,77209850931774","1,11138127415204","0,0241376718128663","1,33290001949318","2,00597346417154","2,94914893177388","1,20501457099415","2,16467703844054","2,93023823610136","4,3676877328655","1,09480747594542","1,66984479079922","2,45905996818713","1,68346335001949","1,68235421380117","0,767834153606238","-0,0414886746978548","2,43187917832359","0,880923132007798","0,418255084210526","0,783913440701755","0,330796034619885","1,3693662288499","1,04097234206628","0,974506470409358","0,622343827368422","1,70461799680312","0,221234406705654","1,2409012120078","1,99218283922027","1,83705360194931","2,12527167454191","2,04946604810916","0,218771211228068","0,0563437188304072"
"0,45167645439896","1,49743275493177","1,74596469530864","1,80683694474334","1,52323978274204","1,05478198136452","0,321751287407407","0,7001271280052","1,41105533369721","1,50017468940871","0,354596881715398","0,647422888473037","0,40392775474984","1,09480747594542","2,49795420018194","0,550477398856399","0,706261807563356","-0,221675012813514","0,554888813411305","0,341475497335933","-0,0835145442235229","1,40870860184535","0,730352488862896","0,559971107602339","1,00011350035088","0,851948935594542","0,947919762313191","0,94628547708902","0,863086900038985","0,221504702222221","0,864505659311242","0,865456492735542","0,931037291669914","0,424885643768681","-0,194175277842751","0,74527573328135","-0,425078979311242","0,104668108304093","-0,314184093645222"
"0,324675812449642","0,869351572007796","1,18917318638076","0,741051804470433","1,09383324933073","0,470139119142299","-0,324909446159844","0,515724435997402","1,23988954508122","1,47027992722547","0,536586985107212","0,865209406289799","0,362092246835609","1,66984479079922","0,550477398856399","2,21501432899285","2,2991834842885","1,71890080535413","1,86001556031189","1,00551100922677","0,327669700532813","1,42413935381416","0,733841702586091","0,120523732163742","0,508855823859648","1,0531299065887","0,770236243404808","0,778697135490578","0,320289872436646","0,160195086783624","0,934836402625081","0,319122556439247","1,17893850048083","0,670569997063027","0,249349195061732","1,14780099932423","1,3556532022872","0,660634099181283","-0,127608806861598"
"0,853272507056531","2,12323007883041","2,96268511750488","1,71160698510721","2,1791891008577","1,35120073707603","-0,0760885991812877","1,34082366471735","2,45839138003899","2,52442173489279","1,12516207672515","1,88093451805068","1,28556047653021","2,45905996818713","0,706261807563356","2,2991834842885","3,79284336830409","3,0391429054191","2,46711613146199","1,09766767621832","0,336857216452242","2,31846188272904","1,03626590693958","0,507087822807019","1,55143717473684","1,72022240853801","1,46895333079922","1,54353230670565","1,57306778959064","0,472381680350879","1,92428417617934","0,892995876452241","1,43452373992203","0,939489169902534","1,00667243840155","1,4282283700195","3,23961375329434","0,552337426666673","-0,0399449072514634"
"0,732361137179987","1,42941062471735","2,3912275271475","1,26936449666017","1,40065652322287","0,991893364600389","0,1569933217154","0,919358486029888","1,73550627612736","1,84323555620533","1,14827571758285","1,62885554240416","0,781591100688757","1,68346335001949","-0,221675012813514","1,71890080535413","3,0391429054191","4,10865587035737","2,69129382939571","1,07566924652372","0,407923811591944","2,04730201289149","1,0069637665757","0,29608625380117","1,55626477754386","2,14522910791423","1,29731189031839","1,29847461133203","0,951125878206628","0,171685071812866","1,32233708244314","1,31015737954516","1,32041736587394","0,307167513424301","1,27103135503573","0,687279493385316","3,79190981510071","0,385441808888888","0,158983488031188"
"0,583778360857699","1,44168821918129","1,86166707072125","1,77367528920078","1,64966257746588","0,874750403742689","0,140862953450292","1,17273176413255","1,92705535664717","1,63000909746589","1,08172597146199","1,08573030167641","0,104474812787525","1,68235421380117","0,554888813411305","1,86001556031189","2,46711613146199","2,69129382939571","3,21194928935672","1,08486158557505","0,0964830293177386","1,77418985933723","1,06747499758284","-0,0141042385964918","1,85712177122807","2,02378815415205","1,41918949161793","1,34837490612086","0,818557622923976","0,104354776842104","1,17781758261209","0,430496277037038","2,3273830937232","0,281009035399609","0,565194739571152","0,820547296920077","2,23793651352826","0,597104145964909","-0,125993758128655"
"0,263913212215724","0,571797527095517","1,014224197141","0,391941027160494","0,645235238921378","0,591213594931774","-0,446799014230019","0,293733886289798","1,06436981923327","0,768503728395062","0,212186903703704","0,449273255880441","0,181396635022743","0,767834153606238","0,341475497335933","1,00551100922677","1,09766767621832","1,07566924652372","1,08486158557505","3,8271589431449","0,0147243912930477","0,786733696036388","0,817495736387264","0,337350733918129","0,465516063157894","0,419877232553606","0,205917337556855","0,964849030344379","-0,189572003703704","0,319122087134503","0,379642456075374","0,152590099480182","-1,0272994425601","-0,0748322223521766","-0,295358216049383","0,251014861663418","0,716224110591293","0,712490816374269","0,0163994840155942"
"0,141998550851202","0,310112549785574","0,725285500610785","0,00437212103963506","0,352280441533461","0,378355479376218","0,350079218167641","-0,240431624431448","0,444310115061727","0,497044656270305","0,201170212007797","0,156173023053932","0,00885485190383418","-0,0414886746978548","-0,0835145442235229","0,327669700532813","0,336857216452242","0,407923811591944","0,0964830293177386","0,0147243912930477","1,20504474458739","0,602696119116309","0,307977997712798","0,200526732163742","0,210108251929824","0,303703406003899","0,0968097034437947","0,0632104037166992","0,103643122729044","0,323800634152046","0,184714800675763","0,196337035581547","0,115007676309291","-0,121421803326836","-0,314709426770628","-0,139723445510073","0,376954053359325","0,243348674619881","0,141959727641326"
"0,955868067550357","2,94399772483431","3,3048892880052","2,55737725658219","2,13620214224821","1,48435739243665","0,22837857177388","1,56756189733593","2,38254254755035","2,54912007277453","1,15850890050682","2,33968167581547","1,45969214404159","2,43187917832359","1,40870860184535","1,42413935381416","2,31846188272904","2,04730201289149","1,77418985933723","0,786733696036388","0,602696119116309","3,91469017460689","1,16787841460688","1,05550996608187","1,72907320280702","1,24143864499026","1,74547506536712","1,1681419017024","1,23181133949318","0,447004866900583","1,6762024191293","0,966911288473035","1,26416440197531","0,802343334165042","0,202466001429504","0,883191364886288","2,25152251560754","0,422651775204674","0,157530358440547"
"0,3555032822872","0,573476319220274","1,34611773642625","0,965574304301492","1,30311582610786","0,848505063313845","0,372853023352824","-0,129672102664064","1,8296379145679","1,0846435640026","0,457201492085767","0,955892737569855","0,44366020404159","0,880923132007798","0,730352488862896","0,733841702586091","1,03626590693958","1,0069637665757","1,06747499758284","0,817495736387264","0,307977997712798","1,16787841460688","2,15487016934373","-0,0372455304093567","0,59258108491228","1,0764135688499","0,658576432033789","0,574922203105914","0,455890525808965","0,44458277111111","0,665253721936324","0,31765623128005","0,529393360922676","0,584840164340481","-0,214679607342423","0,76303329716699","0,888683899467184","0,518480139415208","0,0569623875633562"
"0,267670822222222","0,890987533333334","0,90612258128655","0,634704876023392","0,504159571345029","0,618471564912282","0,24246908245614","0,466544801169591","0,578772706432749","0,734425099415204","0,249059607017543","0,622249338011697","0,68830115380117","0,418255084210526","0,559971107602339","0,120523732163742","0,507087822807019","0,29608625380117","-0,0141042385964918","0,337350733918129","0,200526732163742","1,05550996608187","-0,0372455304093567","1,04041116666667","0,584441077192982","-0,0421056263157899","0,231079476608187","0,431997062573099","0,446146510526315","0,217510275438596","0,327728525730995","0,423191684795321","-0,0392899479532165","0,292249402339181","-0,145586961988303","0,116969439181286","0,332755995321637","0,0690155052631584","0,0452002157894743"
"0,620418773333333","2,13698029754386","2,81880216701754","2,13315817964912","1,58568407298246","1,37963877333333","0,493067527719298","1,0183641754386","1,51680316912281","1,17737322807017","0,779284741052631","1,0512849445614","0,438826134035089","0,783913440701755","1,00011350035088","0,508855823859648","1,55143717473684","1,55626477754386","1,85712177122807","0,465516063157894","0,210108251929824","1,72907320280702","0,59258108491228","0,584441077192982","3,89065178526316","1,61859046877193","1,46943747017544","1,19617376421053","1,2656564568421","0,359234503157894","1,22910906877193","0,0921069136842106","1,31168873192982","-0,0578179221052635","0,794735642105264","0,162199068070175","1,38294226245614","0,616718612631579","-0,170112776842105"
"0,58333637785575","1,60182004888889","2,72122074846004","1,98195084506823","1,63194945844054","1,26000937590643","0,768175027953217","0,868348212475633","1,70540085715399","1,81937791423002","0,724576718362574","0,541476782300194","-0,260080204249514","0,330796034619885","0,851948935594542","1,0531299065887","1,72022240853801","2,14522910791423","2,02378815415205","0,419877232553606","0,303703406003899","1,24143864499026","1,0764135688499","-0,0421056263157899","1,61859046877193","5,77061381883041","1,15109757095517","1,19254927364522","0,831404942339181","0,267488516842105","1,00061793890838","1,44040904354776","1,06310024183236","-0,603031644990254","-0,112591126120858","-0,352429057037038","2,02807463758285","0,366409390175436","0,168651731111111"
"0,701971545679012","1,8885107957115","2,31847818531514","1,71412893073424","1,54457208388564","0,939129794541911","0,295502930019493","0,968868885640026","1,50548870006498","1,35939397335932","0,739150527875243","0,934565070435348","0,64208702462638","1,3693662288499","0,947919762313191","0,770236243404808","1,46895333079922","1,29731189031839","1,41918949161793","0,205917337556855","0,0968097034437947","1,74547506536712","0,658576432033789","0,231079476608187","1,46943747017544","1,15109757095517","1,66891378525016","0,953802117024042","0,898179768615984","0,229315951461989","1,18973831234568","0,577326132098766","1,26918670220923","0,563040320597791","0,691012584470434","0,553567054126057","1,36315980870695","0,556472425730996","0,0579276703703702"
"0,486303905756985","1,2203545260039","0,840939870851202","1,33627313182586","1,48476015296946","0,834115807641327","0,301950270604289","1,0640335308642","1,74557633312541","1,2915482677063","0,740500666588694","0,174616239168291","0,496006148914879","1,04097234206628","0,94628547708902","0,778697135490578","1,54353230670565","1,29847461133203","1,34837490612086","0,964849030344379","0,0632104037166992","1,1681419017024","0,574922203105914","0,431997062573099","1,19617376421053","1,19254927364522","0,953802117024042","2,47072801183886","0,845143231306043","0,316383823040936","1,03924903803769","1,1810103888629","0,782677172930475","0,457976519350228","0,58836531039636","0,766721810305394","1,20321269494477","0,212486354152048","0,0203084783235866"
"0,565950066042885","1,64282235976608","1,88020511641325","1,60659409091618","1,50346198101364","1,09708585941521","0,418377914970759","0,936558504873295","1,49222240358674","1,32220287329435","0,599275888187133","0,979744265575049","0,747096780779728","0,974506470409358","0,863086900038985","0,320289872436646","1,57306778959064","0,951125878206628","0,818557622923976","-0,189572003703704","0,103643122729044","1,23181133949318","0,455890525808965","0,446146510526315","1,2656564568421","0,831404942339181","0,898179768615984","0,845143231306043","1,68787680690058","0,424637249473683","1,13714846709552","0,59418167325536","0,895869552475633","0,446953467524366","0,204196239961016","0,539260320038985","1,18842479641325","-0,0516077775438602","-0,0636849348538001"
"0,23811559251462","0,33186005754386","0,625121140818712","0,421385192748537","0,81979145111111","0,817357323508774","0,251209419999999","0,212903198830411","0,789584243040936","1,04238232163743","0,201368724912279","0,363260639532166","0,898521006198832","0,622343827368422","0,221504702222221","0,160195086783624","0,472381680350879","0,171685071812866","0,104354776842104","0,319122087134503","0,323800634152046","0,447004866900583","0,44458277111111","0,217510275438596","0,359234503157894","0,267488516842105","0,229315951461989","0,316383823040936","0,424637249473683","1,27918832877193","0,581796392865498","0,0752540632748528","-0,0311827755555561","0,432050098011696","0,314534958479535","0,370329140467835","0,266283525380116","0,104103027368422","0,133827323859651"
"0,637005207745289","1,80243707968811","2,3742012811436","1,52986147053931","1,67619369846654","1,17558303360624","-0,00327578413255422","1,11369402794022","1,7411389537102","1,79739053671215","0,896445011150097","1,29335300361273","1,09181889230669","1,70461799680312","0,864505659311242","0,934836402625081","1,92428417617934","1,32233708244314","1,17781758261209","0,379642456075374","0,184714800675763","1,6762024191293","0,665253721936324","0,327728525730995","1,22910906877193","1,00061793890838","1,18973831234568","1,03924903803769","1,13714846709552","0,581796392865498","2,10239780037687","0,821640275646523","0,882807738778428","0,94092086157245","0,909151993437295","1,05760778129955","1,91089485681611","0,259166672046787","0,154985476920078"
"0,314564394593892","0,78489395539961","1,28546462528915","0,889391172735542","0,494980254749836","0,697468983937621","0,256438275360624","0,230586381416505","0,465814332839505","0,596239118258611","0,474125269551657","0,386623089954516","0,109712973190383","0,221234406705654","0,865456492735542","0,319122556439247","0,892995876452241","1,31015737954516","0,430496277037038","0,152590099480182","0,196337035581547","0,966911288473035","0,31765623128005","0,423191684795321","0,0921069136842106","1,44040904354776","0,577326132098766","1,1810103888629","0,59418167325536","0,0752540632748528","0,821640275646523","3,16441242025991","0,729886565315139","0,307576501000649","0,126105801884342","0,562880633905132","1,03695603207278","-0,0912377773099444","0,255213786237817"
"0,399910019831059","1,01979295922027","1,01583890765432","1,545793025705","1,2078371608447","0,586278888577","0,3135380591423","0,890152371020144","1,21841483246264","1,24636787979207","0,843157318752436","0,525233034411957","0,0253694026380779","1,2409012120078","0,931037291669914","1,17893850048083","1,43452373992203","1,32041736587394","2,3273830937232","-1,0272994425601","0,115007676309291","1,26416440197531","0,529393360922676","-0,0392899479532165","1,31168873192982","1,06310024183236","1,26918670220923","0,782677172930475","0,895869552475633","-0,0311827755555561","0,882807738778428","0,729886565315139","3,71015756022092","0,659633317322937","0,113274740025993","0,959608515412606","1,00245780262508","0,326723770292398","-0,0753996938401551"
"0,330212949993502","0,24579887165692","0,395945501468486","0,273298094294996","0,48079820862898","0,500891730370371","0,0128664808576994","0,149288190383366","0,68949808402859","1,15462450617284","0,428434081949317","0,792296025938922","1,86532996122157","1,99218283922027","0,424885643768681","0,670569997063027","0,939489169902534","0,307167513424301","0,281009035399609","-0,0748322223521766","-0,121421803326836","0,802343334165042","0,584840164340481","0,292249402339181","-0,0578179221052635","-0,603031644990254","0,563040320597791","0,457976519350228","0,446953467524366","0,432050098011696","0,94092086157245","0,307576501000649","0,659633317322937","3,51596796408057","0,608038700324887","3,08570609125406","0,287972607199479","0,740158996725146","0,485658746822612"
"0,36221464431449","-0,227058710721245","0,284511507732297","-0,529828274333979","-0,295916798765428","0,111091877582843","-0,287453893372318","0,0129811293047383","-0,30527836270305","0,117670059129309","0,700976449512673","0,99503084392462","1,46815929519168","1,83705360194931","-0,194175277842751","0,249349195061732","1,00667243840155","1,27103135503573","0,565194739571152","-0,295358216049383","-0,314709426770628","0,202466001429504","-0,214679607342423","-0,145586961988303","0,794735642105264","-0,112591126120858","0,691012584470434","0,58836531039636","0,204196239961016","0,314534958479535","0,909151993437295","0,126105801884342","0,113274740025993","0,608038700324887","7,18538140708251","-0,162655305328129","2,19280097673814","0,0548671380116977","0,515478061013641"
"0,415390686211826","0,557221255984406","0,648292807355424","0,530962686965561","0,718242670344379","0,651445768732947","-0,0310857585575071","0,274984011046137","0,980240585860948","1,24781687069526","0,431563542066275","0,818796231864851","1,31732294551007","2,12527167454191","0,74527573328135","1,14780099932423","1,4282283700195","0,687279493385316","0,820547296920077","0,251014861663418","-0,139723445510073","0,883191364886288","0,76303329716699","0,116969439181286","0,162199068070175","-0,352429057037038","0,553567054126057","0,766721810305394","0,539260320038985","0,370329140467835","1,05760778129955","0,562880633905132","0,959608515412606","3,08570609125406","-0,162655305328129","4,64643571304743","0,0183594457179979","0,527693356023392","-0,55339815645224"
"0,975759143833657","2,0002501217154","3,29849392517219","1,44701467191683","1,90388555732293","1,41497865130604","0,227266109395712","1,39640060363873","2,17573643786874","2,70115479662118","1,48767567516569","2,35520278445744","1,84038792909682","2,04946604810916","-0,425078979311242","1,3556532022872","3,23961375329434","3,79190981510071","2,23793651352826","0,716224110591293","0,376954053359325","2,25152251560754","0,888683899467184","0,332755995321637","1,38294226245614","2,02807463758285","1,36315980870695","1,20321269494477","1,18842479641325","0,266283525380116","1,91089485681611","1,03695603207278","1,00245780262508","0,287972607199479","2,19280097673814","0,0183594457179979","6,24753644985055","-0,0415437604678401","0,800082239922027"
"0,246753947836258","0,586309286315792","0,921542196023392","0,535272533567252","0,596055234853803","0,0444731466666738","-0,235658256842108","0,00849746783625913","0,556247693801173","0,220729730994148","0,264765229473682","-0,211390702690054","-0,118143972865494","0,218771211228068","0,104668108304093","0,660634099181283","0,552337426666673","0,385441808888888","0,597104145964909","0,712490816374269","0,243348674619881","0,422651775204674","0,518480139415208","0,0690155052631584","0,616718612631579","0,366409390175436","0,556472425730996","0,212486354152048","-0,0516077775438602","0,104103027368422","0,259166672046787","-0,0912377773099444","0,326723770292398","0,740158996725146","0,0548671380116977","0,527693356023392","-0,0415437604678401","3,77836881824562","-0,0308835922806992"
"0,0354561614814817","-0,118169477426899","0,0798730876413271","-0,157058271890837","-0,0136684246003875","0,160325095204679","-0,0344797264327482","-0,082847196881093","-0,0879462539571129","-0,0573318284600384","0,130340700818714","0,0246680922417136","0,369265561832356","0,0563437188304072","-0,314184093645222","-0,127608806861598","-0,0399449072514634","0,158983488031188","-0,125993758128655","0,0163994840155942","0,141959727641326","0,157530358440547","0,0569623875633562","0,0452002157894743","-0,170112776842105","0,168651731111111","0,0579276703703702","0,0203084783235866","-0,0636849348538001","0,133827323859651","0,154985476920078","0,255213786237817","-0,0753996938401551","0,485658746822612","0,515478061013641","-0,55339815645224","0,800082239922027","-0,0308835922806992","1,30119069602339"
