"0,781939577476787","1,05395929806627","1,07086066672346","0,380357898174176","0,370174035267057","0,265352003293866","-0,181094789448278","0,220280145952238","0,55745280688304","0,0841581991651786","0,270823110997529","0,462255564074169","0,463881403867452","0,385302510151348","-0,0432918420081196","-0,0498428656614706","-0,146707740579833","-0,0357501405571182","-0,214300939886986","-0,595147883124627","-0,264091299656416","0,550452968736688","0,372037041769598","0,49948880086322","0,158621018258228","0,286262092171394","0,326668827554873","0,153367555441973","-0,150311156543715","-0,00276379021495296","0,243265295169947","0,150043223443223","0,231040636624356","0,425523429025754","0,000597336513615421","0,306725834114206","0,300871817588094","0,257912596189341","0,224818797739728"
"1,05395929806627","7,992189385808","5,84443965130477","5,37694817843656","5,99196808927507","3,03458349660675","0,888692926711531","0,314031649487465","2,97846097623307","-0,0821100945566113","1,86574299344067","2,87764810176903","0,692042712326427","1,91243263196751","0,46882332964193","0,966581872391176","1,18473557656813","2,40286346366812","1,94550534684953","-1,46552984070193","0,226555084192295","3,80455357355823","2,58308136411393","1,54116668654343","1,42501234631002","2,15985351392793","2,2256947156203","1,91523527841668","-0,0633608370957208","0,130793957463725","1,71485642729363","0,801948257943611","1,90420098248006","0,421136922509015","1,09149223386433","0,991886401453848","2,29164598915297","2,51770812391742","-0,451916682284126"
"1,07086066672346","5,84443965130477","8,41088909996119","5,84783306452376","6,88254410653945","3,26716222373664","1,45462775174868","1,42055157357716","3,4674577192833","1,11388301388534","1,87284496975892","3,12217877540203","0,314651225260529","1,64588085394365","1,84174704072844","0,907270517079818","0,916431915457494","1,06681624499531","1,81987441671162","-1,16577941903058","0,409363556426346","4,14473528125621","2,54564957738213","0,932824935873773","1,60920143302004","2,01840229718602","3,11613934842074","0,617118563951122","0,412619452726429","0,110627467794909","1,45439662378965","0,591576108129597","1,72583282410957","-0,0608237082469619","1,10534958306121","0,306813874927832","1,56437474893754","2,88650631323887","-0,448278293627132"
"0,380357898174176","5,37694817843656","5,84783306452376","7,87157115976186","7,37866846977313","3,62636886825492","4,96166163879187","1,87630971311204","3,53403390975949","1,17084425419541","1,70827985347986","3,33646681526914","-0,493709904307578","0,935254054386613","2,34541547926664","1,11802588806542","1,34592161645418","1,56582277877163","3,01448294384341","-0,0781035607803054","1,11226233826466","4,11084236874237","2,85867814881071","1,63091197906314","2,05294606203443","1,94496054746287","1,7216122166378","1,80222299362997","0,710388112748576","0,0576691067760852","1,69865509555044","0,470579762614647","2,69129661148499","-0,455672545456267","-0,244250527680754","-0,481654674352347","1,27945404018893","2,83937563771285","-0,166495569374641"
"0,370174035267057","5,99196808927507","6,88254410653945","7,37866846977313","9,23293700485561","4,71254799102706","3,54836436380157","2,0924142715166","4,87356438367834","0,908155277280855","1,91200661896244","3,29214551211063","-0,644201848539059","1,59508445921004","2,39285367294204","1,91882776216032","2,02246649061533","1,48334639236733","3,32474895363035","-0,317816227958089","0,891163483544879","4,4759967032967","3,2578520430474","1,42599174830337","1,81651995343158","1,63729897776642","1,91262304000909","1,874419834171","0,839763900956924","0,617991350768096","1,61436239884147","-0,940693219183916","2,85297051991936","-0,508732086776274","0,642254351591564","-0,47177074992191","1,4812403157566","2,9652725331516","-0,427865672828465"
"0,265352003293866","3,03458349660675","3,26716222373664","3,62636886825492","4,71254799102706","4,92010174158312","1,63775474723381","0,782057749571714","2,62645126217452","0,272869622625446","1,1616192094727","1,8402328345212","0,0471001902490196","1,78149635781961","0,807228103851371","1,30961114234602","1,49501392414647","1,75103910895304","2,1375273172994","-0,593024908424907","0,450991514514771","2,35197610245053","2,13396677646212","1,74408463431487","1,20479555517694","1,5622303574978","-0,0322139525418509","1,30688593766268","0,564464618413459","0,86836507747205","1,12378435698668","-0,14072703523866","1,82422299362996","-0,296597964997964","1,06496190097585","0,799566835145912","1,84925666392177","1,87065317412992","-0,775424234507955"
"-0,181094789448278","0,888692926711531","1,45462775174868","4,96166163879187","3,54836436380157","1,63775474723381","8,11240765917975","2,13334148469963","2,41108842888377","-0,769747559417326","1,29962765141835","2,34556384511268","-1,66011911292842","-1,10980836717116","1,49708118616956","1,04659766589999","1,39653270484898","1,30475273873413","3,16724226178644","1,13503151886873","1,0663614750452","1,39902358520033","1,92928959498727","0,512417692213043","2,06150705246519","1,88523614163614","0,182627570018272","1,64535303593908","0,891981005385657","0,0525978684536814","0,684639787602574","-0,000330715279550193","2,86302932863863","-0,480070418642511","-2,12632135427019","-1,97267570396872","0,916764077954773","0,851867794909655","0,938749522484407"
"0,220280145952238","0,314031649487465","1,42055157357716","1,87630971311204","2,0924142715166","0,782057749571714","2,13334148469963","2,46630256504907","2,037968347673","0,505452108356758","0,399353786523555","0,554003170817132","-0,629083306357718","-0,493559185431275","1,33382180386366","0,17222313655337","-0,0140699652629816","-1,05054703978191","0,658862466043868","0,412093977340489","-0,406181468230307","0,812721554930851","0,242386740305344","0,147099259827164","0,173278210334028","0,348045628531673","0,167692772429977","0,36702120377469","0,350243119326838","0,439617039119367","0,227232663202435","-0,46604042365903","0,466923299353535","-0,0638280906001848","-0,556453924714384","-1,21760400469471","-0,527225020113387","0,42256799178427","0,41773310806334"
"0,55745280688304","2,97846097623307","3,4674577192833","3,53403390975949","4,87356438367834","2,62645126217452","2,41108842888377","2,037968347673","4,1897657211006","0,81744655422098","1,21696975892325","1,89929063520459","0,0225184683533527","0,676930417128092","1,12551480251016","0,859917855013204","0,976195573160688","0,375585859102131","1,51669060113013","-0,397661666240735","0,271400956924213","2,59171872391175","2,52489455944572","1,06688302524349","1,24733222023454","1,90493144220121","0,989767456058156","1,1712834170997","0,454056430133175","0,619827214129539","0,85397753641707","-0,826628119942073","1,31767646591135","0,228438830678366","0,0143384814152241","-0,207391714228922","1,00079791010023","1,39269373597978","0,015797058238919"
"0,0841581991651786","-0,0821100945566113","1,11388301388534","1,17084425419541","0,908155277280855","0,272869622625446","-0,769747559417326","0,505452108356758","0,81744655422098","6,09131264162196","0,313466641110825","0,621055183576119","1,96921420904678","1,14703444075305","1,54427331118495","-0,474702802623735","-0,140500988159126","-0,30547774938241","0,50750845898288","-0,835173149331289","0,700619039100433","1,73605750063889","0,925684342788985","0,269415853139111","0,0872216883891368","1,55617671863021","0,60220225743249","-0,332917965755177","0,57366175994548","-0,368740727489565","0,462918212794962","0,290394377715303","0,546869043359735","0,666087809864556","-0,475893415112023","0,485164281454973","-0,517713467927438","0,830636246699041","-0,122006388959876"
"0,270823110997529","1,86574299344067","1,87284496975892","1,70827985347986","1,91200661896244","1,1616192094727","1,29962765141835","0,399353786523555","1,21696975892325","0,313466641110825","1,6389306584888","2,01413804412641","0,880979683107588","1,36732679955703","0,373551716500552","0,625842465286652","0,668723630632933","0,966026203254114","0,712086813186814","-0,699669622625437","0,365619890961751","1,52643202146691","0,939984061674761","0,454247150523894","0,936439117471675","1,11582279580884","0,937904753386149","0,724031544424569","-0,0452769145583094","0,0785506261180684","0,747209225658062","0,483690493227703","0,710074784905021","0,591335505579691","0,990805017463158","0,736722071726725","1,11144772127098","0,884307700826305","0,0227421415793507"
"0,462255564074169","2,87764810176903","3,12217877540203","3,33646681526914","3,29214551211063","1,8402328345212","2,34556384511268","0,554003170817132","1,89929063520459","0,621055183576119","2,01413804412641","3,80959631522654","0,991419595649822","1,92778173987941","0,76182478159223","1,12273979896073","1,26516733585105","1,82632168838911","1,15913424293191","-0,510238546724592","0,583621491514516","2,86756125450777","1,72128986190381","0,973893008111617","1,43547920795827","1,16827743135418","1,17762309490682","0,712091040311973","0,190015866390288","0,170162964855986","1,36032221370361","0,96452389754948","1,27351655355841","0,687946076232124","1,03689798582124","0,785917427189526","1,62068230494741","1,30921510444766","0,0446755695639419"
"0,463881403867452","0,692042712326427","0,314651225260529","-0,493709904307578","-0,644201848539059","0,0471001902490196","-1,66011911292842","-0,629083306357718","0,0225184683533527","1,96921420904678","0,880979683107588","0,991419595649822","3,85137980236817","2,56226016980436","-1,49099497969729","-1,70179951443905","-0,777220950109328","0,355734977425655","-1,90539699860863","-2,56617143709004","0,136212902859415","1,25867745974956","0,28951161654882","0,714445955078518","0,910636141636141","0,676077579010141","0,529331794303893","-0,250057452366753","0,22424972882415","-0,221757276315419","0,57662601584462","-0,266044356418775","-1,01517346735952","2,48083427605986","1,24370881392509","2,34952106936991","1,17278184967486","-0,0979957974841654","-0,113485941448731"
"0,385302510151348","1,91243263196751","1,64588085394365","0,935254054386613","1,59508445921004","1,78149635781961","-1,10980836717116","-0,493559185431275","0,676930417128092","1,14703444075305","1,36732679955703","1,92778173987941","2,56226016980436","4,19826335671219","-0,203850965916078","0,764662015503875","1,26368614494893","1,4778968992248","0,121670259628397","-2,04853377630122","0,21893789836348","2,52931945367295","0,688319958164141","1,2788197735942","1,12048189984004","0,930904946474715","0,733501304294329","0,264418776916451","0,383636200319922","0,235928140765349","1,46736873385013","0,00954389073458839","0,700948234280789","1,62633003568353","2,23013786144949","2,95156095730282","1,59118011566383","1,44266387350806","-0,652753291497477"
"-0,0432918420081196","0,46882332964193","1,84174704072844","2,34541547926664","2,39285367294204","0,807228103851371","1,49708118616956","1,33382180386366","1,12551480251016","1,54427331118495","0,373551716500552","0,76182478159223","-1,49099497969729","-0,203850965916078","3,99697147779009","1,69932336655592","0,568378540666918","-2,03191805094131","1,24965305770888","1,95694019933555","-0,105826848775688","0,884143373938716","0,560395521102491","0,241713055247939","-0,0791117509536058","0,0582443706164606","0,56077612895287","0,540730330995444","0,105450301464252","0,477349920019688","0,446396973052791","0,475183757844219","1,14609334317706","-1,11480093515442","-0,127605955457118","-1,22960319921251","-2,04290641072968","1,64046206472253","-0,0946094745908684"
"-0,0498428656614706","0,966581872391176","0,907270517079818","1,11802588806542","1,91882776216032","1,30961114234602","1,04659766589999","0,17222313655337","0,859917855013204","-0,474702802623735","0,625842465286652","1,12273979896073","-1,70179951443905","0,764662015503875","1,69932336655592","3,62997160746231","2,77472268506687","1,29510311781242","2,58162128801431","1,26210986455405","0,294718289462476","1,12292608399353","0,797952687622457","0,508512036800409","0,49857877161598","0,304864170713008","0,174876105290059","0,801128622540251","-0,133936033733708","0,614025641025641","0,796649067211856","0,539745796064402","2,11610089445438","-1,04369666070364","0,549714294232898","-0,20261505238947","0,575356503961157","1,24695209131953","-0,104125649544254"
"-0,146707740579833","1,18473557656813","0,916431915457494","1,34592161645418","2,02246649061533","1,49501392414647","1,39653270484898","-0,0140699652629816","0,976195573160688","-0,140500988159126","0,668723630632933","1,26516733585105","-0,777220950109328","1,26368614494893","0,568378540666918","2,77472268506687","3,25382897558943","2,53437048300535","2,71414698204465","0,351536348922396","0,457033138351744","1,53842413607065","1,03238195852382","0,589156203916672","1,05288608721166","0,808908052928984","0,378539193192687","0,932274399674402","0,706271423838868","0,193251772344793","0,929137050288208","0,172989953715537","2,29618922206131","-0,520974059876385","0,351075342400917","-0,0396972551135322","1,72921209832372","0,937954083728502","0,221768812410674"
"-0,0357501405571182","2,40286346366812","1,06681624499531","1,56582277877163","1,48334639236733","1,75103910895304","1,30475273873413","-1,05054703978191","0,375585859102131","-0,30547774938241","0,966026203254114","1,82632168838911","0,355734977425655","1,4778968992248","-2,03191805094131","1,29510311781242","2,53437048300535","6,25306174290824","3,02557843939005","-1,25397854161343","0,849724090638048","1,56056903484114","1,52227958940286","0,0310930147372021","1,50247630973676","1,94161291421757","0,455690953232824","1,04160948121647","0,0124933725189596","-0,631660311781246","1,08898734985943","1,44296283329075","2,46038159127694","-0,396014336825965","1,00266597665899","1,13421403867452","4,32806736519295","0,557092231024786","-0,024785842064913"
"-0,214300939886986","1,94550534684953","1,81987441671162","3,01448294384341","3,32474895363035","2,1375273172994","3,16724226178644","0,658862466043868","1,51669060113013","0,50750845898288","0,712086813186814","1,15913424293191","-1,90539699860863","0,121670259628397","1,24965305770888","2,58162128801431","2,71414698204465","3,02557843939005","4,81138374743258","0,771366683703893","0,598012978580422","1,32120938467218","1,54089860768","0,341820332983126","0,962965098295325","1,84962730783429","0,223593972607932","1,23220666060899","0,44756254555092","0,0448827819897559","0,926602305704626","0,182388196041688","3,71097855770414","-1,58184228166321","-0,439276776367479","-1,28416069417232","1,655759051973","1,54562567888614","0,177157461831881"
"-0,595147883124627","-1,46552984070193","-1,16577941903058","-0,0781035607803054","-0,317816227958089","-0,593024908424907","1,13503151886873","0,412093977340489","-0,397661666240735","-0,835173149331289","-0,699669622625437","-0,510238546724592","-2,56617143709004","-2,04853377630122","1,95694019933555","1,26210986455405","0,351536348922396","-1,25397854161343","0,771366683703893","3,91920292188432","0,127688457279155","-1,14215673396371","-0,309109651588722","-0,620730402930403","-1,0344126756964","-1,70214116193884","-1,05977761308459","0,0789549620921709","-0,173259792145839","0,366832524065082","-0,482986114660533","0,633345591617684","-0,216542482323878","-1,65230279410512","-0,854909148990545","-1,75358113127183","-1,8156152653548","-0,335723485816509","-0,00693433852968686"
"-0,264091299656416","0,226555084192295","0,409363556426346","1,11226233826466","0,891163483544879","0,450991514514771","1,0663614750452","-0,406181468230307","0,271400956924213","0,700619039100433","0,365619890961751","0,583621491514516","0,136212902859415","0,21893789836348","-0,105826848775688","0,294718289462476","0,457033138351744","0,849724090638048","0,598012978580422","0,127688457279155","1,43756777219335","1,11160295879831","0,846619173505221","0,285412960596681","0,773600906759046","0,523713726325354","0,301644392386252","0,321255119213259","0,0800744110325503","-0,29544146103681","0,172194806485504","0,121581843995798","0,152987915873964","-0,0485590273636791","0,316341367332066","0,364400958817238","0,518739888879427","0,126138028982214","-0,218040154849457"
"0,550452968736688","3,80455357355823","4,14473528125621","4,11084236874237","4,4759967032967","2,35197610245053","1,39902358520033","0,812721554930851","2,59171872391175","1,73605750063889","1,52643202146691","2,86756125450777","1,25867745974956","2,52931945367295","0,884143373938716","1,12292608399353","1,53842413607065","1,56056903484114","1,32120938467218","-1,14215673396371","1,11160295879831","5,2413064059971","2,20546248686714","1,96508732714314","1,69654995598717","1,48822803475594","2,06651846551381","1,08499783911179","0,405229886134535","0,095441031320104","1,62701591276941","0,270312607547487","1,00626833063578","0,757949913394099","1,89945005821053","1,14514566544566","1,68731447880286","1,72707808728739","-0,36206676321095"
"0,372037041769598","2,58308136411393","2,54564957738213","2,85867814881071","3,2578520430474","2,13396677646212","1,92928959498727","0,242386740305344","2,52489455944572","0,925684342788985","0,939984061674761","1,72128986190381","0,28951161654882","0,688319958164141","0,560395521102491","0,797952687622457","1,03238195852382","1,52227958940286","1,54089860768","-0,309109651588722","0,846619173505221","2,20546248686714","2,78355547131594","0,956435074916467","1,22904213684679","2,01360436436948","0,888539323811416","1,05131253466602","0,181785664120548","0,0896964723476361","0,784531138370671","0,265499400857543","1,54036743712791","0,0256890516890493","-0,116863164570139","0,415198863238402","1,42639871842199","1,26625003170817","-0,167215638280756"
"0,49948880086322","1,54116668654343","0,932824935873773","1,63091197906314","1,42599174830337","1,74408463431487","0,512417692213043","0,147099259827164","1,06688302524349","0,269415853139111","0,454247150523894","0,973893008111617","0,714445955078518","1,2788197735942","0,241713055247939","0,508512036800409","0,589156203916672","0,0310930147372021","0,341820332983126","-0,620730402930403","0,285412960596681","1,96508732714314","0,956435074916467","2,56018947194064","1,01985466488723","0,468105769940653","0,00104000814000586","0,593322098229074","0,122089494656935","0,247134749316145","0,903452579720024","-0,261699236164354","0,312805231374998","0,399217279533559","1,12521228194717","0,894338835410925","0,976774928774926","1,16309991102782","-0,217258782216921"
"0,158621018258228","1,42501234631002","1,60920143302004","2,05294606203443","1,81651995343158","1,20479555517694","2,06150705246519","0,173278210334028","1,24733222023454","0,0872216883891368","0,936439117471675","1,43547920795827","0,910636141636141","1,12048189984004","-0,0791117509536058","0,49857877161598","1,05288608721166","1,50247630973676","0,962965098295325","-1,0344126756964","0,773600906759046","1,69654995598717","1,22904213684679","1,01985466488723","4,08151139885093","1,66992675128489","1,27728167267703","1,18718172852126","0,412250360148035","-0,0602351799793683","0,882229110940737","-1,22710548882642","1,18304953668209","0,937475325363699","0,857468215161235","0,768704292434527","1,5208198048291","0,83505543534846","0,119390319069389"
"0,286262092171394","2,15985351392793","2,01840229718602","1,94496054746287","1,63729897776642","1,5622303574978","1,88523614163614","0,348045628531673","1,90493144220121","1,55617671863021","1,11582279580884","1,16827743135418","0,676077579010141","0,930904946474715","0,0582443706164606","0,304864170713008","0,808908052928984","1,94161291421757","1,84962730783429","-1,70214116193884","0,523713726325354","1,48822803475594","2,01360436436948","0,468105769940653","1,66992675128489","4,92814749126842","1,29826540307238","0,736433242468125","0,467494440185137","0,0276282193258938","0,733765593321408","1,0938481897947","1,41611479967061","0,299903316580061","-0,865355853707013","0,927958025953375","1,54174059687083","1,39028252548485","-0,340682590794219"
"0,326668827554873","2,2256947156203","3,11613934842074","1,7216122166378","1,91262304000909","-0,0322139525418509","0,182627570018272","0,167692772429977","0,989767456058156","0,60220225743249","0,937904753386149","1,17762309490682","0,529331794303893","0,733501304294329","0,56077612895287","0,174876105290059","0,378539193192687","0,455690953232824","0,223593972607932","-1,05977761308459","0,301644392386252","2,06651846551381","0,888539323811416","0,00104000814000586","1,27728167267703","1,29826540307238","2,51695347796045","0,373420134215482","0,0244953990023733","-0,453483404795031","0,517315816225122","0,390436811767043","0,345402884023817","0,219317371345278","0,789161724924519","0,226095045953181","0,575740152009924","1,05017942565617","0,112088949465693"
"0,153367555441973","1,91523527841668","0,617118563951122","1,80222299362997","1,874419834171","1,30688593766268","1,64535303593908","0,36702120377469","1,1712834170997","-0,332917965755177","0,724031544424569","0,712091040311973","-0,250057452366753","0,264418776916451","0,540730330995444","0,801128622540251","0,932274399674402","1,04160948121647","1,23220666060899","0,0789549620921709","0,321255119213259","1,08499783911179","1,05131253466602","0,593322098229074","1,18718172852126","0,736433242468125","0,373420134215482","2,22527072247305","-0,312780076856823","-0,238118083122734","0,463450237101401","0,0154453843314314","1,18531606705095","-0,372199255094603","0,57485423611703","-0,271993629023861","0,59080189870423","0,409803812552649","0,196218651976791"
"-0,150311156543715","-0,0633608370957208","0,412619452726429","0,710388112748576","0,839763900956924","0,564464618413459","0,891981005385657","0,350243119326838","0,454056430133175","0,57366175994548","-0,0452769145583094","0,190015866390288","0,22424972882415","0,383636200319922","0,105450301464252","-0,133936033733708","0,706271423838868","0,0124933725189596","0,44756254555092","-0,173259792145839","0,0800744110325503","0,405229886134535","0,181785664120548","0,122089494656935","0,412250360148035","0,467494440185137","0,0244953990023733","-0,312780076856823","1,45428070060861","0,216966381766383","0,140784320072693","-0,694074949598205","0,507131286973148","0,612134543922915","-1,2225238994425","-0,356997825860617","0,112118580988352","0,0789044968812408","0,312577143614352"
"-0,00276379021495296","0,130793957463725","0,110627467794909","0,0576691067760852","0,617991350768096","0,86836507747205","0,0525978684536814","0,439617039119367","0,619827214129539","-0,368740727489565","0,0785506261180684","0,170162964855986","-0,221757276315419","0,235928140765349","0,477349920019688","0,614025641025641","0,193251772344793","-0,631660311781246","0,0448827819897559","0,366832524065082","-0,29544146103681","0,095441031320104","0,0896964723476361","0,247134749316145","-0,0602351799793683","0,0276282193258938","-0,453483404795031","-0,238118083122734","0,216966381766383","1,21397928651882","0,161035477184312","-0,597998318993666","-0,0985737267039598","0,415621440402835","0,160045247087106","0,0355951424974713","-0,303455423990308","-0,0114584452584456","-0,263415698857559"
"0,243265295169947","1,71485642729363","1,45439662378965","1,69865509555044","1,61436239884147","1,12378435698668","0,684639787602574","0,227232663202435","0,85397753641707","0,462918212794962","0,747209225658062","1,36032221370361","0,57662601584462","1,46736873385013","0,446396973052791","0,796649067211856","0,929137050288208","1,08898734985943","0,926602305704626","-0,482986114660533","0,172194806485504","1,62701591276941","0,784531138370671","0,903452579720024","0,882229110940737","0,733765593321408","0,517315816225122","0,463450237101401","0,140784320072693","0,161035477184312","1,19150015333503","0,50117626714371","1,1069995257972","0,140365459863136","1,02417062214271","0,401234003464238","1,06703198455291","1,25522287815544","0,0317804639804648"
"0,150043223443223","0,801948257943611","0,591576108129597","0,470579762614647","-0,940693219183916","-0,14072703523866","-0,000330715279550193","-0,46604042365903","-0,826628119942073","0,290394377715303","0,483690493227703","0,96452389754948","-0,266044356418775","0,00954389073458839","0,475183757844219","0,539745796064402","0,172989953715537","1,44296283329075","0,182388196041688","0,633345591617684","0,121581843995798","0,270312607547487","0,265499400857543","-0,261699236164354","-1,22710548882642","1,0938481897947","0,390436811767043","0,0154453843314314","-0,694074949598205","-0,597998318993666","0,50117626714371","4,4376656529517","0,041239020927397","-0,953337425107193","-0,0635630831700564","0,333281508930346","0,650840798478015","0,825279490019023","-0,0331663571570553"
"0,231040636624356","1,90420098248006","1,72583282410957","2,69129661148499","2,85297051991936","1,82422299362996","2,86302932863863","0,466923299353535","1,31767646591135","0,546869043359735","0,710074784905021","1,27351655355841","-1,01517346735952","0,700948234280789","1,14609334317706","2,11610089445438","2,29618922206131","2,46038159127694","3,71097855770414","-0,216542482323878","0,152987915873964","1,00626833063578","1,54036743712791","0,312805231374998","1,18304953668209","1,41611479967061","0,345402884023817","1,18531606705095","0,507131286973148","-0,0985737267039598","1,1069995257972","0,041239020927397","4,41412847867034","-0,753812859319838","-0,96375771549725","-1,2463957246027","1,33524168062773","1,59108602568835","0,721775394459115"
"0,425523429025754","0,421136922509015","-0,0608237082469619","-0,455672545456267","-0,508732086776274","-0,296597964997964","-0,480070418642511","-0,0638280906001848","0,228438830678366","0,666087809864556","0,591335505579691","0,687946076232124","2,48083427605986","1,62633003568353","-1,11480093515442","-1,04369666070364","-0,520974059876385","-0,396014336825965","-1,58184228166321","-1,65230279410512","-0,0485590273636791","0,757949913394099","0,0256890516890493","0,399217279533559","0,937475325363699","0,299903316580061","0,219317371345278","-0,372199255094603","0,612134543922915","0,415621440402835","0,140365459863136","-0,953337425107193","-0,753812859319838","3,69366168138494","-0,600828400109795","2,37760317365666","0,293016965291382","-0,696592535801837","0,0884980511306084"
"0,000597336513615421","1,09149223386433","1,10534958306121","-0,244250527680754","0,642254351591564","1,06496190097585","-2,12632135427019","-0,556453924714384","0,0143384814152241","-0,475893415112023","0,990805017463158","1,03689798582124","1,24370881392509","2,23013786144949","-0,127605955457118","0,549714294232898","0,351075342400917","1,00266597665899","-0,439276776367479","-0,854909148990545","0,316341367332066","1,89945005821053","-0,116863164570139","1,12521228194717","0,857468215161235","-0,865355853707013","0,789161724924519","0,57485423611703","-1,2225238994425","0,160045247087106","1,02417062214271","-0,0635630831700564","-0,96375771549725","-0,600828400109795","6,8296586374005","1,12967817720609","1,7029933233003","0,457932131262364","-0,564086030420915"
"0,306725834114206","0,991886401453848","0,306813874927832","-0,481654674352347","-0,47177074992191","0,799566835145912","-1,97267570396872","-1,21760400469471","-0,207391714228922","0,485164281454973","0,736722071726725","0,785917427189526","2,34952106936991","2,95156095730282","-1,22960319921251","-0,20261505238947","-0,0396972551135322","1,13421403867452","-1,28416069417232","-1,75358113127183","0,364400958817238","1,14514566544566","0,415198863238402","0,894338835410925","0,768704292434527","0,927958025953375","0,226095045953181","-0,271993629023861","-0,356997825860617","0,0355951424974713","0,401234003464238","0,333281508930346","-1,2463957246027","2,37760317365666","1,12967817720609","5,40592770347654","1,4315785084855","0,867911077983169","-1,37969346243765"
"0,300871817588094","2,29164598915297","1,56437474893754","1,27945404018893","1,4812403157566","1,84925666392177","0,916764077954773","-0,527225020113387","1,00079791010023","-0,517713467927438","1,11144772127098","1,62068230494741","1,17278184967486","1,59118011566383","-2,04290641072968","0,575356503961157","1,72921209832372","4,32806736519295","1,655759051973","-1,8156152653548","0,518739888879427","1,68731447880286","1,42639871842199","0,976774928774926","1,5208198048291","1,54174059687083","0,575740152009924","0,59080189870423","0,112118580988352","-0,303455423990308","1,06703198455291","0,650840798478015","1,33524168062773","0,293016965291382","1,7029933233003","1,4315785084855","4,49795440081023","0,90783763901903","0,16692734001571"
"0,257912596189341","2,51770812391742","2,88650631323887","2,83937563771285","2,9652725331516","1,87065317412992","0,851867794909655","0,42256799178427","1,39269373597978","0,830636246699041","0,884307700826305","1,30921510444766","-0,0979957974841654","1,44266387350806","1,64046206472253","1,24695209131953","0,937954083728502","0,557092231024786","1,54562567888614","-0,335723485816509","0,126138028982214","1,72707808728739","1,26625003170817","1,16309991102782","0,83505543534846","1,39028252548485","1,05017942565617","0,409803812552649","0,0789044968812408","-0,0114584452584456","1,25522287815544","0,825279490019023","1,59108602568835","-0,696592535801837","0,457932131262364","0,867911077983169","0,90783763901903","3,24534219931662","-0,333622916962451"
"0,224818797739728","-0,451916682284126","-0,448278293627132","-0,166495569374641","-0,427865672828465","-0,775424234507955","0,938749522484407","0,41773310806334","0,015797058238919","-0,122006388959876","0,0227421415793507","0,0446755695639419","-0,113485941448731","-0,652753291497477","-0,0946094745908684","-0,104125649544254","0,221768812410674","-0,024785842064913","0,177157461831881","-0,00693433852968686","-0,218040154849457","-0,36206676321095","-0,167215638280756","-0,217258782216921","0,119390319069389","-0,340682590794219","0,112088949465693","0,196218651976791","0,312577143614352","-0,263415698857559","0,0317804639804648","-0,0331663571570553","0,721775394459115","0,0884980511306084","-0,564086030420915","-1,37969346243765","0,16692734001571","-0,333622916962451","1,62907431448827"
