"0,741758732164408","1,16906549150054","2,21683383369996","1,34606045858976","1,26949324612047","1,12511677925807","0,757159434353896","0,737993668739461","1,20783501596323","0,545389221931678","0,565869352419307","0,517126961166129","-0,214083048377571","0,17728613766894","0,665300523298612","0,0509164401999471","0,37658784965035","0,431497389391514","0,752611475657145","-0,0667323045681361","0,314120421805856","0,778552007814707","0,710352324083505","0,0339466686923848","0,611314529106145","1,12447538645565","0,734253453706636","0,266604874776386","0,660590243599729","0,341208722428123","0,564835729600876","0,579111903625749","0,924764400608571","0,076810347317921","0,465296378422679","0,251922204937046","0,485892575600654","0,101217298918951","-0,0870808315002012"
"1,16906549150054","6,3166134732006","5,80212087010297","4,8991924141495","3,9035986804658","2,90294218197653","1,60457907147932","1,04122696084515","3,25431257756931","2,1623846319684","1,9102559268302","2,11190678201847","-1,04627746274534","-0,346798604394382","3,05179429635542","0,0300145466528589","0,153021863311101","0,0667344230127248","2,13452571823831","-0,92970516707894","1,91097547097945","2,23189091936215","1,86500023538273","0,150093522909161","1,67955897193382","3,99588615286182","1,9714362840342","0,614857415839973","1,5899104892965","1,18111921493439","1,723322301016","2,14383229568779","2,97529588518886","-0,906186883725211","1,87741584692847","-1,65513107180457","0,523733061002641","1,7356727944638","0,444851707808714"
"2,21683383369996","5,80212087010297","10,9470297416782","6,40707737886349","5,49804396521471","5,26198381636723","3,28941488667391","2,29984599014816","4,89745984905547","2,69420763324803","2,5317050804153","4,01707018471125","-0,279116110022168","1,39117828744083","3,61199805167293","0,342805933356728","1,49903459912181","0,802181196557421","2,79301428666193","-0,62646693514564","1,84852165414145","3,19100729044517","3,41621829715572","-0,0845129396307474","3,54128733705096","5,72023958752386","3,05220235211545","-0,708874776386404","2,76364373753542","1,65103143857367","2,75178227739213","2,04679132250858","3,73413732121612","0,257461475336169","1,96369141430784","1,17621379278616","1,9347545011598","1,19507506569318","0,00558739760851081"
"1,34606045858976","4,8991924141495","6,40707737886349","6,25499227249189","4,77193599355051","3,29072364729823","3,78697436254076","1,60811886239525","4,12437288904486","1,67528329114276","1,75989307257919","1,76201813730945","-1,30964948515377","-0,459173269508949","2,86130256470885","0,280900447013207","0,637878750609854","0,710703658489612","2,85192236168055","-0,127110257551505","1,80364991633214","2,1953363972319","3,19129355971446","-0,158965954027612","1,84644353703212","4,22705757675617","2,20304864291156","0,24614941453895","1,91136296338301","1,48789777220943","2,09296459415737","1,7005123677577","3,80446967681951","-0,899733581519459","1,80510607255352","-0,96873977155036","1,30684095723738","1,0624959760252","0,341958247382972"
"1,26949324612047","3,9035986804658","5,49804396521471","4,77193599355051","4,70446456366461","3,18678020869889","2,74770355898692","1,68757701990482","4,11878269894121","1,69461233587404","1,66355787365939","1,5461419411372","-1,1225081025156","-0,198940184968031","2,71529719691264","0,658670345413462","1,1896858533908","0,667110950860643","2,24383846057553","0,0126619240612555","1,61181838403335","2,15435401776926","2,65781309220156","0,0432583881846436","1,15013674131866","3,18985011897527","2,00889946482526","0,838885184582857","1,70535095779374","1,34987929680479","1,65392982705789","1,54686070531366","3,25511597360718","-0,472366359848842","0,743331176549889","-0,179187499465042","1,16109407819842","0,137131867826177","0,255389752077788"
"1,12511677925807","2,90294218197653","5,26198381636723","3,29072364729823","3,18678020869889","3,67567012340475","1,80638379796458","1,26456445367668","3,01225758681343","1,45136472821854","1,35712611539318","1,59870423945699","-0,215135664977616","0,729812009440988","2,18411040787547","0,738309726228481","1,31197512806961","0,535988253331739","1,69668216216158","-0,107461905444622","1,2708073991492","1,60495210068389","2,009201131335","0,238417833237753","0,880187035119105","2,39940383438471","1,38404134390701","0,352872560578956","1,51298576041462","0,966174132935607","1,651195406185","2,28045594865661","2,4382701717652","0,298013593887753","0,91648213926526","0,678529887187477","1,06277897133467","0,414326490828633","0,198205286910152"
"0,757159434353896","1,60457907147932","3,28941488667391","3,78697436254076","2,74770355898692","1,80638379796458","5,80792283726066","1,55148078741944","3,21265538684083","-0,551658465005011","1,05494313367172","1,29243159563815","-1,28138895284642","-1,35235671183162","2,07865190103654","0,109533195384787","0,104998963246066","0,36010416006882","1,91184462064863","0,500953387799471","1,28095532649725","0,980463292062899","2,56931797746317","-0,438085299492431","-0,101487612448749","2,21584289272539","0,851150699514685","-0,318918563994144","1,01495473804042","0,852991483424775","1,29402879693745","1,49339039831038","2,35000325684108","-0,226042592505413","1,49118371087297","-0,469566580145681","0,472893963288856","0,274573635208122","0,404127287492191"
"0,737993668739461","1,04122696084515","2,29984599014816","1,60811886239525","1,68757701990482","1,26456445367668","1,55148078741944","1,96414615288323","1,89906070306682","0,558882086625121","1,04198933127766","0,698106876599533","-0,453225225967423","0,0729322793179886","1,29673947678699","0,353731715041386","0,601973156204263","0,295538879877771","1,08043362153452","0,289309978729965","0,0686753900933824","0,875064164262912","0,326696404421772","0,112030706747353","0,782944814518406","0,872874963622665","0,99073680465801","0,554250487884208","0,956381998356599","0,360526375705078","0,365791596408487","1,05971761187099","1,78292534141195","-0,435235900039373","-0,0666145623807023","-0,0179089261411796","0,184853992091138","-0,589532701081048","-0,166442089428319"
"1,20783501596323","3,25431257756931","4,89745984905547","4,12437288904486","4,11878269894121","3,01225758681343","3,21265538684083","1,89906070306682","4,52539905290548","1,37738943752086","1,7900772151655","1,57440376376989","-1,02502515920432","-0,564814535525674","2,40936791925945","0,184810092141644","0,703098288339569","0,526267404413208","2,10286653157124","0,0932939694944065","1,48319345785793","1,83972618996671","2,85553905213514","0,308729326976574","0,376667845006888","2,79015974998074","1,60672456475593","0,371260794438119","1,65933913088136","1,10036528190292","1,47594715443675","1,81867144101308","3,00077264167901","-0,375378126310654","0,554725115765511","-0,173695576302525","1,07081771747224","0,250247189316194","0,367075672338678"
"0,545389221931678","2,1623846319684","2,69420763324803","1,67528329114276","1,69461233587404","1,45136472821854","-0,551658465005011","0,558882086625121","1,37738943752086","4,65297915739402","0,825693606042056","1,00747511683543","1,88943818849449","1,34330896016468","1,03882070629798","-0,178171734171586","0,869326506342486","0,520359004673418","0,574848774618891","-1,91563164849228","0,698169592188717","1,68301326916657","0,413028847223766","0,627670760543007","1,36177613497274","1,87594457271615","1,05454423055525","0,610113900634249","1,1573130494047","0,50069710415044","1,42787824079226","0,575139820017808","1,68086360159119","0,436450616167798","-0,656918820240355","0,338379395237567","1,26741133025482","0,106079601090463","-0,052734296761992"
"0,565869352419307","1,9102559268302","2,5317050804153","1,75989307257919","1,66355787365939","1,35712611539318","1,05494313367172","1,04198933127766","1,7900772151655","0,825693606042056","1,40057737832852","1,54324087570936","0,17228732100213","0,43939514341228","1,28499856577022","0,149007762280563","0,377499705236623","0,343719782206773","1,04538114402427","-0,310711738536853","0,495425277751624","1,13210885488441","0,84221285660484","0,0831161335604433","0,848397241528359","1,41603278453492","1,03183535191858","0,204891059521872","0,877571564909996","0,559028158194315","0,910265423988496","1,17489878275029","1,61989795356112","0,0220795224512329","0,297504936082891","0,175645498626219","0,555776884987711","0,164972938475234","0,0196736578904573"
"0,517126961166129","2,11190678201847","4,01707018471125","1,76201813730945","1,5461419411372","1,59870423945699","1,29243159563815","0,698106876599533","1,57440376376989","1,00747511683543","1,54324087570936","4,0221495215311","1,02353130911316","1,43682967063536","1,56573486703016","0,625170774451986","1,0517965116279","0,817236953377098","1,07235483197952","0,0775427562034075","0,733546066540558","2,02226267108045","0,97184202180928","-0,0382724073661952","1,93237646044286","2,21641799265606","0,988060823967953","-0,48011812896406","0,841323495048403","0,885321297429621","1,37604537109158","0,847830894625569","1,15606875208635","0,851242822966506","1,09710295426727","0,866452918103927","1,37219731278513","0,248337459663959","0,17565985590297"
"-0,214083048377571","-1,04627746274534","-0,279116110022168","-1,30964948515377","-1,1225081025156","-0,215135664977616","-1,28138895284642","-0,453225225967423","-1,02502515920432","1,88943818849449","0,17228732100213","1,02353130911316","3,98887461161849","2,44369305770729","-1,3911789326035","-0,821811801876213","0,212540291104241","0,0869078412407633","-1,35426901250524","-2,04529909013875","-0,165118408213573","0,582502170870745","-0,718171291224076","0,314890283828779","0,289370489210911","-0,631778058691617","-0,272625109131995","-0,471572959017728","-0,0534933643467922","-0,325533782771695","0,578120928948653","0,14930320826664","-0,518190526272993","1,84011730298465","-0,807023777935651","2,10737057587455","0,768310772611719","0,298192770968321","-0,419979598736637"
"0,17728613766894","-0,346798604394382","1,39117828744083","-0,459173269508949","-0,198940184968031","0,729812009440988","-1,35235671183162","0,0729322793179886","-0,564814535525674","1,34330896016468","0,43939514341228","1,43682967063536","2,44369305770729","3,44289046785528","-0,35054679729695","0,648927098758035","1,40059737355668","1,02356904631476","-0,122237035761056","-0,582116479145092","-0,203023535063467","0,974356557762923","-0,404205910674393","0,0860776516934716","1,53072593318554","-0,0199659550975322","0,266335514546654","-0,314018255000812","0,469681582799086","-0,0513905480993912","0,636758878208695","-0,095459212452173","0,219226757025105","1,51761571736097","-0,312756336075187","2,65140440251303","0,990202157389736","-0,204439628608846","-0,621863583937482"
"0,665300523298612","3,05179429635542","3,61199805167293","2,86130256470885","2,71529719691264","2,18411040787547","2,07865190103654","1,29673947678699","2,40936791925945","1,03882070629798","1,28499856577022","1,56573486703016","-1,3911789326035","-0,35054679729695","4,60540047108644","1,62813318061987","0,758513548951061","-0,927207203139574","1,74025969402385","1,33009813748064","0,982025057561777","1,41874835125096","0,988339880896338","0,248708274131008","1,22839240227337","2,26744312832211","1,21552222547954","0,74943698162303","1,04254432042865","0,958362021852076","1,37966792097131","1,4407340362361","2,25367795202044","-0,325098264266333","1,3476499564542","-0,99107823052101","-0,767301507091438","0,564887987777218","0,398248979294881"
"0,0509164401999471","0,0300145466528589","0,342805933356728","0,280900447013207","0,658670345413462","0,738309726228481","0,109533195384787","0,353731715041386","0,184810092141644","-0,178171734171586","0,149007762280563","0,625170774451986","-0,821811801876213","0,648927098758035","1,62813318061987","3,24143428328098","2,27122387786633","1,38433974608623","1,94758481267814","2,17808407336238","0,122291508674923","0,781745948207243","-0,11111877412673","0,0401901582199917","0,840942656486722","-0,265861560715905","0,298857577398123","0,85922154008782","-0,318829146373823","0,656777072223981","0,377459507750509","0,667189901438829","1,70398129670207","0,155324809981939","0,8729434760466","-0,0524401314719558","0,856014754217631","-0,821368989180953","0,664338070589143"
"0,37658784965035","0,153021863311101","1,49903459912181","0,637878750609854","1,1896858533908","1,31197512806961","0,104998963246066","0,601973156204263","0,703098288339569","0,869326506342486","0,377499705236623","1,0517965116279","0,212540291104241","1,40059737355668","0,758513548951061","2,27122387786633","2,98789141527077","2,17229120588713","1,61097356277443","0,649869633273721","0,0978859773946978","1,24068801837697","0,330210644007158","0,106528297284113","0,951449036428682","0,42418080175637","0,620186026183117","0,845385631810046","0,981272056431936","0,782509493413563","0,870104346235158","1,06517951089607","1,7194022300374","0,834363687184907","0,0302223227354104","1,51625886322979","2,0260287648398","-1,18719535696861","0,037402911042447"
"0,431497389391514","0,0667344230127248","0,802181196557421","0,710703658489612","0,667110950860643","0,535988253331739","0,36010416006882","0,295538879877771","0,526267404413208","0,520359004673418","0,343719782206773","0,817236953377098","0,0869078412407633","1,02356904631476","-0,927207203139574","1,38433974608623","2,17229120588713","3,88156857554929","2,19785323458671","0,407743173900768","0,0923018922631835","1,18372538324588","0,664663579229828","-0,137998947197232","1,03885746612628","0,674133768006775","0,668143211134029","0,668936270125222","0,309861885972044","0,588674422884338","0,692934385993445","0,991786426547748","1,59716908932561","0,657800743167479","1,22032516305604","1,0379063904272","3,35539954399945","-0,711071006410969","0,511249798854755"
"0,752611475657145","2,13452571823831","2,79301428666193","2,85192236168055","2,24383846057553","1,69668216216158","1,91184462064863","1,08043362153452","2,10286653157124","0,574848774618891","1,04538114402427","1,07235483197952","-1,35426901250524","-0,122237035761056","1,74025969402385","1,94758481267814","1,61097356277443","2,19785323458671","4,0809077358535","1,59920043695595","0,585631508332548","1,56039330528712","1,45654746920766","0,146921412125208","1,42117531840864","1,40766467803921","1,25467849607553","0,409057062123921","0,739946089864845","0,894057974766971","1,01540193206426","1,35263153668547","3,80509365504446","-0,0630088445061674","1,51151478471039","-0,453008874998931","1,65645014058768","-0,109342891655468","0,865759329715572"
"-0,0667323045681361","-0,92970516707894","-0,62646693514564","-0,127110257551505","0,0126619240612555","-0,107461905444622","0,500953387799471","0,289309978729965","0,0932939694944065","-1,91563164849228","-0,310711738536853","0,0775427562034075","-2,04529909013875","-0,582116479145092","1,33009813748064","2,17808407336238","0,649869633273721","0,407743173900768","1,59920043695595","4,78744078840376","-0,302524961268841","-0,20037269645898","-0,0145989238729446","0,125238813970604","0,276611376689411","-1,8593552834864","-0,265206739863561","-0,146359042120668","-0,738009282639026","0,271538934443768","-0,572725221687742","-0,906584376150168","0,334133030830861","-0,17433747464286","1,30443319089112","-0,705003944800609","-0,102724707055486","-0,843386214917273","0,808923252390208"
"0,314120421805856","1,91097547097945","1,84852165414145","1,80364991633214","1,61181838403335","1,2708073991492","1,28095532649725","0,0686753900933824","1,48319345785793","0,698169592188717","0,495425277751624","0,733546066540558","-0,165118408213573","-0,203023535063467","0,982025057561777","0,122291508674923","0,0978859773946978","0,0923018922631835","0,585631508332548","-0,302524961268841","1,35770252972242","1,02304908371922","1,22024137857247","-0,0215065072626274","0,0546986245089062","1,37087839807072","0,458613258681343","0,332539132379248","0,260121827682721","0,53237067216749","0,754646429457935","0,799197348092544","0,878655948549614","0,185040424844433","0,904341848481995","-0,439532351216715","0,502308316071933","0,588573864171324","0,578971378529671"
"0,778552007814707","2,23189091936215","3,19100729044517","2,1953363972319","2,15435401776926","1,60495210068389","0,980463292062899","0,875064164262912","1,83972618996671","1,68301326916657","1,13210885488441","2,02226267108045","0,582502170870745","0,974356557762923","1,41874835125096","0,781745948207243","1,24068801837697","1,18372538324588","1,56039330528712","-0,20037269645898","1,02304908371922","3,05152816675369","1,07355162799257","0,424914207273755","1,13029340564576","2,02372516819166","1,36107518017478","0,948177040982273","0,682643068834469","0,753826543254786","1,07901369071565","1,15486643848807","1,69159300827691","0,410779328688447","0,750345129931271","0,133385138576232","1,21898587275637","0,172876007866064","0,318311822204724"
"0,710352324083505","1,86500023538273","3,41621829715572","3,19129355971446","2,65781309220156","2,009201131335","2,56931797746317","0,326696404421772","2,85553905213514","0,413028847223766","0,84221285660484","0,97184202180928","-0,718171291224076","-0,404205910674393","0,988339880896338","-0,11111877412673","0,330210644007158","0,664663579229828","1,45654746920766","-0,0145989238729446","1,22024137857247","1,07355162799257","3,08530792127089","-0,17899017598069","0,0403605293115707","2,34495826771148","0,850300596588235","-0,489828183444462","0,972112104236033","0,859132353570542","1,25693196262122","0,545890787761809","1,53314998266727","-0,103968388099049","0,941101021989028","0,193456620032353","1,27610903784098","0,730770586359785","0,286770396983678"
"0,0339466686923848","0,150093522909161","-0,0845129396307474","-0,158965954027612","0,0432583881846436","0,238417833237753","-0,438085299492431","0,112030706747353","0,308729326976574","0,627670760543007","0,0831161335604433","-0,0382724073661952","0,314890283828779","0,0860776516934716","0,248708274131008","0,0401901582199917","0,106528297284113","-0,137998947197232","0,146921412125208","0,125238813970604","-0,0215065072626274","0,424914207273755","-0,17899017598069","1,02722388321593","-0,401607493944243","-0,35752244053376","-0,0356594985491857","0,103972027972029","0,189951691973878","-0,231982075604934","0,0304655249890866","0,783363303618048","0,272831272307865","0,177559888856554","-0,565989887101884","0,0621955206666042","-0,17023424968544","0,0736897195521735","0,0264553864128528"
"0,611314529106145","1,67955897193382","3,54128733705096","1,84644353703212","1,15013674131866","0,880187035119105","-0,101487612448749","0,782944814518406","0,376667845006888","1,36177613497274","0,848397241528359","1,93237646044286","0,289370489210911","1,53072593318554","1,22839240227337","0,840942656486722","0,951449036428682","1,03885746612628","1,42117531840864","0,276611376689411","0,0546986245089062","1,13029340564576","0,0403605293115707","-0,401607493944243","4,3749257988034","2,6473843361351","1,42406800635105","0,133434806472596","0,808190896465835","0,661941531999213","0,990862909886933","-0,584901049379019","1,6127622859087","0,263314169612517","0,711389996019893","0,616365295811899","1,37795979983908","0,0778029397163425","0,0986097825063546"
"1,12447538645565","3,99588615286182","5,72023958752386","4,22705757675617","3,18985011897527","2,39940383438471","2,21584289272539","0,872874963622665","2,79015974998074","1,87594457271615","1,41603278453492","2,21641799265606","-0,631778058691617","-0,0199659550975322","2,26744312832211","-0,265861560715905","0,42418080175637","0,674133768006775","1,40766467803921","-1,8593552834864","1,37087839807072","2,02372516819166","2,34495826771148","-0,35752244053376","2,6473843361351","6,91429652874665","1,95893233816367","0,995379838185069","1,41637863987298","1,02252349761622","1,8314508424562","1,68242385047633","1,41082534922238","-0,740530077633506","1,36167654881838","-0,816472608939409","1,44879661968997","0,949455368224187","0,302593550727117"
"0,734253453706636","1,9714362840342","3,05220235211545","2,20304864291156","2,00889946482526","1,38404134390701","0,851150699514685","0,99073680465801","1,60672456475593","1,05454423055525","1,03183535191858","0,988060823967953","-0,272625109131995","0,266335514546654","1,21552222547954","0,298857577398123","0,620186026183117","0,668143211134029","1,25467849607553","-0,265206739863561","0,458613258681343","1,36107518017478","0,850300596588235","-0,0356594985491857","1,42406800635105","1,95893233816367","1,58973890491393","0,530409050252073","0,880238137780212","0,645642585229948","0,885731370526659","0,861249623387627","1,77462128416259","-0,197279622916863","0,345484003603496","0,0075162991842912","0,824846801148665","0,16300342053907","0,170059593558216"
"0,266604874776386","0,614857415839973","-0,708874776386404","0,24614941453895","0,838885184582857","0,352872560578956","-0,318918563994144","0,554250487884208","0,371260794438119","0,610113900634249","0,204891059521872","-0,48011812896406","-0,471572959017728","-0,314018255000812","0,74943698162303","0,85922154008782","0,845385631810046","0,668936270125222","0,409057062123921","-0,146359042120668","0,332539132379248","0,948177040982273","-0,489828183444462","0,103972027972029","0,133434806472596","0,995379838185069","0,530409050252073","3,08302654903236","-0,143862599609693","0,32565191494552","0,17575705399252","1,4404081761262","0,584218043584322","-0,224833143600586","-0,0897250162628066","-0,796114144576354","0,26768596519759","-0,917292140998536","0,340222576841763"
"0,660590243599729","1,5899104892965","2,76364373753542","1,91136296338301","1,70535095779374","1,51298576041462","1,01495473804042","0,956381998356599","1,65933913088136","1,1573130494047","0,877571564909996","0,841323495048403","-0,0534933643467922","0,469681582799086","1,04254432042865","-0,318829146373823","0,981272056431936","0,309861885972044","0,739946089864845","-0,738009282639026","0,260121827682721","0,682643068834469","0,972112104236033","0,189951691973878","0,808190896465835","1,41637863987298","0,880238137780212","-0,143862599609693","2,36595739786529","0,604226954960584","0,988988779733121","0,980622627984012","1,40739787920158","0,406142005332489","-0,776785600568345","1,17803032050569","0,674307364911709","-0,175461521342794","-0,675667675959293"
"0,341208722428123","1,18111921493439","1,65103143857367","1,48789777220943","1,34987929680479","0,966174132935607","0,852991483424775","0,360526375705078","1,10036528190292","0,50069710415044","0,559028158194315","0,885321297429621","-0,325533782771695","-0,0513905480993912","0,958362021852076","0,656777072223981","0,782509493413563","0,588674422884338","0,894057974766971","0,271538934443768","0,53237067216749","0,753826543254786","0,859132353570542","-0,231982075604934","0,661941531999213","1,02252349761622","0,645642585229948","0,32565191494552","0,604226954960584","0,937157287021424","0,78014811137455","0,492762489193793","1,09614864312554","0,118985829959514","0,517940732767843","-0,0577002775376397","0,887931924104049","0,0263615489467689","0,250896357773194"
"0,564835729600876","1,723322301016","2,75178227739213","2,09296459415737","1,65392982705789","1,651195406185","1,29402879693745","0,365791596408487","1,47594715443675","1,42787824079226","0,910265423988496","1,37604537109158","0,578120928948653","0,636758878208695","1,37966792097131","0,377459507750509","0,870104346235158","0,692934385993445","1,01540193206426","-0,572725221687742","0,754646429457935","1,07901369071565","1,25693196262122","0,0304655249890866","0,990862909886933","1,8314508424562","0,885731370526659","0,17575705399252","0,988988779733121","0,78014811137455","1,87422993255215","1,40055984819954","1,74817239752292","0,708768324545711","0,712313339353421","0,640865454160284","1,09987354276691","0,725142370175723","0,160063606833802"
"0,579111903625749","2,14383229568779","2,04679132250858","1,7005123677577","1,54686070531366","2,28045594865661","1,49339039831038","1,05971761187099","1,81867144101308","0,575139820017808","1,17489878275029","0,847830894625569","0,14930320826664","-0,095459212452173","1,4407340362361","0,667189901438829","1,06517951089607","0,991786426547748","1,35263153668547","-0,906584376150168","0,799197348092544","1,15486643848807","0,545890787761809","0,783363303618048","-0,584901049379019","1,68242385047633","0,861249623387627","1,4404081761262","0,980622627984012","0,492762489193793","1,40055984819954","5,41007027190986","2,23084747466426","0,278429623237839","0,538405172321554","-0,291994317646857","0,748088264244934","0,567019817086219","0,548677014234234"
"0,924764400608571","2,97529588518886","3,73413732121612","3,80446967681951","3,25511597360718","2,4382701717652","2,35000325684108","1,78292534141195","3,00077264167901","1,68086360159119","1,61989795356112","1,15606875208635","-0,518190526272993","0,219226757025105","2,25367795202044","1,70398129670207","1,7194022300374","1,59716908932561","3,80509365504446","0,334133030830861","0,878655948549614","1,69159300827691","1,53314998266727","0,272831272307865","1,6127622859087","1,41082534922238","1,77462128416259","0,584218043584322","1,40739787920158","1,09614864312554","1,74817239752292","2,23084747466426","5,37125607233953","-0,0532187898545758","0,818747024013318","-0,137105387268791","1,39330606281723","0,402015516001747","0,623056056397702"
"0,076810347317921","-0,906186883725211","0,257461475336169","-0,899733581519459","-0,472366359848842","0,298013593887753","-0,226042592505413","-0,435235900039373","-0,375378126310654","0,436450616167798","0,0220795224512329","0,851242822966506","1,84011730298465","1,51761571736097","-0,325098264266333","0,155324809981939","0,834363687184907","0,657800743167479","-0,0630088445061674","-0,17433747464286","0,185040424844433","0,410779328688447","-0,103968388099049","0,177559888856554","0,263314169612517","-0,740530077633506","-0,197279622916863","-0,224833143600586","0,406142005332489","0,118985829959514","0,708768324545711","0,278429623237839","-0,0532187898545758","3,01322496972122","-0,281528329916718","2,80707343085311","0,711243274473383","-0,335981547063707","0,102965410507484"
"0,465296378422679","1,87741584692847","1,96369141430784","1,80510607255352","0,743331176549889","0,91648213926526","1,49118371087297","-0,0666145623807023","0,554725115765511","-0,656918820240355","0,297504936082891","1,09710295426727","-0,807023777935651","-0,312756336075187","1,3476499564542","0,8729434760466","0,0302223227354104","1,22032516305604","1,51151478471039","1,30443319089112","0,904341848481995","0,750345129931271","0,941101021989028","-0,565989887101884","0,711389996019893","1,36167654881838","0,345484003603496","-0,0897250162628066","-0,776785600568345","0,517940732767843","0,712313339353421","0,538405172321554","0,818747024013318","-0,281528329916718","6,64155658547389","-1,66067742936378","1,6324853517046","1,52135818083386","1,03495892143353"
"0,251922204937046","-1,65513107180457","1,17621379278616","-0,96873977155036","-0,179187499465042","0,678529887187477","-0,469566580145681","-0,0179089261411796","-0,173695576302525","0,338379395237567","0,175645498626219","0,866452918103927","2,10737057587455","2,65140440251303","-0,99107823052101","-0,0524401314719558","1,51625886322979","1,0379063904272","-0,453008874998931","-0,705003944800609","-0,439532351216715","0,133385138576232","0,193456620032353","0,0621955206666042","0,616365295811899","-0,816472608939409","0,0075162991842912","-0,796114144576354","1,17803032050569","-0,0577002775376397","0,640865454160284","-0,291994317646857","-0,137105387268791","2,80707343085311","-1,66067742936378","4,71480192329091","1,09739325821058","-0,790158262789842","-0,951343826766869"
"0,485892575600654","0,523733061002641","1,9347545011598","1,30684095723738","1,16109407819842","1,06277897133467","0,472893963288856","0,184853992091138","1,07081771747224","1,26741133025482","0,555776884987711","1,37219731278513","0,768310772611719","0,990202157389736","-0,767301507091438","0,856014754217631","2,0260287648398","3,35539954399945","1,65645014058768","-0,102724707055486","0,502308316071933","1,21898587275637","1,27610903784098","-0,17023424968544","1,37795979983908","1,44879661968997","0,824846801148665","0,26768596519759","0,674307364911709","0,887931924104049","1,09987354276691","0,748088264244934","1,39330606281723","0,711243274473383","1,6324853517046","1,09739325821058","4,20223034982153","-0,576198344189469","0,635253742585442"
"0,101217298918951","1,7356727944638","1,19507506569318","1,0624959760252","0,137131867826177","0,414326490828633","0,274573635208122","-0,589532701081048","0,250247189316194","0,106079601090463","0,164972938475234","0,248337459663959","0,298192770968321","-0,204439628608846","0,564887987777218","-0,821368989180953","-1,18719535696861","-0,711071006410969","-0,109342891655468","-0,843386214917273","0,588573864171324","0,172876007866064","0,730770586359785","0,0736897195521735","0,0778029397163425","0,949455368224187","0,16300342053907","-0,917292140998536","-0,175461521342794","0,0263615489467689","0,725142370175723","0,567019817086219","0,402015516001747","-0,335981547063707","1,52135818083386","-0,790158262789842","-0,576198344189469","3,50618477758472","0,245824059966961"
"-0,0870808315002012","0,444851707808714","0,00558739760851081","0,341958247382972","0,255389752077788","0,198205286910152","0,404127287492191","-0,166442089428319","0,367075672338678","-0,052734296761992","0,0196736578904573","0,17565985590297","-0,419979598736637","-0,621863583937482","0,398248979294881","0,664338070589143","0,037402911042447","0,511249798854755","0,865759329715572","0,808923252390208","0,578971378529671","0,318311822204724","0,286770396983678","0,0264553864128528","0,0986097825063546","0,302593550727117","0,170059593558216","0,340222576841763","-0,675667675959293","0,250896357773194","0,160063606833802","0,548677014234234","0,623056056397702","0,102965410507484","1,03495892143353","-0,951343826766869","0,635253742585442","0,245824059966961","1,21487144893051"
