"0,87302741565332","1,70208906350305","2,24706502422145","1,73328031715274","1,24256058236942","1,0013636589883","1,35518152947768","0,894438244719065","0,960865346119625","0,196738446795188","0,350369340846928","0,769320723414072","0,129002936628768","0,429679223331686","0,886999484066567","0,285031619311253","0,54111210624485","0,562025370110398","0,624848769550174","0,0139086333827646","0,0349151973636516","1,0729245527105","0,411110248673588","0,483522681166585","0,910964795781841","0,514140322293623","0,700513278101828","0,828249673290493","0,433237366814962","-0,00607340121931125","0,639190744834405","0,832159600329544","0,854870228900972","0,449071386521668","-0,0748397160652494","0,74314088172681","0,512619776833086","0,123885454605371","0,149404261393969"
"1,70208906350305","6,7580935629593","6,47278114878893","6,3045831054869","4,56309208001318","3,48995276875927","2,65559272789587","2,27432714793211","2,87342372160158","1,10162005312243","1,23131984287362","2,27707534579008","0,253573461459879","1,41201604376339","3,55098187431208","1,59388649701763","1,88102842695666","1,29509510706871","1,87848808858131","2,12918927533366","-0,16738808054045","3,22228264452134","1,37863654717417","1,31516782336464","2,60748477152743","0,551871724501568","2,22040429777558","2,48756938882847","1,29062937894217","-0,405114752347997","1,96510187273027","1,79777396104795","1,64335417841489","0,164710549217333","0,62760542244192","0,806470496753995","0,861410795584116","0,0841625440764539","0,0458989134289002"
"2,24706502422145","6,47278114878893","9,33043041291811","7,146961088812","5,24518686043829","4,35684429065744","3,98560987312572","2,74370628835064","3,27779115109573","1,25419297808536","1,41708600692041","2,84711911418685","1,15670071510957","1,92345696885813","3,09351646597462","1,1459271787774","2,20821100807382","1,98077728258362","2,1653059100346","0,271174542099192","0,0292717416378294","3,62217281660899","1,86675153863898","2,00820989158016","3,96312200230681","2,08802311418685","3,04286906574395","2,00719052364475","1,66947421453287","0,314904562860435","2,40766309573241","2,54137218915801","2,9316719538639","0,699175926182237","0,621410915801605","2,12264047981545","2,20189351787774","-0,834075801614759","0,140181444059978"
"1,73328031715274","6,3045831054869","7,146961088812","9,09497012199704","6,07783769240402","4,66667615541275","5,17570029118471","4,97327371784479","3,37039029375515","1,42618343133959","1,95281986172351","2,96704435709342","0,399007280804085","1,99410499311254","3,79467025315538","2,81434933280606","2,99722735053551","2,18912357910694","2,97402183344867","2,9790814223101","-1,25378416503543","3,97446932595156","0,657728051672435","1,99943723710661","4,05076658770802","0,0428532265612141","2,42119834015489","2,8228089111221","1,40037976496952","-0,0817858810347664","2,56062848231999","1,46574170690394","3,0195680688087","0,892089339001483","-1,5714625958807","3,15236935139232","1,67950534269237","-0,739332298566485","-0,374802808502224"
"1,24256058236942","4,56309208001318","5,24518686043829","6,07783769240402","5,12317867352117","3,6034932136431","3,28275839604548","2,97159918352283","2,99937306811666","0,853485066798483","1,30394860016477","2,01927170103806","0,0923423591365909","1,31546900009886","2,25596830502554","1,93803212759928","2,28360564099522","1,93589495416049","2,09958093287197","1,82380152644587","-0,455745002603398","2,70520711972318","1,02146216193771","1,38226187510298","2,02151557857967","-0,165062788597805","1,75780215310595","2,0711537829626","1,00015460286703","-0,0841744366452516","1,68772657268084","1,09229704689405","1,85111699535344","0,21297007928819","-0,953389365496803","1,59358480619542","1,54588102923051","-0,714403041028173","-0,241297283638161"
"1,0013636589883","3,48995276875927","4,35684429065744","4,66667615541275","3,6034932136431","3,23725069329379","2,50138502712144","2,30077370189488","2,04478577136266","0,481954071906411","1,03515426831439","1,46346019469435","0,104867324699289","0,910251224518042","1,74151404633383","1,25552020932609","1,57151736681496","1,25319964356566","1,54692349342561","1,0247407546548","-0,243576520151593","2,07681296978085","0,697762701730099","1,23139177063767","1,95334185638491","0,277014153237761","1,29938931145164","1,43910165707695","0,704377934552643","-0,108112052726976","1,37339761700445","0,877454672862083","1,50106821235789","0,256636730136762","-0,302905043203173","1,36703824234635","1,05232938250124","-0,577568292634699","-0,0831676912835717"
"1,35518152947768","2,65559272789587","3,98560987312572","5,17570029118471","3,28275839604548","2,50138502712144","7,30254159986818","3,01958838899325","2,20889562932938","0,396591937782173","0,956559639874775","3,0788737217993","1,01934945223265","1,14733052588565","2,10679529069039","1,57048637706377","2,15874981103971","1,93383107938705","2,03515755109574","0,402679517548197","-0,0368546457076986","3,30058684752018","0,78117849873125","1,56393534354918","2,87363900451475","1,2775686103147","1,56195750654144","2,39812255145823","1,09718230166419","0,795776606360186","2,09170262013511","2,67350530130169","3,11780128337453","0,840547172054707","-1,70114902277148","1,98462280125227","2,35168041496128","-0,2888570268578","0,15246256740814"
"0,894438244719065","2,27432714793211","2,74370628835064","4,97327371784479","2,97159918352283","2,30077370189488","3,01958838899325","5,22278574368101","2,19999154312078","0,886782789125057","1,44049328640633","0,826817825144175","-0,504348330729949","0,777406378118308","2,03302209813808","2,05812980247158","1,49451772377656","1,06983870528918","2,17851914002307","2,34005744076454","-1,91061261071017","1,66018397970012","-1,08205836770473","0,983489186356897","2,52539160639314","-0,680154293623337","0,764275906014167","1,29202854480145","0,314944432097547","-0,53436929049267","1,06239107147801","-0,471743482484758","2,37454634608667","0,957172035195259","-2,94366947200528","3,40437665750536","0,50239157475696","-0,710118134783327","-0,614424782204648"
"0,960865346119625","2,87342372160158","3,27779115109573","3,37039029375515","2,99937306811666","2,04478577136266","2,20889562932938","2,19999154312078","3,17166581538969","0,788310753270721","0,87236715531389","1,29280634279123","-0,0484985021585107","0,430413786521667","1,52965172726973","1,0033664052727","1,43026506719394","1,29932289128357","1,66593699100346","0,798444757291151","-0,126450835920252","1,84302536009227","1,54340694994233","0,889949197561377","0,884186483704072","1,17991949909375","1,06126826903938","1,60184996328884","0,802317738540121","-0,15008142494645","1,08745512974131","1,42717684468611","1,88515077857967","0,156405653122426","-0,847469476487067","0,684403364508157","1,05747767895864","-0,505636073158675","-0,0364474914483436"
"0,196738446795188","1,10162005312243","1,25419297808536","1,42618343133959","0,853485066798483","0,481954071906411","0,396591937782173","0,886782789125057","0,788310753270721","3,29898371553798","0,879631338540119","0,712601018685124","0,944013391069374","1,20754776312407","1,93096719802274","1,14829003684297","0,737457508782336","0,230917439314549","1,05306523091119","1,32280381216016","-0,0215006642280406","0,70373690795848","0,40351536978086","0,496778782666009","0,804555762333168","1,01397763717253","0,268191275795025","0,705431551029822","0,0655610207942016","-0,46539473916625","0,287257503773274","0,785920504597139","0,837559446894049","0,0267422608007876","-0,409689367737671","-0,101046310891419","0,0313256499588105","-0,227671971000165","0,297037479387048"
"0,350369340846928","1,23131984287362","1,41708600692041","1,95281986172351","1,30394860016477","1,03515426831439","0,956559639874775","1,44049328640633","0,87236715531389","0,879631338540119","1,17003047513594","0,69200350080738","0,247442417268079","0,662088892140386","1,11673529556764","0,922273651936071","0,789560497742625","0,30543199130005","0,863474550403693","0,923794882847258","-0,0840655322458412","0,803145793771626","0,0786068945790047","0,235745243038392","1,10123318134783","0,183855771955835","0,608661314351622","0,76928835643434","0,414816428933926","-0,214215580820566","0,476041597363652","0,177887015060139","1,02965767724502","0,360567575020599","-0,899131497907405","0,879535656483774","0,193941893821056","-0,732078002965892","0,025445155116164"
"0,769320723414072","2,27707534579008","2,84711911418685","2,96704435709342","2,01927170103806","1,46346019469435","3,0788737217993","0,826817825144175","1,29280634279123","0,712601018685124","0,69200350080738","2,89030960645905","1,11107460761246","1,40217384636678","1,59446591188005","0,916262887197235","1,59054150126875","1,21982758754325","0,790608983621683","0,202972373702423","0,231269418223758","2,23524779331026","1,20417336839677","0,875882482122259","1,5894446911188","0,754717324106109","0,951858308650522","1,5376986094579","0,968051144636676","0,47964991926182","1,14805962260669","1,76645861683967","0,981532279584777","0,347777727335639","0,739706609457893","0,28457681937716","1,80269579146482","-0,124814634371393","0,378705048212227"
"0,129002936628768","0,253573461459879","1,15670071510957","0,399007280804085","0,0923423591365909","0,104867324699289","1,01934945223265","-0,504348330729949","-0,0484985021585107","0,944013391069374","0,247442417268079","1,11107460761246","3,38197407045643","1,38016877271379","-1,5755732537156","-1,441620880145","-0,260807549975279","0,412340228175975","-1,53499667266437","-2,37448922062943","0,473709063634868","0,899747207381774","0,662191822837374","0,452607177459219","0,382455512011867","0,830445260833756","0,764309774130834","-0,00828522708848459","0,354994518503871","0,63881949448015","0,149198896951719","1,0808639356731","-0,338191768528591","0,676559324303834","1,21666406142693","-0,0641205805239819","1,34240791669139","-0,0741725977920561","0,158060574328556"
"0,429679223331686","1,41201604376339","1,92345696885813","1,99410499311254","1,31546900009886","0,910251224518042","1,14733052588565","0,777406378118308","0,430413786521667","1,20754776312407","0,662088892140386","1,40217384636678","1,38016877271379","2,16066664979403","1,44111128871313","0,912376759004783","0,857344825704403","0,121717052034931","0,323386044752019","-0,0471314153896857","-0,0983255687592699","1,33011180253748","0,228205460668969","0,517109420332838","1,24680609233811","0,957468914153893","0,704946680375682","0,751134871115506","0,431261973438785","0,107350808370404","0,6926604846927","0,826550794134121","0,568924557719562","0,464840428933927","0,713207789883004","0,964868631537321","0,230119194331851","-0,127995193936396","0,227887466403033"
"0,886999484066567","3,55098187431208","3,09351646597462","3,79467025315538","2,25596830502554","1,74151404633383","2,10679529069039","2,03302209813808","1,52965172726973","1,93096719802274","1,11673529556764","1,59446591188005","-1,5755732537156","1,44111128871313","8,04590729912671","3,36923642326578","1,07790757330697","-1,88300552025045","2,455399983391","4,64932784840995","-0,32864720408634","2,13447541591695","0,331692010149941","1,04511971659252","2,98459956052068","2,06106339759433","0,532378872038228","2,56242812614928","0,27422790601417","-0,913987215027187","1,78553930782666","1,89741921423628","2,49562715597298","-0,181543942263965","0,560732843236117","1,11387979726479","-2,82752000316362","-0,0781164237930461","0,480476603592025"
"0,285031619311253","1,59388649701763","1,1459271787774","2,81434933280606","1,93803212759928","1,25552020932609","1,57048637706377","2,05812980247158","1,0033664052727","1,14829003684297","0,922273651936071","0,916262887197235","-1,441620880145","0,912376759004783","3,36923642326578","3,9321304718405","2,43776217973306","0,692333617268084","2,99305843967705","3,45104264162135","-0,698299882550663","1,25451539008075","-0,299824514878884","0,679922954028673","1,46292168752677","0,0199119986818311","0,418508255857633","1,53205964000659","-0,0262450006261291","-0,696475199209092","0,84137951135278","0,261815289240409","1,82374252285384","-0,0115319840500895","-1,67869419752841","1,4513120453452","0,00843596796836338","-0,344607692865384","-0,0458053494150616"
"0,54111210624485","1,88102842695666","2,20821100807382","2,99722735053551","2,28360564099522","1,57151736681496","2,15874981103971","1,49451772377656","1,43026506719394","0,737457508782336","0,789560497742625","1,59054150126875","-0,260807549975279","0,857344825704403","1,07790757330697","2,43776217973306","3,27108065091448","2,45465542290328","2,47627087612456","0,926808483769975","-0,219361351392314","1,9347404770473","0,703635954786633","0,744927683638165","1,05412782679189","0,317033709672121","1,2290861134289","1,44762071537321","1,32946557680014","0,0946100800790979","1,15229597152744","1,08118538461033","1,52470425071675","0,224575783555772","-1,08205168798811","0,806441265710987","2,423505937189","-0,662422353600266","0,13865348545065"
"0,562025370110398","1,29509510706871","1,98077728258362","2,18912357910694","1,93589495416049","1,25319964356566","1,93383107938705","1,06983870528918","1,29932289128357","0,230917439314549","0,30543199130005","1,21982758754325","0,412340228175975","0,121717052034931","-1,88300552025045","0,692333617268084","2,45465542290328","3,74867719993409","1,69194896239908","-0,594009443400889","-0,0358143441094088","1,42788852410611","0,782092331257209","0,502214406327236","0,300820519228867","-0,311905562036581","1,08167861090789","0,76668598820234","1,04142158352282","0,352300231339594","0,422947525589059","0,761465263601911","0,686864985730762","0,157941614368101","-1,01170498098534","0,0716354124897026","3,85805915623661","-0,266175653320152","0,0312305745262812"
"0,624848769550174","1,87848808858131","2,1653059100346","2,97402183344867","2,09958093287197","1,54692349342561","2,03515755109574","2,17851914002307","1,66593699100346","1,05306523091119","0,863474550403693","0,790608983621683","-1,53499667266437","0,323386044752019","2,455399983391","2,99305843967705","2,47627087612456","1,69194896239908","4,09183012318339","2,87340940253749","-0,368651283044983","1,31051493979239","0,391000127335639","0,625328848904268","1,61110643967705","0,852493877739325","0,849678848442904","1,36863239492503","0,447326623298732","-0,424594334486738","0,909192854440602","0,727393057439446","2,63558750449827","0,0397769891580193","-2,14659615409458","1,25377800968859","0,750599283967703","-0,33832951326413","-0,0460202758938872"
"0,0139086333827646","2,12918927533366","0,271174542099192","2,9790814223101","1,82380152644587","1,0247407546548","0,402679517548197","2,34005744076454","0,798444757291151","1,32280381216016","0,923794882847258","0,202972373702423","-2,37448922062943","-0,0471314153896857","4,64932784840995","3,45104264162135","0,926808483769975","-0,594009443400889","2,87340940253749","9,27108536365134","-1,02420344702587","0,616764982698965","-0,621290722029988","-0,0207717080243859","0,935969857307627","-3,62948122853848","-0,157937666172353","1,40809363124073","-0,77145590904597","-1,10053319228868","-0,211848736859448","-0,579811824023727","-0,0892534374691063","-0,823188240566814","-0,575087029823694","0,497721602899985","-2,24790571230845","-0,858568495633549","-0,646189168561543"
"0,0349151973636516","-0,16738808054045","0,0292717416378294","-1,25378416503543","-0,455745002603398","-0,243576520151593","-0,0368546457076986","-1,91061261071017","-0,126450835920252","-0,0215006642280406","-0,0840655322458412","0,231269418223758","0,473709063634868","-0,0983255687592699","-0,32864720408634","-0,698299882550663","-0,219361351392314","-0,0358143441094088","-0,368651283044983","-1,02420344702587","1,61397487928818","0,125066585467122","1,0703739017301","-0,205323075300711","-0,317351960982036","1,33665150898006","0,130750750107105","0,185402224023727","0,188500529510625","0,234474725984509","0,0175980338111695","1,01812215969682","-0,0475478369418323","-0,284892027286209","1,13170142850551","-1,52340619911023","0,163869268215522","0,0121612311748254","0,582198731125393"
"1,0729245527105","3,22228264452134","3,62217281660899","3,97446932595156","2,70520711972318","2,07681296978085","3,30058684752018","1,66018397970012","1,84302536009227","0,70373690795848","0,803145793771626","2,23524779331026","0,899747207381774","1,33011180253748","2,13447541591695","1,25451539008075","1,9347404770473","1,42788852410611","1,31051493979239","0,616764982698965","0,125066585467122","3,32042769642445","1,0512613407151","1,45987774855824","2,15979460576702","1,27179872664358","1,7316859349481","2,33435276401384","1,02928591280276","0,222013250288344","1,61962453148789","2,05425828465974","1,44106653564014","0,443055282122263","-0,0360254320646085","1,14517334071511","1,52440990449827","0,0995476724336829","0,163982833679355"
"0,411110248673588","1,37863654717417","1,86675153863898","0,657728051672435","1,02146216193771","0,697762701730099","0,78117849873125","-1,08205836770473","1,54340694994233","0,40351536978086","0,0786068945790047","1,20417336839677","0,662191822837374","0,228205460668969","0,331692010149941","-0,299824514878884","0,703635954786633","0,782092331257209","0,391000127335639","-0,621290722029988","1,0703739017301","1,0512613407151","2,44877641891579","0,251824544405994","-0,416445220761238","1,93719228604382","0,70162684752019","0,774678102883506","0,841052414302186","0,482241522491344","0,525712514878889","2,12803655640138","0,483679505420998","-0,281239367012688","1,42053441660898","-1,29496052226067","0,972291609688581","-0,235795589388691","0,382816634832759"
"0,483522681166585","1,31516782336464","2,00820989158016","1,99943723710661","1,38226187510298","1,23139177063767","1,56393534354918","0,983489186356897","0,889949197561377","0,496778782666009","0,235745243038392","0,875882482122259","0,452607177459219","0,517109420332838","1,04511971659252","0,679922954028673","0,744927683638165","0,502214406327236","0,625328848904268","-0,0207717080243859","-0,205323075300711","1,45987774855824","0,251824544405994","1,71340820827154","1,34274146383259","0,710624151590044","0,63472390970506","1,02388022277146","-0,0162879868182582","-0,00151083605206993","0,659014704234634","0,665847070687096","0,76222069533696","0,354355263799638","-0,503380460701934","1,39135807942","0,57603168363816","-0,00559202636348467","-0,229983876091613"
"0,910964795781841","2,60748477152743","3,96312200230681","4,05076658770802","2,02151557857967","1,95334185638491","2,87363900451475","2,52539160639314","0,884186483704072","0,804555762333168","1,10123318134783","1,5894446911188","0,382455512011867","1,24680609233811","2,98459956052068","1,46292168752677","1,05412782679189","0,300820519228867","1,61110643967705","0,935969857307627","-0,317351960982036","2,15979460576702","-0,416445220761238","1,34274146383259","4,94584090321305","1,48915262613282","1,37235954997528","1,39094183608502","0,340609901334654","-0,00379033646399261","1,66421527605866","0,249371995122761","2,77949028755973","0,469590368891083","-0,618448864195077","1,99985902573735","0,38191424247817","-0,588322516394795","0,273303356467292"
"0,514140322293623","0,551871724501568","2,08802311418685","0,0428532265612141","-0,165062788597805","0,277014153237761","1,2775686103147","-0,680154293623337","1,17991949909375","1,01397763717253","0,183855771955835","0,754717324106109","0,830445260833756","0,957468914153893","2,06106339759433","0,0199119986818311","0,317033709672121","-0,311905562036581","0,852493877739325","-3,62948122853848","1,33665150898006","1,27179872664358","1,93719228604382","0,710624151590044","1,48915262613282","7,81472498797166","0,72744745823036","0,785136081726806","0,716734824188495","0,385831140550336","1,40006234305486","2,86245309078925","2,99146581908058","0,456529857307624","0,737600216180583","0,274408241225892","-0,261120643269068","0,813558430054381","0,780407174822873"
"0,700513278101828","2,22040429777558","3,04286906574395","2,42119834015489","1,75780215310595","1,29938931145164","1,56195750654144","0,764275906014167","1,06126826903938","0,268191275795025","0,608661314351622","0,951858308650522","0,764309774130834","0,704946680375682","0,532378872038228","0,418508255857633","1,2290861134289","1,08167861090789","0,849678848442904","-0,157937666172353","0,130750750107105","1,7316859349481","0,70162684752019","0,63472390970506","1,37235954997528","0,72744745823036","1,76874583199868","0,892977799571593","0,987683911286869","0,357564183885323","1,00904526795189","1,14625303858956","1,06010806155874","0,270192798550006","-0,318484407711311","0,736693491777885","1,2724814389191","-0,444206002965893","-0,0724274095897186"
"0,828249673290493","2,48756938882847","2,00719052364475","2,8228089111221","2,0711537829626","1,43910165707695","2,39812255145823","1,29202854480145","1,60184996328884","0,705431551029822","0,76928835643434","1,5376986094579","-0,00828522708848459","0,751134871115506","2,56242812614928","1,53205964000659","1,44762071537321","0,76668598820234","1,36863239492503","1,40809363124073","0,185402224023727","2,33435276401384","0,774678102883506","1,02388022277146","1,39094183608502","0,785136081726806","0,892977799571593","2,69069046076784","0,445409081957489","-0,34851255099687","1,12269504906904","1,80178332984017","1,33789619482617","0,299109850321307","-0,519011141473062","0,444619682715443","0,323877468314384","0,255375624320316","0,295990926478826"
"0,433237366814962","1,29062937894217","1,66947421453287","1,40037976496952","1,00015460286703","0,704377934552643","1,09718230166419","0,314944432097547","0,802317738540121","0,0655610207942016","0,414816428933926","0,968051144636676","0,354994518503871","0,431261973438785","0,27422790601417","-0,0262450006261291","1,32946557680014","1,04142158352282","0,447326623298732","-0,77145590904597","0,188500529510625","1,02928591280276","0,841052414302186","-0,0162879868182582","0,340609901334654","0,716734824188495","0,987683911286869","0,445409081957489","1,79494838266601","0,494231168231996","0,875654950205963","1,27785494361509","0,655485209161314","0,132396188103477","0,292988196803419","-0,199464963849068","1,39436687876091","-0,591560859449661","0,159666753138903"
"-0,00607340121931125","-0,405114752347997","0,314904562860435","-0,0817858810347664","-0,0841744366452516","-0,108112052726976","0,795776606360186","-0,53436929049267","-0,15008142494645","-0,46539473916625","-0,214215580820566","0,47964991926182","0,63881949448015","0,107350808370404","-0,913987215027187","-0,696475199209092","0,0946100800790979","0,352300231339594","-0,424594334486738","-1,10053319228868","0,234474725984509","0,222013250288344","0,482241522491344","-0,00151083605206993","-0,00379033646399261","0,385831140550336","0,357564183885323","-0,34851255099687","0,494231168231996","1,15500933135607","0,220960398088644","0,49855158082056","-0,148046424781675","-0,0758929418355598","0,9915227879387","-0,1276543878728","0,975955021255562","-0,255819042346348","-0,0419760382270542"
"0,639190744834405","1,96510187273027","2,40766309573241","2,56062848231999","1,68772657268084","1,37339761700445","2,09170262013511","1,06239107147801","1,08745512974131","0,287257503773274","0,476041597363652","1,14805962260669","0,149198896951719","0,6926604846927","1,78553930782666","0,84137951135278","1,15229597152744","0,422947525589059","0,909192854440602","-0,211848736859448","0,0175980338111695","1,61962453148789","0,525712514878889","0,659014704234634","1,66421527605866","1,40006234305486","1,00904526795189","1,12269504906904","0,875654950205963","0,220960398088644","1,74015014691053","1,33364201047948","1,66551894493327","0,199115939232165","-0,543205791267103","0,710709579304665","0,592739673488218","0,124665754490033","0,226652318602735"
"0,832159600329544","1,79777396104795","2,54137218915801","1,46574170690394","1,09229704689405","0,877454672862083","2,67350530130169","-0,471743482484758","1,42717684468611","0,785920504597139","0,177887015060139","1,76645861683967","1,0808639356731","0,826550794134121","1,89741921423628","0,261815289240409","1,08118538461033","0,761465263601911","0,727393057439446","-0,579811824023727","1,01812215969682","2,05425828465974","2,12803655640138","0,665847070687096","0,249371995122761","2,86245309078925","1,14625303858956","1,80178332984017","1,27785494361509","0,49855158082056","1,33364201047948","4,1917851418026","1,27873040118636","0,196285130861756","1,11685039986817","-0,621446401581811","0,979875517943649","0,245470159828642","0,484328178217171"
"0,854870228900972","1,64335417841489","2,9316719538639","3,0195680688087","1,85111699535344","1,50106821235789","3,11780128337453","2,37454634608667","1,88515077857967","0,837559446894049","1,02965767724502","0,981532279584777","-0,338191768528591","0,568924557719562","2,49562715597298","1,82374252285384","1,52470425071675","0,686864985730762","2,63558750449827","-0,0892534374691063","-0,0475478369418323","1,44106653564014","0,483679505420998","0,76222069533696","2,77949028755973","2,99146581908058","1,06010806155874","1,33789619482617","0,655485209161314","-0,148046424781675","1,66551894493327","1,27873040118636","4,15228774796507","0,559615918536827","-2,14688016371724","1,51402498441259","0,447877238952051","-0,427556081067723","0,29463229474378"
"0,449071386521668","0,164710549217333","0,699175926182237","0,892089339001483","0,21297007928819","0,256636730136762","0,840547172054707","0,957172035195259","0,156405653122426","0,0267422608007876","0,360567575020599","0,347777727335639","0,676559324303834","0,464840428933927","-0,181543942263965","-0,0115319840500895","0,224575783555772","0,157941614368101","0,0397769891580193","-0,823188240566814","-0,284892027286209","0,443055282122263","-0,281239367012688","0,354355263799638","0,469590368891083","0,456529857307624","0,270192798550006","0,299109850321307","0,132396188103477","-0,0758929418355598","0,199115939232165","0,196285130861756","0,559615918536827","2,01166008344044","-1,25370074911848","2,50138288508816","0,114938167869499","0,21118544340089","-0,0204103761410451"
"-0,0748397160652494","0,62760542244192","0,621410915801605","-1,5714625958807","-0,953389365496803","-0,302905043203173","-1,70114902277148","-2,94366947200528","-0,847469476487067","-0,409689367737671","-0,899131497907405","0,739706609457893","1,21666406142693","0,713207789883004","0,560732843236117","-1,67869419752841","-1,08205168798811","-1,01170498098534","-2,14659615409458","-0,575087029823694","1,13170142850551","-0,0360254320646085","1,42053441660898","-0,503380460701934","-0,618448864195077","0,737600216180583","-0,318484407711311","-0,519011141473062","0,292988196803419","0,9915227879387","-0,543205791267103","1,11685039986817","-2,14688016371724","-1,25370074911848","9,51446605740647","-3,26258004837701","0,206454476717749","-0,743275781842141","0,947021021716925"
"0,74314088172681","0,806470496753995","2,12264047981545","3,15236935139232","1,59358480619542","1,36703824234635","1,98462280125227","3,40437665750536","0,684403364508157","-0,101046310891419","0,879535656483774","0,28457681937716","-0,0641205805239819","0,964868631537321","1,11387979726479","1,4513120453452","0,806441265710987","0,0716354124897026","1,25377800968859","0,497721602899985","-1,52340619911023","1,14517334071511","-1,29496052226067","1,39135807942","1,99985902573735","0,274408241225892","0,736693491777885","0,444619682715443","-0,199464963849068","-0,1276543878728","0,710709579304665","-0,621446401581811","1,51402498441259","2,50138288508816","-3,26258004837701","6,24773036849564","-0,238211000955678","-0,330630480144999","-1,06356380214203"
"0,512619776833086","0,861410795584116","2,20189351787774","1,67950534269237","1,54588102923051","1,05232938250124","2,35168041496128","0,50239157475696","1,05747767895864","0,0313256499588105","0,193941893821056","1,80269579146482","1,34240791669139","0,230119194331851","-2,82752000316362","0,00843596796836338","2,423505937189","3,85805915623661","0,750599283967703","-2,24790571230845","0,163869268215522","1,52440990449827","0,972291609688581","0,57603168363816","0,38191424247817","-0,261120643269068","1,2724814389191","0,323877468314384","1,39436687876091","0,975955021255562","0,592739673488218","0,979875517943649","0,447877238952051","0,114938167869499","0,206454476717749","-0,238211000955678","5,5436176862086","-0,577927451639479","0,214981736431044"
"0,123885454605371","0,0841625440764539","-0,834075801614759","-0,739332298566485","-0,714403041028173","-0,577568292634699","-0,2888570268578","-0,710118134783327","-0,505636073158675","-0,227671971000165","-0,732078002965892","-0,124814634371393","-0,0741725977920561","-0,127995193936396","-0,0781164237930461","-0,344607692865384","-0,662422353600266","-0,266175653320152","-0,33832951326413","-0,858568495633549","0,0121612311748254","0,0995476724336829","-0,235795589388691","-0,00559202636348467","-0,588322516394795","0,813558430054381","-0,444206002965893","0,255375624320316","-0,591560859449661","-0,255819042346348","0,124665754490033","0,245470159828642","-0,427556081067723","0,21118544340089","-0,743275781842141","-0,330630480144999","-0,577927451639479","3,00600109144834","0,176490776075135"
"0,149404261393969","0,0458989134289002","0,140181444059978","-0,374802808502224","-0,241297283638161","-0,0831676912835717","0,15246256740814","-0,614424782204648","-0,0364474914483436","0,297037479387048","0,025445155116164","0,378705048212227","0,158060574328556","0,227887466403033","0,480476603592025","-0,0458053494150616","0,13865348545065","0,0312305745262812","-0,0460202758938872","-0,646189168561543","0,582198731125393","0,163982833679355","0,382816634832759","-0,229983876091613","0,273303356467292","0,780407174822873","-0,0724274095897186","0,295990926478826","0,159666753138903","-0,0419760382270542","0,226652318602735","0,484328178217171","0,29463229474378","-0,0204103761410451","0,947021021716925","-1,06356380214203","0,214981736431044","0,176490776075135","1,0407744975449"
