"0,773305272108844","1,38259661523146","1,82465206155633","1,27350507300481","1,05798086112494","0,843594790111169","1,22635739588518","0,637190152646423","1,17714462004314","0,606266289198605","0,530235768209724","0,787866197942591","0,363040538410487","0,690129666500748","0,52692087273934","0,523589032686246","1,18923698772192","1,05117894889663","0,907785150157624","0,133835270449642","0,397101825120292","1,02779524639124","0,54557168574747","0,314789144682264","0,738542479674797","0,651850962336155","0,659206159780985","0,475600904264145","1,02383253276921","0,275493765555002","0,764063161606106","0,81496112078978","0,702243081134892","0,233705570764891","-0,0285705284552852","0,313907848017255","0,911926049444167","0,39594174547868","0,12307956280073"
"1,38259661523146","5,39517982513035","5,00276646605427","4,795028227773","3,59720340663982","2,36967415368217","3,1121855518852","1,64304636408887","3,13976287916497","0,985710794354698","1,59621339678517","2,09349682690519","0,721305450221479","1,0976436485311","1,58841594843407","1,17788954930087","3,04563416016813","2,3951904251575","2,23956097837509","-0,349331246763302","1,27775490947303","3,02613603154492","1,58025710213132","0,883272268227321","2,11254816985183","1,70674943360936","2,04988740566441","1,5553438199818","3,12913460991196","0,683504642744015","2,26331152163748","2,43172869637138","2,48846580740204","-0,101232374516695","-0,362648996938022","-0,387990644624442","2,08195761472364","0,521938678974916","-0,0935614997662038"
"1,82465206155633","5,00276646605427","8,58304301288143","5,63375764174849","5,28047650195333","3,96653229859571","5,8649842281702","3,03682312849752","4,51440807464893","1,9606734426143","2,79967376992926","4,07029130767607","1,72189313958399","2,62220024812586","3,0920373350227","1,94135828845951","4,28517349012776","2,52255849699081","2,13517224157956","-0,0903981812902555","2,25858237778482","4,61434425615035","1,92880243374512","0,724327871924822","2,89259208900855","2,7514998996938","2,92992072906768","1,07953404603526","4,15867943986907","0,706326530989335","2,6556203647978","2,52456003325942","2,0487729331644","0,433846549994722","-0,750663612606909","1,028000559603","2,23788666983423","0,4195430683138","0,32864365167353"
"1,27350507300481","4,795028227773","5,63375764174849","5,97650605595527","4,88163144410758","2,94787082547727","4,49673860971587","2,862575547159","4,09575199443414","1,57517775402105","1,96323602563716","2,4759565056991","1,30419440937499","1,85304180455626","2,01767677546998","1,75499696818861","3,63066942232177","2,35754930753528","2,40934141640396","-0,701832676315169","1,17143623064895","3,70678033143782","1,72756078631009","0,453398177016556","2,14568883873579","1,99033085659984","2,74467307055121","1,71742152636369","3,33306995955071","0,733508949499977","2,68184866547506","2,09250734434942","2,94745635071471","-0,0649247388016538","-0,568866141378949","-0,273626969797526","1,93532542246758","0,615656004042414","0,0763789956559116"
"1,05798086112494","3,59720340663982","5,28047650195333","4,88163144410758","5,19556967886933","2,88577960465782","4,02864919302532","3,01478842556979","4,76013794289334","2,25987133354451","2,03006822178982","2,40683262364813","1,75062970873493","2,25275486824441","1,85812020679669","1,88694153129101","3,6655256180521","2,37576838770985","2,24319520491123","-0,366462257719055","1,15408816688538","3,65364790337421","2,22845708252259","0,0785635172028889","1,28348621053743","1,70164711977917","2,51577704798105","1,45615257854805","3,08268214172587","0,689350896722324","2,61525987676667","1,80633075176855","2,5710990188093","0,237169124545608","-0,780792556224267","0,0155904754362966","2,33431305262681","0,449225177609846","0,361568305504019"
"0,843594790111169","2,36967415368217","3,96653229859571","2,94787082547727","2,88577960465782","2,5010587185946","2,66453740415604","1,67160915803128","2,37074659713109","1,7256138510541","1,28096619706271","1,72300136934301","1,15012399932627","1,39647681745277","1,4200584013354","1,03673303543147","2,19630889054809","1,48762981909689","1,11763197555445","-0,141294773016383","1,1026783569895","2,38608644408243","0,952468776867732","0,558215371233489","1,53157008939569","1,1713587017512","1,23268776767174","0,75386748998195","1,95401437294799","0,3853888215153","1,40154020468498","1,38809608629852","1,04704820554977","0,448900533458029","-0,481797497624334","0,638012724306281","1,40636581645222","0,405776219135105","0,365123911338372"
"1,22635739588518","3,1121855518852","5,8649842281702","4,49673860971587","4,02864919302532","2,66453740415604","6,84544566106561","2,68441589136764","3,46846775834502","0,575206798824486","2,1517130783947","3,17311873073694","0,817579483108837","1,48024264044124","2,22743597548406","1,62996417334118","2,69478932166362","1,71197368898039","1,80338934516896","-0,530571438501491","1,95956949359197","3,81165444539974","1,13287705175196","0,845375192819181","2,47947056892971","1,92621609047166","2,14579391136351","0,976289822566127","2,54576989443967","0,500985235003092","2,06047165143219","1,33617082057509","1,98528825688443","-0,0637567030433749","-0,564548434695388","-0,494779890995569","0,943011245858284","0,311466303905153","0,455056627373787"
"0,637190152646423","1,64304636408887","3,03682312849752","2,862575547159","3,01478842556979","1,67160915803128","2,68441589136764","3,26054425388781","3,08105854261882","1,5147429891247","1,51938930720847","1,61243611324796","1,14484456461077","1,25305889633015","1,25162656832134","1,04466433247357","1,68331301642608","0,896927742582622","1,02359834079974","-0,0691506961099269","-0,2672109778723","1,83645727936408","0,428039228019367","-0,0668955261927386","0,599350807728858","0,928804864473508","1,35717357949832","0,611156722777803","1,65963366743593","0,45791795933451","1,20830609680679","0,717723165452433","1,05823430019458","0,0745021358432489","-0,895844910780276","0,0269867693862453","0,855586819916438","1,01466972939952","-0,0864355325278674"
"1,17714462004314","3,13976287916497","4,51440807464893","4,09575199443414","4,76013794289334","2,37074659713109","3,46846775834502","3,08105854261882","5,34134022693335","2,3409103975293","1,96377986296514","2,12909014171079","1,6475570444364","1,94253811786355","1,46856126672399","2,01027808422704","3,53135823378132","2,59112717506071","2,73801590343454","-0,461579237748319","0,66889883403472","3,21439022655625","2,68553368251957","0,0571831346063928","0,761828357617988","1,41617552453353","2,27020485353787","1,32263179631054","2,60939901315293","0,631080779296196","2,55027801823612","1,75392975134621","2,94357934371088","0,209739898864204","-1,12315094235034","-0,208446321854684","2,50420401149373","0,66834700816025","0,249249347255531"
"0,606266289198605","0,985710794354698","1,9606734426143","1,57517775402105","2,25987133354451","1,7256138510541","0,575206798824486","1,5147429891247","2,3409103975293","5,20103225020236","0,818553231795311","0,694990243022562","2,2735033989723","1,99880096434731","1,05429846549115","1,77489435117728","2,93861758614015","2,1128956824341","1,72202680991096","1,04623182258122","0,666627654594732","2,09663099637491","0,746369855347904","0,486997171189246","0,464840888853702","1,26273602048359","0,929658282300361","1,73081840530743","1,43370967602858","0,351329318445785","1,42719876201035","1,94391187220639","0,986050323795446","1,38036178421849","-3,66406094129447","1,01284484918875","1,73773490831662","1,16873191848802","0,934888715552739"
"0,530235768209724","1,59621339678517","2,79967376992926","1,96323602563716","2,03006822178982","1,28096619706271","2,1517130783947","1,51938930720847","1,96377986296514","0,818553231795311","1,65110293213368","1,790932006853","0,74198486218582","1,06883273401008","1,01290816301391","0,730753890070439","1,52847847325922","1,03871715147995","0,979078441457881","0,215993687622866","0,889822876349355","1,73380928900754","0,691039096037529","0,255608976147738","1,07558042357371","0,968923669245964","1,06765390452559","0,419822991739193","1,49587525843301","0,299355856599845","1,11014262674028","0,907684817689084","0,885022224736163","0,223713369257536","0,0517587926301303","0,113257515171629","1,03352234238854","0,539732209602244","0,233804481726172"
"0,787866197942591","2,09349682690519","4,07029130767607","2,4759565056991","2,40683262364813","1,72300136934301","3,17311873073694","1,61243611324796","2,12909014171079","0,694990243022562","1,790932006853","2,8587786580338","0,797690921032123","1,25817923033219","1,74010092337009","0,90104088194036","1,94782502765334","1,02692752701228","0,893745998562028","0,119536680267083","1,26092469593898","2,4997969390269","0,741675216827308","0,546297632748591","1,67266530549396","1,28515595728314","1,25467227463787","0,285684799714416","2,08785024875434","0,198535589468604","1,25332863138604","1,06588419825432","0,839318701700933","-0,0106299718187355","-0,382456306092282","-0,0739664492108742","0,731766554544953","0,432352070229421","0,0898293946181576"
"0,363040538410487","0,721305450221479","1,72189313958399","1,30419440937499","1,75062970873493","1,15012399932627","0,817579483108837","1,14484456461077","1,6475570444364","2,2735033989723","0,74198486218582","0,797690921032123","2,23880319609736","2,29398383235038","0,652680333448976","1,13867803369685","1,8882835476467","1,17049195526695","0,66113433438416","0,620266870924272","0,27267401943778","1,59932974066197","0,690951665233721","0,181933617031439","-0,0700228583746891","0,243016416278263","0,908382242660552","1,07838672212418","0,823634001412835","-0,0780815613828683","0,882602273481454","1,38213192288741","0,411767607382939","1,35848413892534","-0,766982364586634","1,16912225465204","1,10528203940852","0,579087746051858","0,685363763443292"
"0,690129666500748","1,0976436485311","2,62220024812586","1,85304180455626","2,25275486824441","1,39647681745277","1,48024264044124","1,25305889633015","1,94253811786355","1,99880096434731","1,06883273401008","1,25817923033219","2,29398383235038","3,74020674490047","1,106866084941","1,86833336350061","2,83300568829158","1,65808684053074","1,49703723521929","1,17730398560015","0,810711814008674","2,50713254345345","0,965909155014556","0,339131159278197","0,544995678034697","1,43405201064904","1,40338282400913","1,19920592083101","1,45804283728273","0,209845701162947","1,50557222423337","1,45936662267272","1,03308758817644","1,90345746740677","0,934299514306826","2,18516487900408","1,30099687743537","0,777164113006622","0,598545121197038"
"0,52692087273934","1,58841594843407","3,0920373350227","2,01767677546998","1,85812020679669","1,4200584013354","2,22743597548406","1,25162656832134","1,46856126672399","1,05429846549115","1,01290816301391","1,74010092337009","0,652680333448976","1,106866084941","2,15991662920896","0,819165177157337","1,51247749571373","0,324875344032659","0,547398727946462","0,0194195727810696","0,651789810499217","1,97541282436108","0,4691035242922","0,174324591359086","1,17168250272762","1,41744554127638","1,1727669452112","0,493638901709981","1,67084706799202","0,190118672036442","1,10007036140398","1,11965882870517","0,577659320431793","-0,082491525508947","-0,736816872558338","0,286999277745097","-0,0376955402708022","-0,150200088993468","-0,160900536223359"
"0,523589032686246","1,17788954930087","1,94135828845951","1,75499696818861","1,88694153129101","1,03673303543147","1,62996417334118","1,04466433247357","2,01027808422704","1,77489435117728","0,730753890070439","0,90104088194036","1,13867803369685","1,86833336350061","0,819165177157337","2,48380101512889","2,83566949560312","2,0565105268715","2,22318525800564","0,4572936528048","0,910879668763291","2,34786044919076","1,08121546751738","0,590030087334268","0,762825266603313","1,77041935985037","1,27153014540628","1,30077046321855","0,828881281958459","0,284839083970617","1,23782777576663","1,52538606799704","1,95928873780111","0,714355231005929","-0,689903695491503","0,413424338959531","1,04847700951777","0,100767536238443","0,211500465330256"
"1,18923698772192","3,04563416016813","4,28517349012776","3,63066942232177","3,6655256180521","2,19630889054809","2,69478932166362","1,68331301642608","3,53135823378132","2,93861758614015","1,52847847325922","1,94782502765334","1,8882835476467","2,83300568829158","1,51247749571373","2,83566949560312","4,97548782285272","3,84940186798296","3,46011851114429","0,719633514462692","1,53965839002267","3,83113281345058","1,99379948564792","0,700805169791493","1,78085715253581","2,14581450970632","2,37423848376749","2,13836150931918","2,92240536613019","0,558843218018914","2,52276708561473","2,82052740030972","3,07153998949173","1,20084444306178","-0,750833188153313","1,19115755212654","2,8358679553122","0,197453617056579","0,247086083457773"
"1,05117894889663","2,3951904251575","2,52255849699081","2,35754930753528","2,37576838770985","1,48762981909689","1,71197368898039","0,896927742582622","2,59112717506071","2,1128956824341","1,03871715147995","1,02692752701228","1,17049195526695","1,65808684053074","0,324875344032659","2,0565105268715","3,84940186798296","4,7026118088551","3,64313463027487","1,29819210308661","0,917899871537674","2,66169356808503","1,77488095766023","0,659419785837467","1,74383088814979","1,56283343363952","1,72856076531869","2,0782998873755","2,00710937159047","0,611079101995564","1,74372162126491","2,72107622303171","2,81727220814416","0,979199539823323","-0,193655841516211","0,54946351318059","3,70078123570196","0,0990514148453173","0,656063839615669"
"0,907785150157624","2,23956097837509","2,13517224157956","2,40934141640396","2,24319520491123","1,11763197555445","1,80338934516896","1,02359834079974","2,73801590343454","1,72202680991096","0,979078441457881","0,893745998562028","0,66113433438416","1,49703723521929","0,547398727946462","2,22318525800564","3,46011851114429","3,64313463027487","4,05632072894198","0,626303050163152","0,809264233172942","2,36850794480393","1,74394323046292","0,620658066478623","1,77293428184281","2,14130903434544","1,60675727282783","1,66447765610309","1,77311419169294","0,611773992035838","1,83275924174548","1,81276879597367","3,62126553564515","0,68854127537194","-0,209696167247391","0,0667294314473778","2,53835651789171","0,264085067197611","0,21128325037332"
"0,133835270449642","-0,349331246763302","-0,0903981812902555","-0,701832676315169","-0,366462257719055","-0,141294773016383","-0,530571438501491","-0,0691506961099269","-0,461579237748319","1,04623182258122","0,215993687622866","0,119536680267083","0,620266870924272","1,17730398560015","0,0194195727810696","0,4572936528048","0,719633514462692","1,29819210308661","0,626303050163152","3,10448152845026","0,0296267948273174","0,634570093166605","-0,273738712158921","0,226219459528081","0,438602761939954","1,30848597221593","0,129817388293084","0,787308659014232","0,217861083332074","0,187015770321432","-0,0589262051827379","0,931954929961634","-1,11593952793238","0,681141000472622","0,166590267659167","0,75772824964428","1,03464900850214","-0,112338853945126","0,520325960073608"
"0,397101825120292","1,27775490947303","2,25858237778482","1,17143623064895","1,15408816688538","1,1026783569895","1,95956949359197","-0,2672109778723","0,66889883403472","0,666627654594732","0,889822876349355","1,26092469593898","0,27267401943778","0,810711814008674","0,651789810499217","0,910879668763291","1,53965839002267","0,917899871537674","0,809264233172942","0,0296267948273174","2,39621913158464","1,98776391717071","0,546160968067938","0,989761182004212","1,40511493330517","0,808257762794693","0,538649064311607","0,499920461207393","1,0040696632829","0,160727166387619","0,814613197429748","0,706682896913382","0,721706369317869","0,283860438380823","-0,170065431316652","0,326531491872434","0,691026880804058","0,129482880069987","0,380508327676969"
"1,02779524639124","3,02613603154492","4,61434425615035","3,70678033143782","3,65364790337421","2,38608644408243","3,81165444539974","1,83645727936408","3,21439022655625","2,09663099637491","1,73380928900754","2,4997969390269","1,59932974066197","2,50713254345345","1,97541282436108","2,34786044919076","3,83113281345058","2,66169356808503","2,36850794480393","0,634570093166605","1,98776391717071","4,45129580624563","1,55604379609937","1,28002133253893","1,88412839545278","1,81268634855272","2,0980459744282","1,79584759516519","2,54577678577713","0,410066652337208","2,07844939967118","2,4401601801992","2,09848899824527","0,600031044893941","-0,737953278428894","0,573469225103201","1,96872634608906","0,451234334886949","0,309248395855016"
"0,54557168574747","1,58025710213132","1,92880243374512","1,72756078631009","2,22845708252259","0,952468776867732","1,13287705175196","0,428039228019367","2,68553368251957","0,746369855347904","0,691039096037529","0,741675216827308","0,690951665233721","0,965909155014556","0,4691035242922","1,08121546751738","1,99379948564792","1,77488095766023","1,74394323046292","-0,273738712158921","0,546160968067938","1,55604379609937","2,52391670663831","-0,250657077243314","-0,0601609544926611","0,78066098843085","1,20455831183915","0,735580907130036","1,13022902695446","0,170963445555606","1,40876141831455","1,27492412100095","1,94601404362188","0,00486356547053379","0,278854614085102","-0,356149541457382","1,77104210974856","-0,464045152872679","0,377236223358523"
"0,314789144682264","0,883272268227321","0,724327871924822","0,453398177016556","0,0785635172028889","0,558215371233489","0,845375192819181","-0,0668955261927386","0,0571831346063928","0,486997171189246","0,255608976147738","0,546297632748591","0,181933617031439","0,339131159278197","0,174324591359086","0,590030087334268","0,700805169791493","0,659419785837467","0,620658066478623","0,226219459528081","0,989761182004212","1,28002133253893","-0,250657077243314","1,61142543239764","0,954442645092034","0,155838694812735","-0,11380431982845","0,451176112544057","0,235088205474355","0,0319275664811374","0,207904078993016","0,780514054306128","0,333391772377835","0,369501088913023","-0,554962762643862","0,321003060973097","0,264252329416613","0,662114158257539","-0,0515720617071663"
"0,738542479674797","2,11254816985183","2,89259208900855","2,14568883873579","1,28348621053743","1,53157008939569","2,47947056892971","0,599350807728858","0,761828357617988","0,464840888853702","1,07558042357371","1,67266530549396","-0,0700228583746891","0,544995678034697","1,17168250272762","0,762825266603313","1,78085715253581","1,74383088814979","1,77293428184281","0,438602761939954","1,40511493330517","1,88412839545278","-0,0601609544926611","0,954442645092034","3,82785215306373","1,66532630134093","0,943646864991374","0,755172952521731","1,75992520413191","0,40810284816809","1,37759870921761","0,234424723718013","1,24936717171717","0,236363983915816","-0,0799923265758677","0,485679952838493","0,903584698905427","0,294853510716925","0,0704911017843938"
"0,651850962336155","1,70674943360936","2,7514998996938","1,99033085659984","1,70164711977917","1,1713587017512","1,92621609047166","0,928804864473508","1,41617552453353","1,26273602048359","0,968923669245964","1,28515595728314","0,243016416278263","1,43405201064904","1,41744554127638","1,77041935985037","2,14581450970632","1,56283343363952","2,14130903434544","1,30848597221593","0,808257762794693","1,81268634855272","0,78066098843085","0,155838694812735","1,66532630134093","3,58117642578095","1,33768695265245","0,673514927523114","1,45171507609695","0,650045983226991","1,27254782569347","1,13689575546404","1,4535706781604","-0,0438834208184343","-0,260563609967275","-0,169488342609767","0,698108148935845","-0,0604940087786767","0,181311348175634"
"0,659206159780985","2,04988740566441","2,92992072906768","2,74467307055121","2,51577704798105","1,23268776767174","2,14579391136351","1,35717357949832","2,27020485353787","0,929658282300361","1,06765390452559","1,25467227463787","0,908382242660552","1,40338282400913","1,1727669452112","1,27153014540628","2,37423848376749","1,72856076531869","1,60675727282783","0,129817388293084","0,538649064311607","2,0980459744282","1,20455831183915","-0,11380431982845","0,943646864991374","1,33768695265245","1,97541718617232","1,05239285664007","1,78035471728233","0,408439761603088","1,51137091987571","1,41140878911062","1,69086414945875","0,180594913922703","-0,176562762643862","0,170995821329273","1,38447058338487","-0,21751801363561","0,0819726537399882"
"0,475600904264145","1,5553438199818","1,07953404603526","1,71742152636369","1,45615257854805","0,75386748998195","0,976289822566127","0,611156722777803","1,32263179631054","1,73081840530743","0,419822991739193","0,285684799714416","1,07838672212418","1,19920592083101","0,493638901709981","1,30077046321855","2,13836150931918","2,0782998873755","1,66447765610309","0,787308659014232","0,499920461207393","1,79584759516519","0,735580907130036","0,451176112544057","0,755172952521731","0,673514927523114","1,05239285664007","2,10221781176624","0,94141511481163","0,148441743970315","1,18030009050183","1,69582250730299","1,29552112337914","0,83933291677351","-0,878275340513147","0,209110592736726","1,42663519113484","-0,00371503084604043","0,397018026456703"
"1,02383253276921","3,12913460991196","4,15867943986907","3,33306995955071","3,08268214172587","1,95401437294799","2,54576989443967","1,65963366743593","2,60939901315293","1,43370967602858","1,49587525843301","2,08785024875434","0,823634001412835","1,45804283728273","1,67084706799202","0,828881281958459","2,92240536613019","2,00710937159047","1,77311419169294","0,217861083332074","1,0040696632829","2,54577678577713","1,13022902695446","0,235088205474355","1,75992520413191","1,45171507609695","1,78035471728233","0,94141511481163","3,22319913407344","0,626532593857941","1,9792358194941","1,6431867798191","1,7452644647068","0,27454245830631","-0,22495399377046","0,568073032213626","1,84010898557501","0,319426204051466","-0,190349977751633"
"0,275493765555002","0,683504642744015","0,706326530989335","0,733508949499977","0,689350896722324","0,3853888215153","0,500985235003092","0,45791795933451","0,631080779296196","0,351329318445785","0,299355856599845","0,198535589468604","-0,0780815613828683","0,209845701162947","0,190118672036442","0,284839083970617","0,558843218018914","0,611079101995564","0,611773992035838","0,187015770321432","0,160727166387619","0,410066652337208","0,170963445555606","0,0319275664811374","0,40810284816809","0,650045983226991","0,408439761603088","0,148441743970315","0,626532593857941","0,606328327450714","0,555293579272064","0,342009700665187","0,527053672866043","0,0523092564520274","-0,21122858990603","0,10835225575818","0,545916155331311","0,149354221910494","0,0267224825406881"
"0,764063161606106","2,26331152163748","2,6556203647978","2,68184866547506","2,61525987676667","1,40154020468498","2,06047165143219","1,20830609680679","2,55027801823612","1,42719876201035","1,11014262674028","1,25332863138604","0,882602273481454","1,50557222423337","1,10007036140398","1,23782777576663","2,52276708561473","1,74372162126491","1,83275924174548","-0,0589262051827379","0,814613197429748","2,07844939967118","1,40876141831455","0,207904078993016","1,37759870921761","1,27254782569347","1,51137091987571","1,18030009050183","1,9792358194941","0,555293579272064","2,21620274409098","1,14080155474607","1,90356535061918","0,614917787758118","-0,232940616091225","0,342164471997224","1,32352309757606","0,195744370786008","0,142610683364255"
"0,81496112078978","2,43172869637138","2,52456003325942","2,09250734434942","1,80633075176855","1,38809608629852","1,33617082057509","0,717723165452433","1,75392975134621","1,94391187220639","0,907684817689084","1,06588419825432","1,38213192288741","1,45936662267272","1,11965882870517","1,52538606799704","2,82052740030972","2,72107622303171","1,81276879597367","0,931954929961634","0,706682896913382","2,4401601801992","1,27492412100095","0,780514054306128","0,234424723718013","1,13689575546404","1,41140878911062","1,69582250730299","1,6431867798191","0,342009700665187","1,14080155474607","3,78956167687326","1,41815174392004","0,395053627740825","-0,876935648294798","0,17198055291592","2,23295225600957","-0,211445269770878","0,275799870657798"
"0,702243081134892","2,48846580740204","2,0487729331644","2,94745635071471","2,5710990188093","1,04704820554977","1,98528825688443","1,05823430019458","2,94357934371088","0,986050323795446","0,885022224736163","0,839318701700933","0,411767607382939","1,03308758817644","0,577659320431793","1,95928873780111","3,07153998949173","2,81727220814416","3,62126553564515","-1,11593952793238","0,721706369317869","2,09848899824527","1,94601404362188","0,333391772377835","1,24936717171717","1,4535706781604","1,69086414945875","1,29552112337914","1,7452644647068","0,527053672866043","1,90356535061918","1,41815174392004","4,44358976675667","0,20006527721214","-0,147267395206418","-0,554555384607651","2,03665207048082","0,160189706924898","-0,0501247024752252"
"0,233705570764891","-0,101232374516695","0,433846549994722","-0,0649247388016538","0,237169124545608","0,448900533458029","-0,0637567030433749","0,0745021358432489","0,209739898864204","1,38036178421849","0,223713369257536","-0,0106299718187355","1,35848413892534","1,90345746740677","-0,082491525508947","0,714355231005929","1,20084444306178","0,979199539823323","0,68854127537194","0,681141000472622","0,283860438380823","0,600031044893941","0,00486356547053379","0,369501088913023","0,236363983915816","-0,0438834208184343","0,180594913922703","0,83933291677351","0,27454245830631","0,0523092564520274","0,614917787758118","0,395053627740825","0,20006527721214","3,8023256013344","0,83812282493929","3,35086921404186","0,217408357592854","0,686974860853432","0,312285043440879"
"-0,0285705284552852","-0,362648996938022","-0,750663612606909","-0,568866141378949","-0,780792556224267","-0,481797497624334","-0,564548434695388","-0,895844910780276","-1,12315094235034","-3,66406094129447","0,0517587926301303","-0,382456306092282","-0,766982364586634","0,934299514306826","-0,736816872558338","-0,689903695491503","-0,750833188153313","-0,193655841516211","-0,209696167247391","0,166590267659167","-0,170065431316652","-0,737953278428894","0,278854614085102","-0,554962762643862","-0,0799923265758677","-0,260563609967275","-0,176562762643862","-0,878275340513147","-0,22495399377046","-0,21122858990603","-0,232940616091225","-0,876935648294798","-0,147267395206418","0,83812282493929","8,08861202354556","1,44914040755992","0,341588485904337","-0,687597513462149","-0,349579988913526"
"0,313907848017255","-0,387990644624442","1,028000559603","-0,273626969797526","0,0155904754362966","0,638012724306281","-0,494779890995569","0,0269867693862453","-0,208446321854684","1,01284484918875","0,113257515171629","-0,0739664492108742","1,16912225465204","2,18516487900408","0,286999277745097","0,413424338959531","1,19115755212654","0,54946351318059","0,0667294314473778","0,75772824964428","0,326531491872434","0,573469225103201","-0,356149541457382","0,321003060973097","0,485679952838493","-0,169488342609767","0,170995821329273","0,209110592736726","0,568073032213626","0,10835225575818","0,342164471997224","0,17198055291592","-0,554555384607651","3,35086921404186","1,44914040755992","4,89126875524785","0,289672824813594","0,615838162360287","-0,11186580011162"
"0,911926049444167","2,08195761472364","2,23788666983423","1,93532542246758","2,33431305262681","1,40636581645222","0,943011245858284","0,855586819916438","2,50420401149373","1,73773490831662","1,03352234238854","0,731766554544953","1,10528203940852","1,30099687743537","-0,0376955402708022","1,04847700951777","2,8358679553122","3,70078123570196","2,53835651789171","1,03464900850214","0,691026880804058","1,96872634608906","1,77104210974856","0,264252329416613","0,903584698905427","0,698108148935845","1,38447058338487","1,42663519113484","1,84010898557501","0,545916155331311","1,32352309757606","2,23295225600957","2,03665207048082","0,217408357592854","0,341588485904337","0,289672824813594","4,20517569372168","-0,0337541924973994","0,942777967328838"
"0,39594174547868","0,521938678974916","0,4195430683138","0,615656004042414","0,449225177609846","0,405776219135105","0,311466303905153","1,01466972939952","0,66834700816025","1,16873191848802","0,539732209602244","0,432352070229421","0,579087746051858","0,777164113006622","-0,150200088993468","0,100767536238443","0,197453617056579","0,0990514148453173","0,264085067197611","-0,112338853945126","0,129482880069987","0,451234334886949","-0,464045152872679","0,662114158257539","0,294853510716925","-0,0604940087786767","-0,21751801363561","-0,00371503084604043","0,319426204051466","0,149354221910494","0,195744370786008","-0,211445269770878","0,160189706924898","0,686974860853432","-0,687597513462149","0,615838162360287","-0,0337541924973994","3,74498997088858","0,0210632027090214"
"0,12307956280073","-0,0935614997662038","0,32864365167353","0,0763789956559116","0,361568305504019","0,365123911338372","0,455056627373787","-0,0864355325278674","0,249249347255531","0,934888715552739","0,233804481726172","0,0898293946181576","0,685363763443292","0,598545121197038","-0,160900536223359","0,211500465330256","0,247086083457773","0,656063839615669","0,21128325037332","0,520325960073608","0,380508327676969","0,309248395855016","0,377236223358523","-0,0515720617071663","0,0704911017843938","0,181311348175634","0,0819726537399882","0,397018026456703","-0,190349977751633","0,0267224825406881","0,142610683364255","0,275799870657798","-0,0501247024752252","0,312285043440879","-0,349579988913526","-0,11186580011162","0,942777967328838","0,0210632027090214","1,28645028017859"
