"1,39047185780965","1,4389579682377","3,02921541734972","1,98134127356557","1,14252722301913","0,945952535063752","1,88513808845628","1,20333429474044","2,00864783390255","0,885860471425318","0,709611704234972","1,72659861828324","0,711343066939889","0,213047228255919","0,566180333219489","0,174548986794172","0,384167334130237","0,765939261839709","0,56616347449909","0,35843416848816","-0,238813020833334","0,904262945241347","1,43904595685337","0,210825653346993","-0,0328174808743188","0,364957116917119","0,555693090391621","0,0586105466757753","0,276076005464481","0,596779708333333","0,844132742144809","1,57406947780055","0,706739817509108","1,03577325990437","-0,17631120480419","0,963978360997267","1,21918698679417","0,271051086862476","0,0781381856785072"
"1,4389579682377","4,86160323668033","4,93735617281421","3,85181768545082","3,01724157206284","2,09076251775956","1,07369019842896","2,2878497079918","3,2457949375","1,96359462056011","1,91341264002732","2,10059088353825","1,19261086748634","0,432247218920764","0,525177405396173","-0,300525307377049","0,418843424521859","2,19481528825137","1,92722129781421","-0,0587523688524587","0,455096039959016","1,62584612670765","1,1560765522541","0,636913644467212","0,795325666666663","1,62046004610655","1,26650006625683","0,763337287568307","0,774636300546449","0,712865772540984","1,19973359392076","2,52477516974044","2,04290363148907","1,64183776468579","-0,72702662124317","1,2639730898224","2,7879010204918","0,422284720969944","0,161005159494536"
"3,02921541734972","4,93735617281421","14,1529986297814","6,59844895013661","4,4583220239071","5,7339830136612","4,34116485040984","5,33632507172131","6,82601973838797","2,20720336680328","3,50988161885246","7,82439993647541","-0,456744767759559","-0,246473567622945","3,66338800751366","0,619209330601092","1,79565714959017","2,25548893715847","3,5464143989071","-0,451205338797815","-0,231650570355191","4,0724053954918","3,74361537226776","2,09889059494536","0,865568109289616","4,27661738729508","3,40139652595628","-1,86613651775956","1,70570232786886","1,82157444125683","2,78008027527322","6,74782435587432","4,32742685314208","1,79227823428962","-0,603093925546451","1,45100702663935","4,03622854371585","2,4161838954918","0,80761007308743"
"1,98134127356557","3,85181768545082","6,59844895013661","5,61257357821038","3,74713185006831","2,99074138934426","3,27879979474044","4,11666919228142","4,94659475512295","2,35290403381148","2,61862431352459","4,1022844511612","0,559702247267758","0,337838730532786","1,93195861236339","-0,018368982240436","0,976700981215845","2,28667430191257","2,33832110655738","0,122812259562842","-0,372814544057376","2,43163101127049","2,16089401468579","0,725159231215846","1,25874957923497","1,99965621755464","1,67068598565574","0,605133573087432","1,28507145901639","1,11661574385246","2,00484376263661","2,83253577971311","2,8420130556694","1,47855765198087","-0,580303303620218","1,70176451263661","3,34084217622951","1,26133692520492","-0,110088294740436"
"1,14252722301913","3,01724157206284","4,4583220239071","3,74713185006831","3,79091998531421","2,58819453142077","1,76418870867486","2,77924004610656","4,214068778347","1,51910969637978","2,15060181352459","2,63704001810109","-0,00947553961748681","0,0271143384562834","1,39025838695355","-0,528753490437158","0,427538733948086","1,87063990300546","2,2069793579235","0,158294554644809","0,151500271516394","1,58858368203552","1,82340290129781","0,54391531728142","0,627877557377051","1,24027077356558","1,27163933265027","0,771415116803279","1,08263468306011","0,489814801229508","1,38332446618853","2,07107646960382","2,3682574614071","0,860066360997268","-0,253534717554644","1,04739283913934","2,30225662978142","0,782242300887979","0,219773938866121"
"0,945952535063752","2,09076251775956","5,7339830136612","2,99074138934426","2,58819453142077","3,84315532058288","1,80043549043716","2,75245717896175","3,36370580555555","0,371195962204004","2,02711922131147","3,29437407969034","-0,937044453551917","-0,568007819216761","2,22473336566484","0,23941796903461","0,586456320127504","0,621037681238616","1,60641887067395","-0,175978812386156","0,057609392076501","1,94221935473588","1,44874907331512","1,60949285382513","0,295454054644804","1,51606212887067","1,23663627413479","-0,430558294171217","0,814971027322403","0,67420756557377","1,19980108879782","2,69598331010929","2,04723676730419","0,440408995901636","-0,206761092440802","0,703651848360654","1,44698282149362","1,37002638023679","0,0922389612932613"
"1,88513808845628","1,07369019842896","4,34116485040984","3,27879979474044","1,76418870867486","1,80043549043716","5,37716135689891","2,85279336919399","3,01452375717213","0,0325077243852451","1,05344723019126","3,80958598736339","0,5541768784153","-0,0774005734289616","2,02787885894809","-0,111809842896174","0,231956451844262","0,255409211748634","0,00856862021857933","-0,618494128415301","-0,515683358948087","1,6019605420082","1,45693748121585","0,36654993954918","0,535873284153005","0,739960100751367","0,451479235655738","0,159766609972677","0,796008683060109","0,857695739754099","1,04004564856557","2,1043142079918","1,22778251673497","0,706152737363388","0,225938110997267","1,43960824829235","1,5468636215847","0,833582895833333","-0,350714381489071"
"1,20333429474044","2,2878497079918","5,33632507172131","4,11666919228142","2,77924004610656","2,75245717896175","2,85279336919399","5,74271564378415","4,80329875853825","0,174934386953552","3,33693306352459","4,78742174009563","-1,09258716530055","-0,602146255122947","2,84081951331967","0,243100348360656","1,10171908982241","1,74404496584699","2,41238823770492","-0,307527199453553","-0,549988543374317","2,36818724556011","0,478040274931694","0,563918850751366","2,32731653005464","3,01583293545082","1,52236754439891","0,592406929644809","1,50909101092896","0,674792605874318","1,83551704064208","2,28984882684426","3,34608277493169","0,543300462773226","0,423541046789617","0,960051842554645","3,23828985655738","2,08832606386612","0,0463914258879782"
"2,00864783390255","3,2457949375","6,82601973838797","4,94659475512295","4,214068778347","3,36370580555555","3,01452375717213","4,80329875853825","7,19561511737249","2,09236948167122","3,53693981215847","5,12066925557832","-0,401511618852464","0,0249524625455367","2,66957240767304","0,471530257285976","1,63983933754554","2,21290737386157","3,64734749089253","0,434649616575592","-0,0121995269808762","2,90599839674408","3,55222077584244","1,07633885621584","1,40692009289617","2,85241691541438","2,09259825842441","0,414532091757746","1,7293516010929","1,0997377260929","2,20336473463115","3,04282137875683","4,27388222666211","1,13863089993169","-0,402508781989984","1,43078294637978","3,29368521903461","1,75950098918488","0,696195243738618"
"0,885860471425318","1,96359462056011","2,20720336680328","2,35290403381148","1,51910969637978","0,371195962204004","0,0325077243852451","0,174934386953552","2,09236948167122","9,6499640572632","0,825517189207649","1,22385496778233","4,65287575819672","3,21372686327414","2,01294576650728","0,142581860200365","1,00681854701731","1,9916183064663","2,66476494080146","1,41058506648452","0,559604789959015","2,09610064082422","2,16989802538707","0,0937974135928959","2,39198354644808","2,04785737078779","1,4863908303734","1,01596337408925","0,903844978142079","0,645218775273224","1,63876461441257","1,56653903995902","2,08344673303734","1,52405745730874","-2,47906473098816","0,625784432718579","2,49872686566485","0,753117553847903","1,1742505916439"
"0,709611704234972","1,91341264002732","3,50988161885246","2,61862431352459","2,15060181352459","2,02711922131147","1,05344723019126","3,33693306352459","3,53693981215847","0,825517189207649","3,46042730191257","3,08136241461749","-0,749827745901639","-0,255840734289613","1,57544509221311","0,147202991803278","0,913754327185796","1,79588632513661","2,49160297814208","-0,0414849453551911","0,274719607240437","1,90604145833333","0,891744538934426","0,71992174521858","1,51737546448087","2,30252341188525","1,45129951502732","0,264322219945356","1,19295114754099","0,756896550546449","1,46123973702186","1,60257284494536","2,85329156079235","0,489216526639347","-0,0428508299180335","0,617601417349728","2,92171146174864","1,74644100751366","0,224975829918032"
"1,72659861828324","2,10059088353825","7,82439993647541","4,1022844511612","2,63704001810109","3,29437407969034","3,80958598736339","4,78742174009563","5,12066925557832","1,22385496778233","3,08136241461749","6,97016931136157","-0,33493827185792","0,42550171914846","4,18857745434882","0,915202229052822","1,94451622392988","1,58700198679417","2,62548048724954","-0,350236785974498","-0,354157160177596","3,74311778768215","1,9238688757969","1,63653691290984","2,40152375409836","3,96551578267305","2,27508245469034","-0,288635925091077","1,67544548087432","1,09685985040984","2,43961914378415","3,80909130020492","3,70401346869308","1,09831237192623","0,329983985541892","1,41996269706284","3,45535036020036","2,84065122256375","0,441786000796902"
"0,711343066939889","1,19261086748634","-0,456744767759559","0,559702247267758","-0,00947553961748681","-0,937044453551917","0,5541768784153","-1,09258716530055","-0,401511618852464","4,65287575819672","-0,749827745901639","-0,33493827185792","6,51348792349727","3,72031190573771","-1,21400256147541","-0,682829207650274","0,365775225409839","0,25829013661202","-1,72554639344262","0,175376994535518","0,247292971311474","0,308079651639344","0,483828053278687","-0,554318326502729","0,742063770491802","-1,10635717896175","-0,262278210382515","1,06802326502732","0,333334699453555","0,352319658469946","1,1179012909836","0,358044282786885","-1,41652615437159","2,40769017076503","0,0191329713114745","2,08371814890711","1,40850193989071","-0,464898572404373","0,454486045081966"
"0,213047228255919","0,432247218920764","-0,246473567622945","0,337838730532786","0,0271143384562834","-0,568007819216761","-0,0774005734289616","-0,602146255122947","0,0249524625455367","3,21372686327414","-0,255840734289613","0,42550171914846","3,72031190573771","4,60658320480419","0,394605080714939","1,35442098588342","1,7639063912796","1,16080746493625","0,711111061020034","1,03416815938069","0,244020978483607","1,46541131568762","0,642299760359743","0,376517667691262","1,37751752459017","1,06495028062387","0,401855152777779","0,820947456056464","0,435208322404374","0,295689201502733","1,3582475625","0,5225743159153","0,387672959813297","2,19328012124317","0,370231577755008","2,3301492715164","0,844946658014573","0,315518589367033","0,652214064321492"
"0,566180333219489","0,525177405396173","3,66338800751366","1,93195861236339","1,39025838695355","2,22473336566484","2,02787885894809","2,84081951331967","2,66957240767304","2,01294576650728","1,57544509221311","4,18857745434882","-1,21400256147541","0,394605080714939","7,18011554086976","0,938195872040073","0,607351580031878","-0,559757273679417","2,43640025045537","0,794823370673952","-0,231007966188526","3,47442026218124","0,55769139401184","1,90295150580601","2,77596580874317","3,21300588740892","1,6827453526867","0,740025781648453","1,14023031147541","0,0374960034153006","1,58397789515027","2,53864328654372","3,17590048964025","-0,524984417691256","-0,53072200808288","0,472873481215846","0,165884571493623","2,93038405407559","0,0527956009790529"
"0,174548986794172","-0,300525307377049","0,619209330601092","-0,018368982240436","-0,528753490437158","0,23941796903461","-0,111809842896174","0,243100348360656","0,471530257285976","0,142581860200365","0,147202991803278","0,915202229052822","-0,682829207650274","1,35442098588342","0,938195872040073","3,29854257741348","2,37742818533698","1,22218911657559","2,17937566484517","1,55426828779599","-0,0271493510928965","1,00328909608379","0,548904902094718","0,761692657103824","1,35688355191257","1,64229028916211","0,285876889799636","-0,0648381375227682","-0,316316885245903","0,482407008196721","0,553505635245903","-0,116350580601093","1,34059408242259","0,832955389344261","-0,170031117941712","1,09212385928962","-0,244726930783242","0,198933677140256","0,414516090619309"
"0,384167334130237","0,418843424521859","1,79565714959017","0,976700981215845","0,427538733948086","0,586456320127504","0,231956451844262","1,10171908982241","1,63983933754554","1,00681854701731","0,913754327185796","1,94451622392988","0,365775225409839","1,7639063912796","0,607351580031878","2,37742818533698","3,74512750808287","2,8084002928051","2,64762092440801","1,23499141074681","0,262819916325139","1,76355858003188","0,827252345742257","0,711226721653009","2,58220801639345","2,44284575535065","0,862861361794174","0,572915058515479","1,48843078142076","0,792421216530055","1,99277616564208","0,633192966871582","1,65810409710838","1,63896168886612","0,413954176798726","2,05166223258197","2,51372790118397","0,94881862693534","0,288150508993623"
"0,765939261839709","2,19481528825137","2,25548893715847","2,28667430191257","1,87063990300546","0,621037681238616","0,255409211748634","1,74404496584699","2,21290737386157","1,9916183064663","1,79588632513661","1,58700198679417","0,25829013661202","1,16080746493625","-0,559757273679417","1,22218911657559","2,8084002928051","6,24513289435337","3,81042400728597","1,29469405100182","0,580825867486339","2,10082230009107","0,676797406648452","0,206353405737704","3,1772973989071","3,55592226548269","1,27440105009108","2,06607464571949","1,0952801420765","1,08274894262295","1,90531585928962","1,61161974180328","1,76675672905282","2,15697131830601","-0,248356485883424","2,14016762431694","5,75640089799636","0,657485959471767","0,28244801593807"
"0,56616347449909","1,92722129781421","3,5464143989071","2,33832110655738","2,2069793579235","1,60641887067395","0,00856862021857933","2,41238823770492","3,64734749089253","2,66476494080146","2,49160297814208","2,62548048724954","-1,72554639344262","0,711111061020034","2,43640025045537","2,17937566484517","2,64762092440801","3,81042400728597","6,55597599271402","1,9132652276867","0,676762609289618","2,82436779143898","1,6525754143898","1,01985722677596","2,8903993442623","4,36775502276867","1,83597217668488","0,503471903460838","1,30051945355191","0,676005819672131","1,58946105191257","1,89191517759563","5,08191399362477","0,734387882513661","-0,46238123406193","0,537348155737705","2,73593408014572","1,34404890255009","0,897060523679418"
"0,35843416848816","-0,0587523688524587","-0,451205338797815","0,122812259562842","0,158294554644809","-0,175978812386156","-0,618494128415301","-0,307527199453553","0,434649616575592","1,41058506648452","-0,0414849453551911","-0,350236785974498","0,175376994535518","1,03416815938069","0,794823370673952","1,55426828779599","1,23499141074681","1,29469405100182","1,9132652276867","4,72099756648452","0,0368438387978138","0,686466004553733","0,683844895264117","0,345999724043716","0,341015923497267","0,606717290528231","0,126941837887067","0,682713903460838","-0,183537617486339","0,246336333333333","0,865667122950819","0,261176101092896","-0,0266351265938067","1,65272222677596","0,13721314298725","1,38410705737705","0,052329468123862","0,114411203096539","0,42648035428051"
"-0,238813020833334","0,455096039959016","-0,231650570355191","-0,372814544057376","0,151500271516394","0,057609392076501","-0,515683358948087","-0,549988543374317","-0,0121995269808762","0,559604789959015","0,274719607240437","-0,354157160177596","0,247292971311474","0,244020978483607","-0,231007966188526","-0,0271493510928965","0,262819916325139","0,580825867486339","0,676762609289618","0,0368438387978138","1,31334882684426","0,578350367144808","0,064777453893443","0,0674417810792346","0,648659754098359","0,339396904030052","0,036241519808742","0,0363080088797822","0,399965218579237","0,218116444672131","-0,0273307667349731","0,0121172626366134","0,428985527663935","0,19122918545082","0,286280712090163","-0,0763825495218587","0,590824637978142","0,00517074282786731","0,279709410860656"
"0,904262945241347","1,62584612670765","4,0724053954918","2,43163101127049","1,58858368203552","1,94221935473588","1,6019605420082","2,36818724556011","2,90599839674408","2,09610064082422","1,90604145833333","3,74311778768215","0,308079651639344","1,46541131568762","3,47442026218124","1,00328909608379","1,76355858003188","2,10082230009107","2,82436779143898","0,686466004553733","0,578350367144808","4,40918494524135","1,3216855470173","1,96370608504099","3,01229693442623","3,35277523167122","1,84192984448998","0,866286240664844","1,24324077049181","1,01812781215847","2,12918641427595","2,42070031386612","2,82236226013206","1,29913604678962","0,103307440004552","1,87742944296448","3,23267459335155","2,45400874806466","0,339493256716758"
"1,43904595685337","1,1560765522541","3,74361537226776","2,16089401468579","1,82340290129781","1,44874907331512","1,45693748121585","0,478040274931694","3,55222077584244","2,16989802538707","0,891744538934426","1,9238688757969","0,483828053278687","0,642299760359743","0,55769139401184","0,548904902094718","0,827252345742257","0,676797406648452","1,6525754143898","0,683844895264117","0,064777453893443","1,3216855470173","3,84318245617031","0,504865121243168","-0,757539207650273","0,414274961862476","1,11930514913479","-0,539074154143897","0,345552595628414","0,849439491120218","0,821242354849728","1,78926785689891","1,73772725125228","0,881342334357922","-0,793182555214025","0,693300654030054","0,816790639799637","0,247104073884336","0,720713279257742"
"0,210825653346993","0,636913644467212","2,09889059494536","0,725159231215846","0,54391531728142","1,60949285382513","0,36654993954918","0,563918850751366","1,07633885621584","0,0937974135928959","0,71992174521858","1,63653691290984","-0,554318326502729","0,376517667691262","1,90295150580601","0,761692657103824","0,711226721653009","0,206353405737704","1,01985722677596","0,345999724043716","0,0674417810792346","1,96370608504099","0,504865121243168","2,78554060553279","0,67296443169399","1,57243598531421","0,613675936475409","-0,0690864433060124","0,277646333333337","0,491448738387979","0,843111054986337","1,33100004474044","1,01049570321038","0,535100179303283","-0,448745656079236","1,25167085416667","0,256410274590165","1,00995902629781","-0,181321297472679"
"-0,0328174808743188","0,795325666666663","0,865568109289616","1,25874957923497","0,627877557377051","0,295454054644804","0,535873284153005","2,32731653005464","1,40692009289617","2,39198354644808","1,51737546448087","2,40152375409836","0,742063770491802","1,37751752459017","2,77596580874317","1,35688355191257","2,58220801639345","3,1772973989071","2,8903993442623","0,341015923497267","0,648659754098359","3,01229693442623","-0,757539207650273","0,67296443169399","6,03662695081967","3,9049556557377","1,26886794535519","2,39438884153005","1,55267955191257","0,74586880874317","1,81812848633879","0,326300748633881","2,50205455191257","0,874090737704922","0,457491054644807","1,21711539344262","4,22475250273224","2,25045482513661","0,216928344262295"
"0,364957116917119","1,62046004610655","4,27661738729508","1,99965621755464","1,24027077356558","1,51606212887067","0,739960100751367","3,01583293545082","2,85241691541438","2,04785737078779","2,30252341188525","3,96551578267305","-1,10635717896175","1,06495028062387","3,21300588740892","1,64229028916211","2,44284575535065","3,55592226548269","4,36775502276867","0,606717290528231","0,339396904030052","3,35277523167122","0,414274961862476","1,57243598531421","3,9049556557377","8,74159833048725","2,28544941370673","0,598474727914389","1,23621986338799","0,852923814890711","1,38830000853825","2,28071409665301","3,12052202470401","0,957116477117492","-0,930528824567398","1,40231247438525","4,42323930555555","3,28813719660746","0,566347007627504"
"0,555693090391621","1,26650006625683","3,40139652595628","1,67068598565574","1,27163933265027","1,23663627413479","0,451479235655738","1,52236754439891","2,09259825842441","1,4863908303734","1,45129951502732","2,27508245469034","-0,262278210382515","0,401855152777779","1,6827453526867","0,285876889799636","0,862861361794174","1,27440105009108","1,83597217668488","0,126941837887067","0,036241519808742","1,84192984448998","1,11930514913479","0,613675936475409","1,26886794535519","2,28544941370673","1,86448626183971","0,0480155132058304","0,719995497267761","0,487220096994536","1,19531665505464","1,72340999795082","1,84991772290528","0,142109696038252","-0,528436298041896","0,346152204234972","2,03965632149362","1,55334646835155","0,3603019537796"
"0,0586105466757753","0,763337287568307","-1,86613651775956","0,605133573087432","0,771415116803279","-0,430558294171217","0,159766609972677","0,592406929644809","0,414532091757746","1,01596337408925","0,264322219945356","-0,288635925091077","1,06802326502732","0,820947456056464","0,740025781648453","-0,0648381375227682","0,572915058515479","2,06607464571949","0,503471903460838","0,682713903460838","0,0363080088797822","0,866286240664844","-0,539074154143897","-0,0690864433060124","2,39438884153005","0,598474727914389","0,0480155132058304","3,4395054640255","0,325158153005462","0,0407132062841529","0,936243641393444","0,00211831215846944","0,0540129332877961","0,444050966530053","-0,181614311703095","1,14047917964481","2,19408985154827","0,484113017531877","-0,402130087204007"
"0,276076005464481","0,774636300546449","1,70570232786886","1,28507145901639","1,08263468306011","0,814971027322403","0,796008683060109","1,50909101092896","1,7293516010929","0,903844978142079","1,19295114754099","1,67544548087432","0,333334699453555","0,435208322404374","1,14023031147541","-0,316316885245903","1,48843078142076","1,0952801420765","1,30051945355191","-0,183537617486339","0,399965218579237","1,24324077049181","0,345552595628414","0,277646333333337","1,55267955191257","1,23621986338799","0,719995497267761","0,325158153005462","2,15300115846995","0,308105781420766","1,51963981967213","1,05750028961749","1,41382479234973","0,593239207650276","0,306933371584699","0,746504224043718","2,01948940983607","1,04580227868853","-0,0658600928961765"
"0,596779708333333","0,712865772540984","1,82157444125683","1,11661574385246","0,489814801229508","0,67420756557377","0,857695739754099","0,674792605874318","1,0997377260929","0,645218775273224","0,756896550546449","1,09685985040984","0,352319658469946","0,295689201502733","0,0374960034153006","0,482407008196721","0,792421216530055","1,08274894262295","0,676005819672131","0,246336333333333","0,218116444672131","1,01812781215847","0,849439491120218","0,491448738387979","0,74586880874317","0,852923814890711","0,487220096994536","0,0407132062841529","0,308105781420766","1,07715780464481","0,79852906352459","0,745972671448088","0,540580053961749","0,684709006147542","-0,0673379924863395","0,866885164617487","1,60080196994536","0,477372875","0,0249145771857924"
"0,844132742144809","1,19973359392076","2,78008027527322","2,00484376263661","1,38332446618853","1,19980108879782","1,04004564856557","1,83551704064208","2,20336473463115","1,63876461441257","1,46123973702186","2,43961914378415","1,1179012909836","1,3582475625","1,58397789515027","0,553505635245903","1,99277616564208","1,90531585928962","1,58946105191257","0,865667122950819","-0,0273307667349731","2,12918641427595","0,821242354849728","0,843111054986337","1,81812848633879","1,38830000853825","1,19531665505464","0,936243641393444","1,51963981967213","0,79852906352459","3,00265943886612","1,43025056796448","1,43013139583333","1,30409647028688","0,262142659494534","2,22689710143442","2,86632449863388","1,59984782001366","0,00573503176229602"
"1,57406947780055","2,52477516974044","6,74782435587432","2,83253577971311","2,07107646960382","2,69598331010929","2,1043142079918","2,28984882684426","3,04282137875683","1,56653903995902","1,60257284494536","3,80909130020492","0,358044282786885","0,5225743159153","2,53864328654372","-0,116350580601093","0,633192966871582","1,61161974180328","1,89191517759563","0,261176101092896","0,0121172626366134","2,42070031386612","1,78926785689891","1,33100004474044","0,326300748633881","2,28071409665301","1,72340999795082","0,00211831215846944","1,05750028961749","0,745972671448088","1,43025056796448","5,89875947984973","2,08780302356557","1,25565378244535","-0,371755398565574","0,776071839822405","2,38538465437158","1,15773325239071","0,497855521516393"
"0,706739817509108","2,04290363148907","4,32742685314208","2,8420130556694","2,3682574614071","2,04723676730419","1,22778251673497","3,34608277493169","4,27388222666211","2,08344673303734","2,85329156079235","3,70401346869308","-1,41652615437159","0,387672959813297","3,17590048964025","1,34059408242259","1,65810409710838","1,76675672905282","5,08191399362477","-0,0266351265938067","0,428985527663935","2,82236226013206","1,73772725125228","1,01049570321038","2,50205455191257","3,12052202470401","1,84991772290528","0,0540129332877961","1,41382479234973","0,540580053961749","1,43013139583333","2,08780302356557","5,84160457092441","-0,0253115317622951","-0,327107803847906","-0,014768906079235","1,73942890209472","1,56904901650729","0,760331533356102"
"1,03577325990437","1,64183776468579","1,79227823428962","1,47855765198087","0,860066360997268","0,440408995901636","0,706152737363388","0,543300462773226","1,13863089993169","1,52405745730874","0,489216526639347","1,09831237192623","2,40769017076503","2,19328012124317","-0,524984417691256","0,832955389344261","1,63896168886612","2,15697131830601","0,734387882513661","1,65272222677596","0,19122918545082","1,29913604678962","0,881342334357922","0,535100179303283","0,874090737704922","0,957116477117492","0,142109696038252","0,444050966530053","0,593239207650276","0,684709006147542","1,30409647028688","1,25565378244535","-0,0253115317622951","3,87237129952186","0,41037631659836","2,93009199624317","2,29390915983607","-0,1878503125","0,452586183401638"
"-0,17631120480419","-0,72702662124317","-0,603093925546451","-0,580303303620218","-0,253534717554644","-0,206761092440802","0,225938110997267","0,423541046789617","-0,402508781989984","-2,47906473098816","-0,0428508299180335","0,329983985541892","0,0191329713114745","0,370231577755008","-0,53072200808288","-0,170031117941712","0,413954176798726","-0,248356485883424","-0,46238123406193","0,13721314298725","0,286280712090163","0,103307440004552","-0,793182555214025","-0,448745656079236","0,457491054644807","-0,930528824567398","-0,528436298041896","-0,181614311703095","0,306933371584699","-0,0673379924863395","0,262142659494534","-0,371755398565574","-0,327107803847906","0,41037631659836","5,87897947529599","-0,598030729849728","0,785890641621128","0,46411365903916","0,390668461862477"
"0,963978360997267","1,2639730898224","1,45100702663935","1,70176451263661","1,04739283913934","0,703651848360654","1,43960824829235","0,960051842554645","1,43078294637978","0,625784432718579","0,617601417349728","1,41996269706284","2,08371814890711","2,3301492715164","0,472873481215846","1,09212385928962","2,05166223258197","2,14016762431694","0,537348155737705","1,38410705737705","-0,0763825495218587","1,87742944296448","0,693300654030054","1,25167085416667","1,21711539344262","1,40231247438525","0,346152204234972","1,14047917964481","0,746504224043718","0,866885164617487","2,22689710143442","0,776071839822405","-0,014768906079235","2,93009199624317","-0,598030729849728","5,82439844159836","2,40003554234973","1,03773223121585","-1,00056261714481"
"1,21918698679417","2,7879010204918","4,03622854371585","3,34084217622951","2,30225662978142","1,44698282149362","1,5468636215847","3,23828985655738","3,29368521903461","2,49872686566485","2,92171146174864","3,45535036020036","1,40850193989071","0,844946658014573","0,165884571493623","-0,244726930783242","2,51372790118397","5,75640089799636","2,73593408014572","0,052329468123862","0,590824637978142","3,23267459335155","0,816790639799637","0,256410274590165","4,22475250273224","4,42323930555555","2,03965632149362","2,19408985154827","2,01948940983607","1,60080196994536","2,86632449863388","2,38538465437158","1,73942890209472","2,29390915983607","0,785890641621128","2,40003554234973","9,29894187795993","3,40207254052823","0,334449358378871"
"0,271051086862476","0,422284720969944","2,4161838954918","1,26133692520492","0,782242300887979","1,37002638023679","0,833582895833333","2,08832606386612","1,75950098918488","0,753117553847903","1,74644100751366","2,84065122256375","-0,464898572404373","0,315518589367033","2,93038405407559","0,198933677140256","0,94881862693534","0,657485959471767","1,34404890255009","0,114411203096539","0,00517074282786731","2,45400874806466","0,247104073884336","1,00995902629781","2,25045482513661","3,28813719660746","1,55334646835155","0,484113017531877","1,04580227868853","0,477372875","1,59984782001366","1,15773325239071","1,56904901650729","-0,1878503125","0,46411365903916","1,03773223121585","3,40207254052823","4,68595167474954","-0,0363217054872487"
"0,0781381856785072","0,161005159494536","0,80761007308743","-0,110088294740436","0,219773938866121","0,0922389612932613","-0,350714381489071","0,0463914258879782","0,696195243738618","1,1742505916439","0,224975829918032","0,441786000796902","0,454486045081966","0,652214064321492","0,0527956009790529","0,414516090619309","0,288150508993623","0,28244801593807","0,897060523679418","0,42648035428051","0,279709410860656","0,339493256716758","0,720713279257742","-0,181321297472679","0,216928344262295","0,566347007627504","0,3603019537796","-0,402130087204007","-0,0658600928961765","0,0249145771857924","0,00573503176229602","0,497855521516393","0,760331533356102","0,452586183401638","0,390668461862477","-1,00056261714481","0,334449358378871","-0,0363217054872487","1,70327693431239"
