"0,511773683702546","0,605842277265834","0,775477420546465","0,430232280885192","0,450712532574225","0,408359578833073","0,424442132031897","0,177761884709072","0,50553340133514","0,0128117684300029","0,19296392263765","0,444131592460245","-0,0111893939010937","0,191295177750713","0,227648848182278","0,314391758606029","0,486463930335969","0,478121085347918","0,50037048711968","-0,014889568492049","0,179960450179244","0,668774670983086","0,336310335049177","0,16391891396268","0,486744959555107","0,519028668535711","0,43800083187793","0,30362598699329","0,215372734339094","0,333496509732053","0,388817758065999","0,193154358626712","0,53218859046098","0,243779234074822","-0,210843701741888","0,515439488291663","0,485937704235225","0,0198521069261877","0,170084540513834"
"0,605842277265834","3,05221988988246","2,20326669407517","1,74490873687264","1,51876733564953","0,886168456788885","0,140808476408103","0,643244554876369","0,876601355607714","0,230193943750574","0,335593303540653","1,03109254534252","-0,164865336600332","0,266117459957258","0,641798408415871","0,747446179925202","0,961631689421706","0,7856111410171","0,667675729544882","-0,199606425294719","0,273828046724193","1,09745670091173","0,598715960077905","-0,0393994651392578","0,360193669426188","0,944179038887996","0,962655458624413","0,743272496179565","0,308208741253215","0,627410022247564","0,77768466799568","0,817441676768315","0,814868202428416","0,51876979932669","-0,235649146147392","0,922581318581096","1,03235649423487","-0,136780412664306","0,37978676909068"
"0,775477420546465","2,20326669407517","4,75355070525305","1,84517138561104","2,29081840907655","1,67232180137287","1,41511594891822","0,385782767258019","1,18208602836217","1,05961521682638","0,662707841995855","2,78780166144349","0,867362094153112","0,953919185682661","1,02550721466913","1,24034307921702","1,64642460406804","1,57094807704829","1,47362179284152","-0,069449749924357","0,657587890708781","2,30174224332717","1,18247438117589","0,52308967701535","1,47980867055604","1,26183110389474","1,61446026758357","-0,0619049691014032","0,625690305246923","1,333503518002","1,80974340179474","0,873490960346002","1,47311411352051","1,7892091612855","0,502498770998023","1,49826666409577","2,36342497149037","-0,231239921963568","0,354466796417794"
"0,430232280885192","1,74490873687264","1,84517138561104","3,02805899422052","1,76064011475664","0,778071514586589","0,787812015034699","1,66811904816619","0,92588265772934","1,06335758014293","0,94252207960865","1,02179525148796","-0,188819760432947","0,507895078591782","0,832675313419201","0,402103105955284","0,764142066624921","0,782423734948065","0,999548406247128","-0,158103887506894","-0,0709536782447839","1,62620328422304","-0,0734525747426231","0,3144029306462","0,831037515339184","0,894075299487544","1,09762666547936","0,92860476749931","0,532049512621793","0,467938788233064","0,899472294788124","1,01199254808576","0,909749531235639","0,666210485798328","0,0538242051774087","1,10164047272842","1,04629084690114","-0,549315317814138","0,635168713978766"
"0,450712532574225","1,51876733564953","2,29081840907655","1,76064011475664","3,13487474372932","1,64672315575018","0,91300333680428","0,382502482420259","2,39026759779449","2,23005798651645","0,702017701578155","1,35365565684174","0,932258991003311","0,831169759571193","0,808869218232949","1,72950298305508","2,11650768261961","1,81544085594954","1,96713223910458","0,287274101982605","0,518830529718954","2,09591557247622","2,05916358302119","0,904771860694916","0,704142203068987","1,3582542999414","1,25075246317447","0,991279976761421","0,601657014991613","0,700660932717277","1,42679090857386","0,61020998509169","1,69182568151657","0,761786778139075","-1,01978933596264","1,37896684953523","2,50774266368979","-0,0179048228812397","0,285924533591093"
"0,408359578833073","0,886168456788885","1,67232180137287","0,778071514586589","1,64672315575018","2,28743212961421","0,674539621389262","-0,174803364854306","1,31393101971593","1,57993573111997","0,31017755299296","0,641607660530036","0,708217736905205","0,411254079744616","0,541461049321901","1,29555094284764","1,53641882932427","1,50776995980406","1,48237529083651","-0,0379640390651333","0,363802809359393","1,44084805397727","1,38078481785435","1,01376210210038","1,06770715875579","1,11980134070419","0,460742751037934","0,888345281093927","0,397608490655739","0,640281327169893","1,05496136501517","0,553999065698056","1,16233749673013","-0,136044617497014","-0,498859140172583","0,31483112443794","2,01793605893522","-0,0158956264745542","0,0147701776453884"
"0,424442132031897","0,140808476408103","1,41511594891822","0,787812015034699","0,91300333680428","0,674539621389262","3,11953870267545","-1,28836621702362","0,261824332529994","0,645809054514432","-0,316230429712634","1,47836319731536","1,11491218408172","-0,116740114383215","0,469658404250737","-0,528578130931727","0,204059810141671","0,74220242181037","0,560248814473414","0,274203415769487","1,04068920641258","1,55129125627643","1,02339757770131","0,793251788767351","1,52784268938437","1,37804103125862","0,759159482431749","0,380881245547614","0,510514501462105","0,437084881810713","0,989523980030334","0,0748763196008362","0,578843864914628","0,284649982764964","-1,5750472741348","-0,148949933228585","1,47326350099676","-0,651290601962496","0,290369292702684"
"0,177761884709072","0,643244554876369","0,385782767258019","1,66811904816619","0,382502482420259","-0,174803364854306","-1,28836621702362","5,3801381491865","1,23105487809082","-0,459222646268037","1,86662099457671","-0,0446464380917357","-1,10194428830775","0,108619789847413","-0,165370788330727","1,24780664927842","0,978552607087046","0,280129882686828","0,412686982948799","-1,07846019969666","-1,33263398175384","0,0447363768498937","-2,69070907654656","-0,23267627137145","-0,760665611499216","-0,953888832843092","0,395067218379447","0,336483187218495","0,440743989567059","0,0207086163709903","-0,306820576914238","1,04041820135123","0,641642274680576","0,44140137593069","0,621165944709989","0,749882368554091","-0,322690498322454","0,680508294075741","0,496077647302142"
"0,50553340133514","0,876601355607714","1,18208602836217","0,92588265772934","2,39026759779449","1,31393101971593","0,261824332529994","1,23105487809082","3,83356671344543","2,58887145732796","1,49157431973776","0,669393224920147","0,762241077094262","1,06414523027929","0,611668835806569","1,93363294483157","2,43245256955774","1,8331396343682","2,48562341064684","0,0343895358651616","0,138295902895869","1,44441863801533","2,4230216944055","0,791964115267945","0,371431313587734","1,5317240163484","0,988261706517912","0,780077815295907","1,0243053673218","0,558190423594197","1,04641983155621","0,420344187645538","2,02826207569725","0,275151601135208","-2,35107157755195","1,74144211629534","2,00737702375277","0,697115761022764","0,0540123922714276"
"0,0128117684300029","0,230193943750574","1,05961521682638","1,06335758014293","2,23005798651645","1,57993573111997","0,645809054514432","-0,459222646268037","2,58887145732796","11,7942195806523","0,897188631777201","0,444070754693676","6,64888915425744","3,26241718854368","-0,216814485696829","2,27508136805045","2,50178731308599","1,61396015048105","2,48672933737974","-0,271408579938031","0,286271471029811","0,872168894688161","2,30325767688896","0,685048498713117","1,9045745897869","1,73163904858749","0,964047072149707","1,21916236489644","0,550920944508915","0,675527115974584","1,94488400950225","0,0780562699734958","2,30208872442512","0,615002532114628","-9,54145275904265","1,43449183847129","3,31627201158769","-1,04605967940911","0,244435988123144"
"0,19296392263765","0,335593303540653","0,662707841995855","0,94252207960865","0,702017701578155","0,31017755299296","-0,316230429712634","1,86662099457671","1,49157431973776","0,897188631777201","2,03802343999429","0,201755810779369","-0,323782830702116","0,521835802559212","0,361984691057121","1,01146865055861","1,21210274802659","0,527172127972087","1,07008164295412","-0,561559380002949","0,141070727481463","0,628455807016385","-0,0138836170316673","0,0131741413503077","0,329999476236711","0,236410279944925","0,754611175295677","0,363654556130695","0,827835027015927","0,184527318155966","0,360581257411067","0,633573621895777","0,91915877898838","-0,441536028414839","0,108976566521508","0,171671285097243","0,595168473018547","0,1917540733485","0,25008200231907"
"0,444131592460245","1,03109254534252","2,78780166144349","1,02179525148796","1,35365565684174","0,641607660530036","1,47836319731536","-0,0446464380917357","0,669393224920147","0,444070754693676","0,201755810779369","4,02357406260054","1,10211453792858","0,780839662365567","1,10723387479605","-0,11041303139937","0,641914978556738","0,826807898531576","0,569486923358651","-0,26394500305922","0,507024469878895","1,93297454182082","0,924590402926511","0,375237394176856","1,21363349776519","0,725074613044628","1,17064182800579","-0,632133066142338","0,727280885177291","1,00296311731604","1,48146067613062","0,236456391241153","1,10004533164526","1,15068600773279","1,00947258321652","1,05859598376172","1,2021462462801","-0,236987058036124","0,35639214883606"
"-0,0111893939010937","-0,164865336600332","0,867362094153112","-0,188819760432947","0,932258991003311","0,708217736905205","1,11491218408172","-1,10194428830775","0,762241077094262","6,64888915425744","-0,323782830702116","1,10211453792858","6,18523668413151","2,24312967659405","-0,541303291337281","0,495237906995892","0,67980151042145","0,356183439616083","0,112095610101267","-0,722202100855623","0,322993276802401","0,344218436839324","1,32184287491957","0,250398440343783","1,32986076607838","-0,0960705532830805","0,604634665793424","0,262558930814719","-0,215308013202042","0,295552099285321","1,13125347354996","-0,415008111920521","0,943304353360446","1,2530206429819","-5,4152703040261","1,12338313342601","2,61247352898933","-0,388995382426385","-0,0281035593421563"
"0,191295177750713","0,266117459957258","0,953919185682661","0,507895078591782","0,831169759571193","0,411254079744616","-0,116740114383215","0,108619789847413","1,06414523027929","3,26241718854368","0,521835802559212","0,780839662365567","2,24312967659405","3,34036323965132","0,334843092521526","1,62305944229326","1,16090815349527","0,510189527606705","1,33456032951481","-0,134314826060147","0,130767204782915","0,775492585887949","1,00447125965162","0,121722798281092","0,679626021616571","0,239246262715629","0,675250600736894","-0,249097653545055","0,0481580020567144","0,471174157378896","0,603580560368601","-0,189212579932286","1,10548967347259","1,58873753561908","-0,54641195767074","2,65704883075574","0,380477888879952","-0,635131911863836","-0,00657422495940183"
"0,227648848182278","0,641798408415871","1,02550721466913","0,832675313419201","0,808869218232949","0,541461049321901","0,469658404250737","-0,165370788330727","0,611668835806569","-0,216814485696829","0,361984691057121","1,10723387479605","-0,541303291337281","0,334843092521526","3,70501715948828","-1,68078712464477","-1,20985880924545","-0,86014103959846","-0,476202444249433","-0,47757804196062","0,162203625725786","1,9118899620111","1,1372810448743","0,515175608282012","0,538110916224304","1,29115535221719","0,855660156704814","0,19223355839423","0,64587388430405","0,668569536219437","0,915815910699514","0,893651338884931","0,326543591384968","0,470614650358492","0,964644375775576","0,558175267626651","-0,704455031698113","-1,08860375428961","0,164169110566613"
"0,314391758606029","0,747446179925202","1,24034307921702","0,402103105955284","1,72950298305508","1,29555094284764","-0,528578130931727","1,24780664927842","1,93363294483157","2,27508136805045","1,01146865055861","-0,11041303139937","0,495237906995892","1,62305944229326","-1,68078712464477","7,21563134254738","5,86914208375943","3,8883735557994","3,86244135404698","0,678872116410247","0,136051268738319","1,07101965545719","0,666036608460101","0,989483331188526","0,467700911551687","0,307656086161792","0,547353536534456","1,86088102446035","-0,615585897959942","0,623149880460635","0,736748160216931","0,332797013043096","2,33477315897697","-0,338366685816723","0,653282275053999","0,957623844854967","3,32641445366361","0,760808712465909","0,0656357112805235"
"0,486463930335969","0,961631689421706","1,64642460406804","0,764142066624921","2,11650768261961","1,53641882932427","0,204059810141671","0,978552607087046","2,43245256955774","2,50178731308599","1,21210274802659","0,641914978556738","0,67980151042145","1,16090815349527","-1,20985880924545","5,86914208375943","6,48285317149152","4,3626520047224","4,1115456417898","1,01899463193136","0,454250308650841","1,75127136330603","1,31149637182301","0,92672095700432","1,3285611544317","1,16114837281115","1,06855218511582","1,82507042596401","1,21341885014994","0,726008642898588","1,5450504306462","0,288101736688805","2,46278129166571","-0,482335117542975","-0,178994196531159","0,724181641077428","4,30515646134468","0,679306080292305","0,474807148893509"
"0,478121085347918","0,7856111410171","1,57094807704829","0,782423734948065","1,81544085594954","1,50776995980406","0,74220242181037","0,280129882686828","1,8331396343682","1,61396015048105","0,527172127972087","0,826807898531576","0,356183439616083","0,510189527606705","-0,86014103959846","3,8883735557994","4,3626520047224","4,618987069507","4,00082754551966","1,1942111854452","0,473669006036094","1,87495587341438","1,28140739095965","1,01971203924993","1,62099204219904","1,84239701182707","0,815146802517083","1,23714020570978","0,720061892464843","1,01851223371863","1,07081458716334","0,535795792543738","2,42396466998728","-0,382767236763492","-0,949040423062785","0,774423437835123","4,29954874270384","0,518479573413609","0,211710399814628"
"0,50037048711968","0,667675729544882","1,47362179284152","0,999548406247128","1,96713223910458","1,48237529083651","0,560248814473414","0,412686982948799","2,48562341064684","2,48672933737974","1,07008164295412","0,569486923358651","0,112095610101267","1,33456032951481","-0,476202444249433","3,86244135404698","4,1115456417898","4,00082754551966","5,45743919052283","1,02293814906682","0,525344221138968","1,76914251156184","1,73677907588588","0,89491106524037","2,0868928747568","2,19723433649884","1,06601121493627","1,13448769566558","0,873239609468359","0,853360671750046","1,18866651639627","0,129911238174848","3,45469962993975","0,0202185038261746","-0,948442923436211","1,1281197576131","3,23185932925534","0,0670254184859196","0,496716431494546"
"-0,014889568492049","-0,199606425294719","-0,069449749924357","-0,158103887506894","0,287274101982605","-0,0379640390651333","0,274203415769487","-1,07846019969666","0,0343895358651616","-0,271408579938031","-0,561559380002949","-0,26394500305922","-0,722202100855623","-0,134314826060147","-0,47757804196062","0,678872116410247","1,01899463193136","1,1942111854452","1,02293814906682","4,35948343815589","0,341965791366011","0,502297131012156","0,660960969097574","0,265132300762938","0,431554313308132","1,35832943979418","-0,220312589526458","0,1900471875766","0,140027622383146","0,0650048033338311","-0,136094393154242","-0,241623358410316","-1,89450084425365","-0,138801657149094","0,379082853864096","-0,00789738182986423","0,763665387371885","-0,862212443220118","-0,0676180146861691"
"0,179960450179244","0,273828046724193","0,657587890708781","-0,0709536782447839","0,518830529718954","0,363802809359393","1,04068920641258","-1,33263398175384","0,138295902895869","0,286271471029811","0,141070727481463","0,507024469878895","0,322993276802401","0,130767204782915","0,162203625725786","0,136051268738319","0,454250308650841","0,473669006036094","0,525344221138968","0,341965791366011","1,77677715189049","1,19533391582981","0,867751303830775","0,129799677130251","1,06013663068373","0,919031522122131","0,684169791762417","0,0883525244546065","0,398824973716563","0,210662175263122","0,600564983856513","-0,271936652706284","0,411211459817462","-0,216124395337347","-0,139654771520819","-0,302137067639872","0,797632345717666","-0,18463379724316","0,106162921013727"
"0,668774670983086","1,09745670091173","2,30174224332717","1,62620328422304","2,09591557247622","1,44084805397727","1,55129125627643","0,0447363768498937","1,44441863801533","0,872168894688161","0,628455807016385","1,93297454182082","0,344218436839324","0,775492585887949","1,9118899620111","1,07101965545719","1,75127136330603","1,87495587341438","1,76914251156184","0,502297131012156","1,19533391582981","3,84950963233351","1,56364879690803","1,27791581395349","1,8614205939482","1,73384248084038","1,5908003237315","0,92406031646406","0,860258000462474","1,09831177358615","1,69348160412262","0,702860859540169","1,51024188788319","0,493925303911203","0,731040978461944","0,785779065473043","2,1434042696221","-0,817510864164904","0,36708683866279"
"0,336310335049177","0,598715960077905","1,18247438117589","-0,0734525747426231","2,05916358302119","1,38078481785435","1,02339757770131","-2,69070907654656","2,4230216944055","2,30325767688896","-0,0138836170316673","0,924590402926511","1,32184287491957","1,00447125965162","1,1372810448743","0,666036608460101","1,31149637182301","1,28140739095965","1,73677907588588","0,660960969097574","0,867751303830775","1,56364879690803","4,35630770733753","0,792095561862303","0,660593465219692","2,02377086399256","0,677096041111316","0,382318488889144","0,617534937063382","0,622036052342817","1,24771672074639","-0,174828219448019","1,35793893651186","0,308620323559148","-1,74633163807565","1,42797686026404","2,05417494240624","0,0725669361843912","-0,372623315734442"
"0,16391891396268","-0,0393994651392578","0,52308967701535","0,3144029306462","0,904771860694916","1,01376210210038","0,793251788767351","-0,23267627137145","0,791964115267945","0,685048498713117","0,0131741413503077","0,375237394176856","0,250398440343783","0,121722798281092","0,515175608282012","0,989483331188526","0,92672095700432","1,01971203924993","0,89491106524037","0,265132300762938","0,129799677130251","1,27791581395349","0,792095561862303","1,74953447536538","0,496786000666423","0,605570604949904","-0,0207707912032349","0,844615389167203","-0,177789566825994","0,291989650128689","0,570792611453258","0,400182765189815","0,585174652311793","-0,37492927084291","0,0146690165686164","-0,433396018590864","0,949296280678373","-0,437681480260135","-0,0085252023393692"
"0,486744959555107","0,360193669426188","1,47980867055604","0,831037515339184","0,704142203068987","1,06770715875579","1,52784268938437","-0,760665611499216","0,371431313587734","1,9045745897869","0,329999476236711","1,21363349776519","1,32986076607838","0,679626021616571","0,538110916224304","0,467700911551687","1,3285611544317","1,62099204219904","2,0868928747568","0,431554313308132","1,06013663068373","1,8614205939482","0,660593465219692","0,496786000666423","4,69335416649432","2,07337784471995","1,34171014377853","1,00872627644621","0,822206620926785","1,2067429413032","1,47382606179336","-0,912013549862886","1,39759206405881","0,547168690826369","-0,376062350916904","0,301514721089172","1,86246784616577","-0,633318646283358","0,391277111847751"
"0,519028668535711","0,944179038887996","1,26183110389474","0,894075299487544","1,3582542999414","1,11980134070419","1,37804103125862","-0,953888832843092","1,5317240163484","1,73163904858749","0,236410279944925","0,725074613044628","-0,0960705532830805","0,239246262715629","1,29115535221719","0,307656086161792","1,16114837281115","1,84239701182707","2,19723433649884","1,35832943979418","0,919031522122131","1,73384248084038","2,02377086399256","0,605570604949904","2,07337784471995","5,17565837557833","1,05546924885866","1,22025879283865","0,88910448044972","1,13900096639742","1,08650323518936","0,697184472052425","1,86505301706077","-0,131181558794465","-1,33384288853525","0,82250825408087","2,02918947987522","-0,633338251466893","0,0807840237115858"
"0,43800083187793","0,962655458624413","1,61446026758357","1,09762666547936","1,25075246317447","0,460742751037934","0,759159482431749","0,395067218379447","0,988261706517912","0,964047072149707","0,754611175295677","1,17064182800579","0,604634665793424","0,675250600736894","0,855660156704814","0,547353536534456","1,06855218511582","0,815146802517083","1,06601121493627","-0,220312589526458","0,684169791762417","1,5908003237315","0,677096041111316","-0,0207707912032349","1,34171014377853","1,05546924885866","1,75711911634035","0,559210496905353","0,709837098136316","0,800455944652542","1,11272625298741","0,475089772535773","1,25258246210206","0,623713016476701","0,111145284493061","0,893687582823942","1,31135216558277","-0,0360524207571161","0,416509115995649"
"0,30362598699329","0,743272496179565","-0,0619049691014032","0,92860476749931","0,991279976761421","0,888345281093927","0,380881245547614","0,336483187218495","0,780077815295907","1,21916236489644","0,363654556130695","-0,632133066142338","0,262558930814719","-0,249097653545055","0,19223355839423","1,86088102446035","1,82507042596401","1,23714020570978","1,13448769566558","0,1900471875766","0,0883525244546065","0,92406031646406","0,382318488889144","0,844615389167203","1,00872627644621","1,22025879283865","0,559210496905353","3,1185971327596","-0,4562744931462","-0,0372624737165641","0,663789399875908","0,903199837894874","0,982252550738043","-0,542512941217023","0,174748578396453","-0,777490810516056","2,12879149034263","-0,547286069683182","0,490462184503018"
"0,215372734339094","0,308208741253215","0,625690305246923","0,532049512621793","0,601657014991613","0,397608490655739","0,510514501462105","0,440743989567059","1,0243053673218","0,550920944508915","0,827835027015927","0,727280885177291","-0,215308013202042","0,0481580020567144","0,64587388430405","-0,615585897959942","1,21341885014994","0,720061892464843","0,873239609468359","0,140027622383146","0,398824973716563","0,860258000462474","0,617534937063382","-0,177789566825994","0,822206620926785","0,88910448044972","0,709837098136316","-0,4562744931462","2,50616465519866","0,355303840009996","0,823641946870117","0,0601006650140182","0,467386877944318","-0,230652112441393","-1,52099131942848","0,151245148350605","0,65209190951316","-0,14069287135766","0,424245603829626"
"0,333496509732053","0,627410022247564","1,333503518002","0,467938788233064","0,700660932717277","0,640281327169893","0,437084881810713","0,0207086163709903","0,558190423594197","0,675527115974584","0,184527318155966","1,00296311731604","0,295552099285321","0,471174157378896","0,668569536219437","0,623149880460635","0,726008642898588","1,01851223371863","0,853360671750046","0,0650048033338311","0,210662175263122","1,09831177358615","0,622036052342817","0,291989650128689","1,2067429413032","1,13900096639742","0,800455944652542","-0,0372624737165641","0,355303840009996","1,82772653760973","0,767963914192481","0,344325961973757","0,737990638084268","0,26632533148727","0,329329054974033","0,684807779595435","1,05221772286343","-0,317158042673959","-0,0134171166065351"
"0,388817758065999","0,77768466799568","1,80974340179474","0,899472294788124","1,42679090857386","1,05496136501517","0,989523980030334","-0,306820576914238","1,04641983155621","1,94488400950225","0,360581257411067","1,48146067613062","1,13125347354996","0,603580560368601","0,915815910699514","0,736748160216931","1,5450504306462","1,07081458716334","1,18866651639627","-0,136094393154242","0,600564983856513","1,69348160412262","1,24771672074639","0,570792611453258","1,47382606179336","1,08650323518936","1,11272625298741","0,663789399875908","0,823641946870117","0,767963914192481","2,15573208802509","0,128173703005791","1,26587384255216","0,624069678106903","-0,647076181174741","0,398228000735361","1,93691294035527","-0,2841388146314","0,411515590702271"
"0,193154358626712","0,817441676768315","0,873490960346002","1,01199254808576","0,61020998509169","0,553999065698056","0,0748763196008362","1,04041820135123","0,420344187645538","0,0780562699734958","0,633573621895777","0,236456391241153","-0,415008111920521","-0,189212579932286","0,893651338884931","0,332797013043096","0,288101736688805","0,535795792543738","0,129911238174848","-0,241623358410316","-0,271936652706284","0,702860859540169","-0,174828219448019","0,400182765189815","-0,912013549862886","0,697184472052425","0,475089772535773","0,903199837894874","0,0601006650140182","0,344325961973757","0,128173703005791","2,59363013372476","0,603327229457748","-0,754387691883447","0,114745979352422","-0,0768177883900932","1,21789177328454","-0,0315465554432088","0,276583372648374"
"0,53218859046098","0,814868202428416","1,47311411352051","0,909749531235639","1,69182568151657","1,16233749673013","0,578843864914628","0,641642274680576","2,02826207569725","2,30208872442512","0,91915877898838","1,10004533164526","0,943304353360446","1,10548967347259","0,326543591384968","2,33477315897697","2,46278129166571","2,42396466998728","3,45469962993975","-1,89450084425365","0,411211459817462","1,51024188788319","1,35793893651186","0,585174652311793","1,39759206405881","1,86505301706077","1,25258246210206","0,982252550738043","0,467386877944318","0,737990638084268","1,26587384255216","0,603327229457748","4,70502481328228","0,139456129067468","-0,724787780500274","1,02758566835092","2,72886089706947","0,919489943909519","0,437374313920933"
"0,243779234074822","0,51876979932669","1,7892091612855","0,666210485798328","0,761786778139075","-0,136044617497014","0,284649982764964","0,44140137593069","0,275151601135208","0,615002532114628","-0,441536028414839","1,15068600773279","1,2530206429819","1,58873753561908","0,470614650358492","-0,338366685816723","-0,482335117542975","-0,382767236763492","0,0202185038261746","-0,138801657149094","-0,216124395337347","0,493925303911203","0,308620323559148","-0,37492927084291","0,547168690826369","-0,131181558794465","0,623713016476701","-0,542512941217023","-0,230652112441393","0,26632533148727","0,624069678106903","-0,754387691883447","0,139456129067468","6,70389025674464","-1,43362037928579","4,21224344149278","-1,09933133473894","-2,90461527225618","0,213206294236604"
"-0,210843701741888","-0,235649146147392","0,502498770998023","0,0538242051774087","-1,01978933596264","-0,498859140172583","-1,5750472741348","0,621165944709989","-2,35107157755195","-9,54145275904265","0,108976566521508","1,00947258321652","-5,4152703040261","-0,54641195767074","0,964644375775576","0,653282275053999","-0,178994196531159","-0,949040423062785","-0,948442923436211","0,379082853864096","-0,139654771520819","0,731040978461944","-1,74633163807565","0,0146690165686164","-0,376062350916904","-1,33384288853525","0,111145284493061","0,174748578396453","-1,52099131942848","0,329329054974033","-0,647076181174741","0,114745979352422","-0,724787780500274","-1,43362037928579","22,716595144602","-3,69617373509169","-0,434703252108411","0,0727248684391941","-0,33247600394108"
"0,515439488291663","0,922581318581096","1,49826666409577","1,10164047272842","1,37896684953523","0,31483112443794","-0,148949933228585","0,749882368554091","1,74144211629534","1,43449183847129","0,171671285097243","1,05859598376172","1,12338313342601","2,65704883075574","0,558175267626651","0,957623844854967","0,724181641077428","0,774423437835123","1,1281197576131","-0,00789738182986423","-0,302137067639872","0,785779065473043","1,42797686026404","-0,433396018590864","0,301514721089172","0,82250825408087","0,893687582823942","-0,777490810516056","0,151245148350605","0,684807779595435","0,398228000735361","-0,0768177883900932","1,02758566835092","4,21224344149278","-3,69617373509169","7,58059564441337","-0,192004861789337","0,521875522528111","-0,253724201605925"
"0,485937704235225","1,03235649423487","2,36342497149037","1,04629084690114","2,50774266368979","2,01793605893522","1,47326350099676","-0,322690498322454","2,00737702375277","3,31627201158769","0,595168473018547","1,2021462462801","2,61247352898933","0,380477888879952","-0,704455031698113","3,32641445366361","4,30515646134468","4,29954874270384","3,23185932925534","0,763665387371885","0,797632345717666","2,1434042696221","2,05417494240624","0,949296280678373","1,86246784616577","2,02918947987522","1,31135216558277","2,12879149034263","0,65209190951316","1,05221772286343","1,93691294035527","1,21789177328454","2,72886089706947","-1,09933133473894","-0,434703252108411","-0,192004861789337","7,93449787614038","1,26300555801315","0,51011033053934"
"0,0198521069261877","-0,136780412664306","-0,231239921963568","-0,549315317814138","-0,0179048228812397","-0,0158956264745542","-0,651290601962496","0,680508294075741","0,697115761022764","-1,04605967940911","0,1917540733485","-0,236987058036124","-0,388995382426385","-0,635131911863836","-1,08860375428961","0,760808712465909","0,679306080292305","0,518479573413609","0,0670254184859196","-0,862212443220118","-0,18463379724316","-0,817510864164904","0,0725669361843912","-0,437681480260135","-0,633318646283358","-0,633338251466893","-0,0360524207571161","-0,547286069683182","-0,14069287135766","-0,317158042673959","-0,2841388146314","-0,0315465554432088","0,919489943909519","-2,90461527225618","0,0727248684391941","0,521875522528111","1,26300555801315","8,9874940311418","-0,150932428800136"
"0,170084540513834","0,37978676909068","0,354466796417794","0,635168713978766","0,285924533591093","0,0147701776453884","0,290369292702684","0,496077647302142","0,0540123922714276","0,244435988123144","0,25008200231907","0,35639214883606","-0,0281035593421563","-0,00657422495940183","0,164169110566613","0,0656357112805235","0,474807148893509","0,211710399814628","0,496716431494546","-0,0676180146861691","0,106162921013727","0,36708683866279","-0,372623315734442","-0,0085252023393692","0,391277111847751","0,0807840237115858","0,416509115995649","0,490462184503018","0,424245603829626","-0,0134171166065351","0,411515590702271","0,276583372648374","0,437374313920933","0,213206294236604","-0,33247600394108","-0,253724201605925","0,51011033053934","-0,150932428800136","1,59575268887689"
