"2,30894009598948","3,34647074457594","5,57042588691651","1,47820827186062","1,10491685765943","0,860461204470748","0,370700637409598","0,530458444773176","0,944974051610784","-0,915269969428001","0,860787667981589","1,62188863412229","0,0640815713346476","1,20464291518738","0,90353547830375","0,884367843523995","1,1936783668639","0,357337858645629","0,772324628533862","0,580677635765943","-0,0353108389217601","0,645674280736361","0,436962379026955","0,597592602235372","1,64255442669296","1,136523234714","1,07981318573307","0,167367458579882","0,701036451347799","0,262430204142014","1,20989561900066","0,486148874095993","0,932763464497042","1,91845423602893","0,831887358316897","2,00733284188034","0,261924416173574","0,0772464664694282","0,0112139043392506"
"3,34647074457594","17,127314122288","15,9990586143984","11,1655275739645","7,63012486686391","4,77739156804734","4,25600176528599","1,69875190828402","4,36374665187376","0,632077470414205","3,53934481262328","3,83028024654832","-1,91022295364891","3,53567644477318","2,86914219428008","6,67755678500986","9,17740643984221","8,00448943786982","9,65663902366864","2,71767671104536","1,28712525147929","5,94311678994083","3,61684512327416","5,46929648915187","5,58712579881657","11,339739566075","7,03238651380671","4,34799359467455","3,54962513806706","1,4414991469428","6,23737528599606","7,84091015285996","6,80659781558186","0,38669610946746","1,1521952218935","3,05613737179488","7,04309281065089","1,59654202169625","0,710806163708087"
"5,57042588691651","15,9990586143984","23,3122111536818","11,1241676042078","9,33034882610125","7,04512638099935","6,35538002498355","2,22616210009861","6,34443084155161","0,68986195660752","5,21251123159106","8,96216017998028","-0,293794146120964","6,13757400788956","6,21094089990139","7,67016563938198","11,2729918895463","7,33287663921762","8,88748738001316","3,33876817619987","2,89852130900724","8,77887438379357","5,09110353977646","5,98985987639711","8,40757144937542","10,6018464127219","8,21202513691651","3,93555904783037","5,22736862343853","3,02022296893491","8,08772125065747","9,14652823060488","6,93392756114399","3,08893533662066","3,21811541946089","5,86325405982908","7,79009317998029","3,16513997583826","0,763205134122287"
"1,47820827186062","11,1655275739645","11,1241676042078","14,6222517527942","10,4084959184747","5,15367919000657","11,5798109552926","4,22909347337278","6,2559070973044","1,64617361341223","2,036350773833","6,38161967455621","-1,75380943622616","2,92341297238659","4,49254952662722","5,57562976002629","8,25261145069033","8,03392592833662","8,7375713921762","1,04201725082183","2,02649989710717","9,81269285437212","5,26289219197896","5,42202355654174","4,88317660881","9,94585177021696","6,57765633596318","6,39742335502958","3,51136318869165","2,71008455424063","6,28927003188691","8,00478615548981","6,47265168343196","-1,62380252005259","2,3963188053912","0,629881773504277","7,82937645660749","2,63937653648915","0,647332017751478"
"1,10491685765943","7,63012486686391","9,33034882610125","10,4084959184747","10,8478249894806","4,97599380243261","7,93599567619987","3,91718403254438","8,09404081032216","1,76562165483234","2,69123653616042","6,48312964990138","-0,565765698553582","3,6444046035503","4,93022068540434","3,92101249178172","7,49471193491124","5,92355799737015","5,62162254109139","-0,937811734385273","1,63970630144641","9,36267200230111","5,20912845529257","5,72529145890861","1,54881554174885","7,0056643392505","5,53169894740302","4,92819268145957","4,09478186719264","2,70356086390532","5,58074450328731","7,23129810815253","4,32906380571992","-1,69026829125576","3,83420687935569","1,28543760683761","6,67023577810651","3,35575198816568","0,222346234714004"
"0,860461204470748","4,77739156804734","7,04512638099935","5,15367919000657","4,97599380243261","5,12089363839579","4,20246553681788","1,38555683037474","3,48150030900723","1,67310212228798","2,11354274884944","4,41094921597633","0,621323528928347","2,80348789151875","2,83680556706115","3,20258810486522","5,11563057001973","3,51533261406969","2,69568274490468","0,892447094345824","1,64737165713348","4,77466172550954","2,83852783662065","3,76000799868507","3,00830696318213","3,83742896449705","1,95597437113742","2,17570365483234","2,61514106180145","1,34009648323471","3,99149011702827","4,81842479125576","1,96182133234715","-0,0361768122945265","2,43143818967786","1,48930047008549","5,00990507495069","2,50071287869822","0,623073360946745"
"0,370700637409598","4,25600176528599","6,35538002498355","11,5798109552926","7,93599567619987","4,20246553681788","18,5425747922419","4,77269520808679","5,76001445595003","-1,65809349408284","0,0241259391847473","7,82495937376726","-1,86219203320184","-0,281642019723871","3,32787033037475","3,37552986522025","5,22165842998028","6,56786186456279","5,57557490466798","-1,48655041058514","2,83702244115713","9,84389808645627","4,57320003090072","4,28563891584484","2,78448193852728","7,6172114842209","4,32321732971728","4,59403447337278","2,04897250657462","3,20734808086785","3,99209804109138","6,62204875575279","5,13281288560157","-1,60577103813281","1,36764931886916","-1,04609485042736","6,67499978402367","2,26406585207101","0,611053972386587"
"0,530458444773176","1,69875190828402","2,22616210009861","4,22909347337278","3,91718403254438","1,38555683037474","4,77269520808679","4,73116178353057","4,36781794378698","0,0313563875739537","1,24346940976332","3,36447526380671","-0,643353986686384","0,976637669625252","0,853769908777117","1,81094978303748","3,37133611242605","2,93519167800789","2,54116544378698","-1,2295310877712","-0,866705954635109","4,19346384664694","0,404266186390539","2,01839619723866","0,360833317554248","2,60313740877713","1,48375548964497","1,91932234566075","1,54723800542406","0,976119892998023","2,46076579832347","0,622305702662717","1,52851299408285","-0,659259014792899","0,993105356015786","-0,102284487179484","2,92106657149901","1,72580044526627","0,174827922090729"
"0,944974051610784","4,36374665187376","6,34443084155161","6,2559070973044","8,09404081032216","3,48150030900723","5,76001445595003","4,36781794378698","8,84297933267587","1,71705877218935","2,52191047172913","5,55759548816568","-0,81636391190006","2,68365742603551","3,95622282544379","3,8711954026956","7,46355872781065","5,98221329552926","5,63153080703485","-1,31897714332676","0,34918987015122","7,28440907955293","4,78462769066404","4,41288047501643","-0,405908558514129","6,48439321005918","4,5567586669954","3,36067498027613","3,42928036653517","2,13766802761341","4,53274644148586","5,43252776462853","3,93923309664695","-1,38705439513477","4,12913210387903","1,42498040598291","6,42458779585799","3,11858857988166","0,323250024654831"
"-0,915269969428001","0,632077470414205","0,68986195660752","1,64617361341223","1,76562165483234","1,67310212228798","-1,65809349408284","0,0313563875739537","1,71705877218935","13,5515761084813","3,51900343491124","2,59625565581854","5,8655895907298","7,19925424950692","2,44854648422092","3,97428405325443","6,05749651972386","4,31873835601578","4,31684511834321","3,11322154240631","3,23239244970416","5,08067192406312","1,40167621893492","1,32569630473372","2,35530637869824","1,43529193293886","2,78398078698227","1,73949988362919","2,37339376725838","0,669089593688367","4,15030057100593","3,74632102071007","1,55088835996057","-0,0166629013806423","1,29522667357004","1,32656814102567","6,54999551479291","3,0953634546351","0,106315587771202"
"0,860787667981589","3,53934481262328","5,21251123159106","2,036350773833","2,69123653616042","2,11354274884944","0,0241259391847473","1,24346940976332","2,52191047172913","3,51900343491124","4,7212173292242","4,36936140779093","3,09486778188691","4,21240542209073","1,6412396030572","2,827971226167","4,93925451380671","2,568662406476","2,42839630506246","0,170313811308349","1,04485910880999","3,04958152975016","0,778463185733067","1,41590666929652","2,52234989414858","2,48164235946745","2,54133850772518","1,76872550443787","2,44937925460224","1,20774793737673","3,67727863132807","2,48653634697567","2,28019716863905","1,98683706048652","2,35284082577251","1,82229931623931","4,19907631804734","1,89953155670612","0,514793290927023"
"1,62188863412229","3,83028024654832","8,96216017998028","6,38161967455621","6,48312964990138","4,41094921597633","7,82495937376726","3,36447526380671","5,55759548816568","2,59625565581854","4,36936140779093","10,0890540754438","3,23128429733728","5,16957860453649","4,88757896696252","4,56944878698225","7,43536152366864","4,26202935157791","2,82445138560158","-0,640942810650889","2,14043593195266","9,11782775887574","2,98073618836291","3,66735720414201","4,5539340877712","4,6686652490138","4,28056123027613","4,06598768984221","3,47671842455622","3,16655767011834","5,51966149161736","5,02929037228797","3,11007804733727","1,48068588757396","3,40675671597633","2,81008217948718","6,83339651134122","3,27622094428008","0,618302238658777"
"0,0640815713346476","-1,91022295364891","-0,293794146120964","-1,75380943622616","-0,565765698553582","0,621323528928347","-1,86219203320184","-0,643353986686384","-0,81636391190006","5,8655895907298","3,09486778188691","3,23128429733728","10,9298673035832","8,06699260355029","-1,43408184664694","-2,52707940992768","-1,68483273175543","-3,8393924022025","-5,77783698882314","-3,73662119165023","1,28459233563445","1,24189407708745","-1,15597734385274","-0,544539100920442","-0,0744140565417553","-3,25932825690336","-0,874499101742274","-0,985032581360946","0,529883993261017","-0,370179963017747","1,81064636012492","-1,13078549227481","-0,708810142998031","5,35499369165023","2,20370801610782","4,58111047008547","1,07735455374754","2,08066802021697","0,512886952662725"
"1,20464291518738","3,53567644477318","6,13757400788956","2,92341297238659","3,6444046035503","2,80348789151875","-0,281642019723871","0,976637669625252","2,68365742603551","7,19925424950692","4,21240542209073","5,16957860453649","8,06699260355029","10,7388867495069","1,37296930473373","2,46800975838264","4,88863908382642","2,12502284319527","1,26375646449704","-0,872120380670613","2,0406959112426","5,4376400009862","1,12758859072977","1,93853854832348","2,36647887869822","1,88388186883628","2,96204956903353","0,671126614398424","2,78732556213018","0,738177221893496","5,04179037869823","2,61934140532545","2,38731464201183","4,72333132938856","4,53672872485206","6,57301224358974","5,92126314299803","4,04458178796845","0,679330010848128"
"0,90353547830375","2,86914219428008","6,21094089990139","4,49254952662722","4,93022068540434","2,83680556706115","3,32787033037475","0,853769908777117","3,95622282544379","2,44854648422092","1,6412396030572","4,88757896696252","-1,43408184664694","1,37296930473373","6,65105932199211","4,03727970414201","5,48845165680473","3,29768771942801","4,15320679980277","2,79238222879684","1,75882074950691","6,07309699950691","3,6818600443787","2,62601704635108","3,7551451183432","3,33905829635108","3,57339108727811","3,29385761587771","2,52682949457594","2,517244632643","3,02069713757397","4,40556634861933","1,97911690335306","-1,1198213954635","0,796390631163712","0,997209358974366","3,00543980029586","1,57711119575937","-0,125070216962525"
"0,884367843523995","6,67755678500986","7,67016563938198","5,57562976002629","3,92101249178172","3,20258810486522","3,37552986522025","1,81094978303748","3,8711954026956","3,97428405325443","2,827971226167","4,56944878698225","-2,52707940992768","2,46800975838264","4,03727970414201","8,83619088099934","11,1247649211045","9,59117562294543","10,6003834796187","4,33345753122946","1,56496501314924","6,54404005588429","2,91542353879027","3,59850261012492","5,26714135272846","8,47532733234714","5,43614842044707","3,8948166321499","3,02091187541091","2,11126103550296","4,75595019888231","6,78288884451019","4,90462964990138","-2,36281881328074","1,23816772024983","0,555535982905977","8,67348045364892","2,31689059171598","0,64913634122288"
"1,1936783668639","9,17740643984221","11,2729918895463","8,25261145069033","7,49471193491124","5,11563057001973","5,22165842998028","3,37133611242605","7,46355872781065","6,05749651972386","4,93925451380671","7,43536152366864","-1,68483273175543","4,88863908382642","5,48845165680473","11,1247649211045","16,0759776469428","13,0639764516765","13,4894969329389","3,18875179092702","2,38757216568046","10,2027272426035","4,83129884516764","5,90085593885602","6,04910753155817","12,1825637080868","7,9415035719921","5,71689941124261","5,36773738658778","3,06668059861933","7,36655737771203","9,79757692800789","7,49690228106508","-2,91333902169627","3,47849268540433","1,69608064102562","12,8217948698225","4,13241616074951","1,06243146351085"
"0,357337858645629","8,00448943786982","7,33287663921762","8,03392592833662","5,92355799737015","3,51533261406969","6,56786186456279","2,93519167800789","5,98221329552926","4,31873835601578","2,568662406476","4,26202935157791","-3,8393924022025","2,12502284319527","3,29768771942801","9,59117562294543","13,0639764516765","14,1648027237015","14,5714057955293","2,93725029717291","1,96864841190007","7,72585728583169","4,34153812984879","4,83230781985536","4,23042377646285","11,9214963091716","6,67348273685076","4,52403265433925","3,48432755013149","2,17967901725838","5,47223309056542","8,79364829306378","8,1846051469428","-3,45737314332676","3,52362460124918","0,143440427350429","12,3869588772189","2,71475449063116","1,08234771893491"
"0,772324628533862","9,65663902366864","8,88748738001316","8,7375713921762","5,62162254109139","2,69568274490468","5,57557490466798","2,54116544378698","5,63153080703485","4,31684511834321","2,42839630506246","2,82445138560158","-5,77783698882314","1,26375646449704","4,15320679980277","10,6003834796187","13,4894969329389","14,5714057955293","18,7052086916502","5,64293586949375","2,32121628040763","7,35025350262985","4,82023198553583","3,59964810322157","6,06040118507561","13,4097951972387","8,3027604618672","4,98532100591716","3,38416196909928","2,23235437376726","5,29463682610125","8,95798109796187","10,1091943145957","-3,31731599769887","2,07210165516108","-0,353959658119652","10,9807679881657","1,79972633629191","0,466842011834319"
"0,580677635765943","2,71767671104536","3,33876817619987","1,04201725082183","-0,937811734385273","0,892447094345824","-1,48655041058514","-1,2295310877712","-1,31897714332676","3,11322154240631","0,170313811308349","-0,640942810650889","-3,73662119165023","-0,872120380670613","2,79238222879684","4,33345753122946","3,18875179092702","2,93725029717291","5,64293586949375","9,3775228573307","0,813195064760024","-0,377228195923734","0,577541782708742","-0,677267651545036","3,74210759007232","-0,151835655818542","1,41473800756081","0,302832995069034","0,482310481591058","0,418568878698225","1,11586415417488","1,71566595825115","-0,570043661735703","-0,706031267587116","-2,02170675180802","-0,976127649572653","0,731563202169627","6,68E-05","-0,497284471400394"
"-0,0353108389217601","1,28712525147929","2,89852130900724","2,02649989710717","1,63970630144641","1,64737165713348","2,83702244115713","-0,866705954635109","0,34918987015122","3,23239244970416","1,04485910880999","2,14043593195266","1,28459233563445","2,0406959112426","1,75882074950691","1,56496501314924","2,38757216568046","1,96864841190007","2,32121628040763","0,813195064760024","3,75447070742933","4,10440605785668","1,43218024589086","1,02777988625904","2,65346364858645","2,13378940335305","2,10954844312953","0,94230724556213","1,26861332018409","0,998115402366869","1,66624252038133","3,43316498849442","1,86767401084813","0,170946332675878","0,87927082380013","0,455091239316243","2,80290867554241","0,981932936883629","-0,0117464191321495"
"0,645674280736361","5,94311678994083","8,77887438379357","9,81269285437212","9,36267200230111","4,77466172550954","9,84389808645627","4,19346384664694","7,28440907955293","5,08067192406312","3,04958152975016","9,11782775887574","1,24189407708745","5,4376400009862","6,07309699950691","6,54404005588429","10,2027272426035","7,72585728583169","7,35025350262985","-0,377228195923734","4,10440605785668","15,1645512523011","4,09594639119001","6,24184257429323","5,89172582380014","8,74603680719921","7,56453913330046","6,01050884171598","4,48822548898751","3,89825329339251","6,43227166354373","8,13728640943458","4,92612788264301","-2,54541685535831","1,63373845627877","1,20432856837607","8,65555854092703","4,26178602021696","0,168209939842209"
"0,436962379026955","3,61684512327416","5,09110353977646","5,26289219197896","5,20912845529257","2,83852783662065","4,57320003090072","0,404266186390539","4,78462769066404","1,40167621893492","0,778463185733067","2,98073618836291","-1,15597734385274","1,12758859072977","3,6818600443787","2,91542353879027","4,83129884516764","4,34153812984879","4,82023198553583","0,577541782708742","1,43218024589086","4,09594639119001","5,98220570742931","2,43727998882315","0,553048366535164","5,96400151873766","3,63159880210388","2,80790554043393","2,09276588428666","1,70584268441815","2,73514090499671","6,01818082182775","3,84745730571991","-1,24951811604208","3,04114668277448","0,594115405982898","4,34717209861934","1,41731509072979","0,666885580867852"
"0,597592602235372","5,46929648915187","5,98985987639711","5,42202355654174","5,72529145890861","3,76000799868507","4,28563891584484","2,01839619723866","4,41288047501643","1,32569630473372","1,41590666929652","3,66735720414201","-0,544539100920442","1,93853854832348","2,62601704635108","3,59850261012492","5,90085593885602","4,83230781985536","3,59964810322157","-0,677267651545036","1,02777988625904","6,24184257429323","2,43727998882315","5,80327192241946","1,49009153287312","5,45145582840237","2,98680610223537","2,89268339151874","2,3964727103879","1,65994225443787","3,65994504569362","6,02580794049967","2,1717212366864","-2,53707820742932","0,613310562787646","0,402726004273508","5,06368211439842","2,31658272781065","0,696503552268244"
"1,64255442669296","5,58712579881657","8,40757144937542","4,88317660881","1,54881554174885","3,00830696318213","2,78448193852728","0,360833317554248","-0,405908558514129","2,35530637869824","2,52234989414858","4,5539340877712","-0,0744140565417553","2,36647887869822","3,7551451183432","5,26714135272846","6,04910753155817","4,23042377646285","6,06040118507561","3,74210759007232","2,65346364858645","5,89172582380014","0,553048366535164","1,49009153287312","11,3345277409599","4,82112672090729","4,1510253625904","3,77004174457594","1,98328024983564","1,64006614990139","3,75720420249836","1,41841130834978","3,93615583234713","0,4539128330046","-0,858397780407636","0,778922029914523","3,72836649802762","0,86788998126233","0,102369681459567"
"1,136523234714","11,339739566075","10,6018464127219","9,94585177021696","7,0056643392505","3,83742896449705","7,6172114842209","2,60313740877713","6,48439321005918","1,43529193293886","2,48164235946745","4,6686652490138","-3,25932825690336","1,88388186883628","3,33905829635108","8,47532733234714","12,1825637080868","11,9214963091716","13,4097951972387","-0,151835655818542","2,13378940335305","8,74603680719921","5,96400151873766","5,45145582840237","4,82112672090729","16,4644040655818","8,32024756163707","5,82172575690335","3,53863590483235","2,43717636341223","5,45311938116371","10,4037901306706","10,0895371597633","-3,04085536982249","2,10035357988165","1,05515602564102","10,0132412746548","1,6734822214004","1,18062209072979"
"1,07981318573307","7,03238651380671","8,21202513691651","6,57765633596318","5,53169894740302","1,95597437113742","4,32321732971728","1,48375548964497","4,5567586669954","2,78398078698227","2,54133850772518","4,28056123027613","-0,874499101742274","2,96204956903353","3,57339108727811","5,43614842044707","7,9415035719921","6,67348273685076","8,3027604618672","1,41473800756081","2,10954844312953","7,56453913330046","3,63159880210388","2,98680610223537","4,1510253625904","8,32024756163707","7,56848133316898","3,9196898239645","2,66184436801447","2,23083521055227","3,97680768951349","6,15111755999343","5,56419547731756","-1,20579149474029","1,436680460881","1,42292252136753","5,85558832001973","1,60632333185404","-0,0943553136094681"
"0,167367458579882","4,34799359467455","3,93555904783037","6,39742335502958","4,92819268145957","2,17570365483234","4,59403447337278","1,91932234566075","3,36067498027613","1,73949988362919","1,76872550443787","4,06598768984221","-0,985032581360946","0,671126614398424","3,29385761587771","3,8948166321499","5,71689941124261","4,52403265433925","4,98532100591716","0,302832995069034","0,94230724556213","6,01050884171598","2,80790554043393","2,89268339151874","3,77004174457594","5,82172575690335","3,9196898239645","6,13415267110454","1,81078936143984","1,79281320660749","2,98397108431953","4,95738995808678","2,96989286094675","-3,14348277712032","0,4707607061144","-1,56557185897436","4,41640995907298","0,620300543885601","0,291470496055226"
"0,701036451347799","3,54962513806706","5,22736862343853","3,51136318869165","4,09478186719264","2,61514106180145","2,04897250657462","1,54723800542406","3,42928036653517","2,37339376725838","2,44937925460224","3,47671842455622","0,529883993261017","2,78732556213018","2,52682949457594","3,02091187541091","5,36773738658778","3,48432755013149","3,38416196909928","0,482310481591058","1,26861332018409","4,48822548898751","2,09276588428666","2,3964727103879","1,98328024983564","3,53863590483235","2,66184436801447","1,81078936143984","3,21593322074293","1,36183450936884","3,10209008957922","3,58233823882314","2,54990099112427","-0,335675032873105","1,09225388231427","1,08989388888889","3,62072303994083","2,04996815828402","0,28381865877712"
"0,262430204142014","1,4414991469428","3,02022296893491","2,71008455424063","2,70356086390532","1,34009648323471","3,20734808086785","0,976119892998023","2,13766802761341","0,669089593688367","1,20774793737673","3,16655767011834","-0,370179963017747","0,738177221893496","2,517244632643","2,11126103550296","3,06668059861933","2,17967901725838","2,23235437376726","0,418568878698225","0,998115402366869","3,89825329339251","1,70584268441815","1,65994225443787","1,64006614990139","2,43717636341223","2,23083521055227","1,79281320660749","1,36183450936884","1,92471097485207","1,6985366178501","2,8243186612426","1,50658741518738","-0,464618712031551","0,371108790927027","0,0590189743589807","2,01854873422091","0,960364894970412","0,267001259368835"
"1,20989561900066","6,23737528599606","8,08772125065747","6,28927003188691","5,58074450328731","3,99149011702827","3,99209804109138","2,46076579832347","4,53274644148586","4,15030057100593","3,67727863132807","5,51966149161736","1,81064636012492","5,04179037869823","3,02069713757397","4,75595019888231","7,36655737771203","5,47223309056542","5,29463682610125","1,11586415417488","1,66624252038133","6,43227166354373","2,73514090499671","3,65994504569362","3,75720420249836","5,45311938116371","3,97680768951349","2,98397108431953","3,10209008957922","1,6985366178501","5,95373426019067","5,19567166091388","3,87068251183433","0,9636553201841","2,95253960420776","2,28583497863249","6,79624590187377","3,0848291030572","0,592534142998027"
"0,486148874095993","7,84091015285996","9,14652823060488","8,00478615548981","7,23129810815253","4,81842479125576","6,62204875575279","0,622305702662717","5,43252776462853","3,74632102071007","2,48653634697567","5,02929037228797","-1,13078549227481","2,61934140532545","4,40556634861933","6,78288884451019","9,79757692800789","8,79364829306378","8,95798109796187","1,71566595825115","3,43316498849442","8,13728640943458","6,01818082182775","6,02580794049967","1,41841130834978","10,4037901306706","6,15111755999343","4,95738995808678","3,58233823882314","2,8243186612426","5,19567166091388","14,3217164357331","5,67137250986194","-3,32078179158447","1,87903491946089","0,0928509829059927","8,60096069280079","1,95087977071006","0,790492736686391"
"0,932763464497042","6,80659781558186","6,93392756114399","6,47265168343196","4,32906380571992","1,96182133234715","5,13281288560157","1,52851299408285","3,93923309664695","1,55088835996057","2,28019716863905","3,11007804733727","-0,708810142998031","2,38731464201183","1,97911690335306","4,90462964990138","7,49690228106508","8,1846051469428","10,1091943145957","-0,570043661735703","1,86767401084813","4,92612788264301","3,84745730571991","2,1717212366864","3,93615583234713","10,0895371597633","5,56419547731756","2,96989286094675","2,54990099112427","1,50658741518738","3,87068251183433","5,67137250986194","9,47431097238658","0,434324200197241","2,93091152465483","2,08150166666666","7,05996127810652","1,17693892406312","0,794883375739646"
"1,91845423602893","0,38669610946746","3,08893533662066","-1,62380252005259","-1,69026829125576","-0,0361768122945265","-1,60577103813281","-0,659259014792899","-1,38705439513477","-0,0166629013806423","1,98683706048652","1,48068588757396","5,35499369165023","4,72333132938856","-1,1198213954635","-2,36281881328074","-2,91333902169627","-3,45737314332676","-3,31731599769887","-0,706031267587116","0,170946332675878","-2,54541685535831","-1,24951811604208","-2,53707820742932","0,4539128330046","-3,04085536982249","-1,20579149474029","-3,14348277712032","-0,335675032873105","-0,464618712031551","0,9636553201841","-3,32078179158447","0,434324200197241","8,83563111374097","3,15025645693622","6,49942162393163","-1,35233106114397","0,516269290927022","0,462132753451677"
"0,831887358316897","1,1521952218935","3,21811541946089","2,3963188053912","3,83420687935569","2,43143818967786","1,36764931886916","0,993105356015786","4,12913210387903","1,29522667357004","2,35284082577251","3,40675671597633","2,20370801610782","4,53672872485206","0,796390631163712","1,23816772024983","3,47849268540433","3,52362460124918","2,07210165516108","-2,02170675180802","0,87927082380013","1,63373845627877","3,04114668277448","0,613310562787646","-0,858397780407636","2,10035357988165","1,436680460881","0,4707607061144","1,09225388231427","0,371108790927027","2,95253960420776","1,87903491946089","2,93091152465483","3,15025645693622","10,4901695358317","3,95890393162393","6,71362590828404","2,09400601972387","0,810727207100593"
"2,00733284188034","3,05613737179488","5,86325405982908","0,629881773504277","1,28543760683761","1,48930047008549","-1,04609485042736","-0,102284487179484","1,42498040598291","1,32656814102567","1,82229931623931","2,81008217948718","4,58111047008547","6,57301224358974","0,997209358974366","0,555535982905977","1,69608064102562","0,143440427350429","-0,353959658119652","-0,976127649572653","0,455091239316243","1,20432856837607","0,594115405982898","0,402726004273508","0,778922029914523","1,05515602564102","1,42292252136753","-1,56557185897436","1,08989388888889","0,0590189743589807","2,28583497863249","0,0928509829059927","2,08150166666666","6,49942162393163","3,95890393162393","8,88169158119658","2,46793717948719","2,25302621794872","0,500883333333335"
"0,261924416173574","7,04309281065089","7,79009317998029","7,82937645660749","6,67023577810651","5,00990507495069","6,67499978402367","2,92106657149901","6,42458779585799","6,54999551479291","4,19907631804734","6,83339651134122","1,07735455374754","5,92126314299803","3,00543980029586","8,67348045364892","12,8217948698225","12,3869588772189","10,9807679881657","0,731563202169627","2,80290867554241","8,65555854092703","4,34717209861934","5,06368211439842","3,72836649802762","10,0132412746548","5,85558832001973","4,41640995907298","3,62072303994083","2,01854873422091","6,79624590187377","8,60096069280079","7,05996127810652","-1,35233106114397","6,71362590828404","2,46793717948719","14,7545239728797","4,50074271351084","1,62777007199211"
"0,0772464664694282","1,59654202169625","3,16513997583826","2,63937653648915","3,35575198816568","2,50071287869822","2,26406585207101","1,72580044526627","3,11858857988166","3,0953634546351","1,89953155670612","3,27622094428008","2,08066802021697","4,04458178796845","1,57711119575937","2,31689059171598","4,13241616074951","2,71475449063116","1,79972633629191","6,68E-05","0,981932936883629","4,26178602021696","1,41731509072979","2,31658272781065","0,86788998126233","1,6734822214004","1,60632333185404","0,620300543885601","2,04996815828402","0,960364894970412","3,0848291030572","1,95087977071006","1,17693892406312","0,516269290927022","2,09400601972387","2,25302621794872","4,50074271351084","3,99740734566075","0,803216767258382"
"0,0112139043392506","0,710806163708087","0,763205134122287","0,647332017751478","0,222346234714004","0,623073360946745","0,611053972386587","0,174827922090729","0,323250024654831","0,106315587771202","0,514793290927023","0,618302238658777","0,512886952662725","0,679330010848128","-0,125070216962525","0,64913634122288","1,06243146351085","1,08234771893491","0,466842011834319","-0,497284471400394","-0,0117464191321495","0,168209939842209","0,666885580867852","0,696503552268244","0,102369681459567","1,18062209072979","-0,0943553136094681","0,291470496055226","0,28381865877712","0,267001259368835","0,592534142998027","0,790492736686391","0,794883375739646","0,462132753451677","0,810727207100593","0,500883333333335","1,62777007199211","0,803216767258382","1,54604465877712"
