"4,90792904643058","5,52993377666853","12,0721678896416","7,28476538773844","6,03508367307268","3,40772803407123","1,99691921213842","4,38696668484822","5,07573022040854","1,34168906876853","1,96353636906778","3,59734194042474","-0,0693785932678001","2,63777044108364","2,48325245987327","3,423020993519","4,00222987552245","3,33208697695797","5,67086434436861","-0,0744495188822728","-0,254694451072008","3,7676082438504","3,74284111250308","0,353102008270763","1,5869146762849","2,17202842043468","7,05473513267875","-0,873823905904932","2,05321993721188","0,77574557482858","4,13186696173227","2,04132052043019","4,72388002384622","3,14027072485891","1,32799279477359","4,98330484875395","3,27157612686087","3,86221428511061","-0,0638322787381796"
"5,52993377666853","16,1938452244815","21,4583540085126","19,9208047184058","14,9578353518325","6,32193728143936","8,21781557792955","7,2706856407112","7,44326649911028","3,73454073459112","1,10791296258133","5,27715047110594","-0,0623240141491226","4,56783912510098","6,4521627283773","7,1256550118353","6,19595692336898","5,08963399361197","10,7297693163844","2,35366655853083","-0,0578795200069708","8,6314829874612","8,05535799761925","-0,0250360215812374","2,97789733706325","7,48415604064258","13,2755301526665","0,210135287666184","4,00898279275173","2,03930915641705","5,94880191705958","4,50116059794994","7,99477526168759","5,34079754308474","0,795221134073908","4,8957842332769","5,27138899446037","2,73627652388619","-0,476254993372082"
"12,0721678896416","21,4583540085126","59,4923449160018","52,1160455990778","39,1001103121918","19,5427736298985","32,868677770417","33,0102981207121","26,8675175508341","11,115689144832","7,15028659026947","15,9730769827375","-1,26557897306509","12,1905297847014","16,0551061156984","15,3644167407256","15,3099801012749","14,0361034086188","29,4497083914916","6,04412087591315","0,769737475043699","27,1884974876299","19,3349740194475","4,37706290254318","13,0820956033361","21,5549808066499","36,784962094385","0,107686565825115","10,5029083123075","4,77290661355658","18,3561086394455","15,513916658486","23,6165485736798","12,2833594454257","5,29524165365893","14,7448178513823","13,3562018607596","12,3186806608291","1,53491589655107"
"7,28476538773844","19,9208047184058","52,1160455990778","61,9233614516811","43,7162028027765","19,7462648101111","48,8643322101509","40,5171306490944","27,9092227177544","12,3052325019877","4,66287505761646","16,5221136199778","-1,35252024621165","10,6102088833036","15,4018234956822","14,9470090366008","13,2295043625978","13,445470093077","29,4158199584056","7,85900632041964","0,503284047669038","29,9789962767904","20,3099059796943","2,72209860621808","12,4218429555796","26,187862975226","31,4244252955911","6,37840668019337","10,5956189629493","5,03619527574309","15,610090426469","16,7621462648608","23,1598117155954","9,01370772252301","-0,0674227126835843","8,70052373993049","13,9900555269866","8,93761369766652","2,36501228977713"
"6,03508367307268","14,9578353518325","39,1001103121918","43,7162028027765","37,2176324768932","15,9130408233318","31,6442612292767","29,1911514274253","25,8837569284398","11,8119039383327","5,24598469303838","14,1343275904326","0,327827342413687","9,66616404160994","11,3551532483979","11,5298014749812","11,1894671792608","11,4757297315219","20,8488979728759","4,35907321011915","-0,206258305058746","21,4599431519793","14,7212025394798","0,798983489025067","6,14023117380243","15,6864570218614","24,3959428997347","5,11034200738658","8,43080743913784","3,272048416677","12,0364550448612","10,9916402490201","17,0309842704635","6,91156971087426","1,92862017411384","6,63719944883233","12,9161561940698","8,49191517492322","1,57641858575246"
"3,40772803407123","6,32193728143936","19,5427736298985","19,7462648101111","15,9130408233318","11,8993448646428","11,7823115098339","12,6502813444901","10,9313807028915","5,48041821778727","3,00732998350659","4,93886892377984","-0,0402675646490749","5,16798514161783","4,90291060071288","4,54966317663171","5,58712027455663","6,05838935982509","9,87127309192823","1,57053809707389","1,30988263535885","8,82563670719265","7,41353270761914","3,02359925080728","4,42524435878814","7,76297821204024","8,38661259247075","2,59571724931069","4,05623702548906","1,41006894861424","5,45903534156075","6,71954343191899","8,02616934134882","3,69853188197288","1,50708481142436","6,11053538674375","5,48838528750369","5,08738880657709","0,294362329336641"
"1,99691921213842","8,21781557792955","32,868677770417","48,8643322101509","31,6442612292767","11,7823115098339","57,9874166542602","39,8943594155204","22,4298681052848","8,35896080650686","2,833222732057","13,2487773706612","-0,0330975543317664","5,03061487112439","9,3455676558602","8,00370634622918","6,19716873544148","7,11289112586295","19,2131806416507","5,18438089857616","2,19705861828423","24,9497379860342","12,2955514803447","1,05886011146873","9,67411992999559","22,678321620425","19,9359255501112","7,15410715718286","6,89003367986638","4,20379439717744","9,82248958938072","11,2337541719516","16,6340888219848","3,33947035897407","-5,27489415930032","1,34570878546132","9,76976128291126","4,01670517407157","3,6364941434375"
"4,38696668484822","7,2706856407112","33,0102981207121","40,5171306490944","29,1911514274253","12,6502813444901","39,8943594155204","34,0571936192496","23,1087190507798","9,06546371934787","4,43799100565666","12,6206115555371","-0,442272249378992","6,81066479476837","8,88203929101039","8,95929992478164","8,3331260891867","8,89888086964606","18,8374813335682","3,37079608682677","0,178627781761537","20,6556589339801","11,7441600095957","0,706032091635021","8,56856141865531","17,3832140998278","19,7448801135621","5,60106386991454","6,90413986187653","3,43686372090815","11,046276923707","10,7658210824548","15,6614771819328","4,41103641165031","-1,18476816242997","4,4537009236186","10,5179885222167","7,15741700077167","2,57236567677964"
"5,07573022040854","7,44326649911028","26,8675175508341","27,9092227177544","25,8837569284398","10,9313807028915","22,4298681052848","23,1087190507798","22,9694166295559","9,13699383040705","5,55062024887709","11,6366884927665","0,594164710578463","7,19818300156871","7,79895001394496","8,1868238759996","8,82619452746054","8,64249284775798","14,9699960271462","1,86680763612273","-0,193076932028511","14,8489557011525","10,8758585128355","-0,74255950211581","3,96324928146021","10,4138682411589","16,8272659276591","4,25444155432133","6,36597979442058","2,34965678274906","9,79617158814682","7,89247013988528","12,448572842479","4,80073935647699","2,30283731323004","5,51330549561853","10,3928432747861","8,12554157649026","1,74347682436943"
"1,34168906876853","3,73454073459112","11,115689144832","12,3052325019877","11,8119039383327","5,48041821778727","8,35896080650686","9,06546371934787","9,13699383040705","10,4346675252521","2,39547949504255","4,37041119654346","2,39050132786022","5,68235546217012","4,27435671559217","3,95690546870377","3,46662951951939","3,35803726005062","6,7323274942156","1,1932969940625","0,683813385091168","6,37639255059034","4,57536888639822","0,376726980234547","0,691473337801792","5,56275598317242","5,98385406864826","2,24740790306002","2,61069021362134","0,412488451029098","3,24844139374289","4,01724097493871","5,30688643333166","2,55868465838723","-1,44880653937845","3,25812999442851","3,67115782715908","3,46267108853333","0,527266808565135"
"1,96353636906778","1,10791296258133","7,15028659026947","4,66287505761646","5,24598469303838","3,00732998350659","2,833222732057","4,43799100565666","5,55062024887709","2,39547949504255","3,62030468037413","3,44890503312662","0,696596558030259","1,92334267765535","1,14195546321031","1,12460606921517","2,39021360509014","2,6799866017765","4,04210421541176","-0,458003034087487","0,545399174613783","2,66165833717443","2,51311169563689","0,105120880463976","1,25923024348764","1,50095312019524","3,81656581083339","0,760257729056707","1,20905067192653","0,179915688514222","2,89557160530989","2,3745726649976","3,96300884871755","2,20327690875439","1,08337087965133","4,17013403749474","2,76811033624607","3,63224741042876","0,617147246534725"
"3,59734194042474","5,27715047110594","15,9730769827375","16,5221136199778","14,1343275904326","4,93886892377984","13,2487773706612","12,6206115555371","11,6366884927665","4,37041119654346","3,44890503312662","9,43809933889788","0,132388138258688","4,52216567859996","4,78312032331527","6,3511726328819","6,25657688944597","5,74954732025778","10,1441080263869","0,98102991049864","-0,611202591489084","9,20676518230204","6,19196846096285","-0,717649057430529","3,03251031115162","6,53095279383742","10,9284023341735","1,82216154386749","3,42993851600811","1,86499104921437","6,45975158124261","4,71241288944337","8,67078002703179","3,86449672179426","2,62836633534631","4,46778283552931","6,67312696619206","5,02765915566942","0,978052501350611"
"-0,0693785932678001","-0,0623240141491226","-1,26557897306509","-1,35252024621165","0,327827342413687","-0,0402675646490749","-0,0330975543317664","-0,442272249378992","0,594164710578463","2,39050132786022","0,696596558030259","0,132388138258688","3,90082028411334","1,10601150638836","-1,96796794022063","-1,54187870996348","-0,56496454531921","-0,404271848257918","-2,61821992811027","-2,67893785224053","0,655396418125473","-0,463896829973448","-0,511499821543391","-1,32094488388618","-0,905195152871342","-0,738994231528126","-0,397051536579713","0,402819576137905","-0,231786075053201","-0,539528521527594","-0,196642477614909","-0,779098160239071","0,161504532277895","1,03093709290601","-1,28299518199648","1,40717265238537","0,744788501283009","0,237612619125483","-0,301960048472587"
"2,63777044108364","4,56783912510098","12,1905297847014","10,6102088833036","9,66616404160994","5,16798514161783","5,03061487112439","6,81066479476837","7,19818300156871","5,68235546217012","1,92334267765535","4,52216567859996","1,10601150638836","6,18967747006382","4,28643429643559","4,70026808799177","4,49408322709368","4,23964642641444","7,21691190224348","0,820095522721844","-0,0934895347710842","5,77219985970513","4,38328146216101","0,689806670051598","1,89751880815685","4,52547352113426","7,22080636774804","0,260137098887056","3,59437482715062","1,30702310119237","4,72683608256202","5,00178721210464","5,85132186616859","4,35142879386083","1,18362765498909","4,93839724637219","3,71502950742725","3,47819209798016","0,217451800136393"
"2,48325245987327","6,4521627283773","16,0551061156984","15,4018234956822","11,3551532483979","4,90291060071288","9,3455676558602","8,88203929101039","7,79895001394496","4,27435671559217","1,14195546321031","4,78312032331527","-1,96796794022063","4,28643429643559","10,3922864979531","7,04940337175729","4,69994486503285","2,20434635145616","10,0525645190546","6,06769253908329","-0,741329637645312","8,30983872983099","5,8423117263223","1,71377283025687","4,08138975184454","7,23781239561588","11,0819165252124","0,673790009550182","3,54009884155978","1,93702325526967","5,65197259179461","5,33746121185367","5,83112243033852","4,0486934869512","2,46699443046334","4,13521460301691","1,09434318409505","2,79224987371511","1,02294561656597"
"3,423020993519","7,1256550118353","15,3644167407256","14,9470090366008","11,5298014749812","4,54966317663171","8,00370634622918","8,95929992478164","8,1868238759996","3,95690546870377","1,12460606921517","6,3511726328819","-1,54187870996348","4,70026808799177","7,04940337175729","9,13652727460666","7,37959473380709","5,71481943116223","11,0204232743831","3,83398291302303","-1,43311522771259","7,60735166419729","5,94997191762518","0,697683060404141","3,40530692197122","6,61856264932332","9,91042283750566","1,23450679792923","2,76924835309575","1,91652118822849","6,06242804947894","4,34721647859919","6,67256370446023","3,94201508592246","3,26305334129941","2,83634371198856","4,94774577116336","3,38549887757615","0,719274241331847"
"4,00222987552245","6,19595692336898","15,3099801012749","13,2295043625978","11,1894671792608","5,58712027455663","6,19716873544148","8,3331260891867","8,82619452746054","3,46662951951939","2,39021360509014","6,25657688944597","-0,56496454531921","4,49408322709368","4,69994486503285","7,37959473380709","8,62193497938161","7,34953452079036","10,4238249285361","1,99858392759277","-1,23918917571248","6,94717642565381","5,92761271794298","0,233772646274285","3,217702692582","5,44053869973066","9,34506920605986","1,49760338814021","3,54775173987072","1,50024589566042","6,18731189600237","4,49083970110304","7,41002319935976","3,6584495630901","4,42889944083594","4,32772826161154","7,3544961919504","4,48689065712991","0,735609352296758"
"3,33208697695797","5,08963399361197","14,0361034086188","13,445470093077","11,4757297315219","6,05838935982509","7,11289112586295","8,89888086964606","8,64249284775798","3,35803726005062","2,6799866017765","5,74954732025778","-0,404271848257918","4,23964642641444","2,20434635145616","5,71481943116223","7,34953452079036","8,64775322798433","9,96258741221007","0,211527512548848","-0,898083555401839","6,43430844844164","5,88840892244061","0,173800421144607","2,9055044770181","5,44141124140141","7,94749602162023","1,66851377951604","3,58885616656991","1,29886544176301","5,38308179423985","5,16223407981724","8,33210086471818","3,63355793533824","4,38230290751006","4,04743424052571","8,31259184339505","4,05312042213278","0,44911290680144"
"5,67086434436861","10,7297693163844","29,4497083914916","29,4158199584056","20,8488979728759","9,87127309192823","19,2131806416507","18,8374813335682","14,9699960271462","6,7323274942156","4,04210421541176","10,1441080263869","-2,61821992811027","7,21691190224348","10,0525645190546","11,0204232743831","10,4238249285361","9,96258741221007","21,1796300194579","5,11657569778486","-0,432266241664712","14,8003027059744","12,0340019100384","1,94647844640678","6,67070846950537","14,0378331914999","17,4510718682815","2,43735622930602","6,06654154073394","2,50484258956474","10,6895383928763","11,9036474926033","15,1132817053041","7,12936377324243","2,68765245818296","8,26819021329628","8,51501657078551","7,0229873988177","1,8355980727986"
"-0,0744495188822728","2,35366655853083","6,04412087591315","7,85900632041964","4,35907321011915","1,57053809707389","5,18438089857616","3,37079608682677","1,86680763612273","1,1932969940625","-0,458003034087487","0,98102991049864","-2,67893785224053","0,820095522721844","6,06769253908329","3,83398291302303","1,99858392759277","0,211527512548848","5,11657569778486","10,5781788193779","-0,416520355430964","3,71411096100673","3,4729370285446","1,24245984856217","2,01123990484914","0,933379026244494","4,16274040641299","1,23231153778891","1,37057703637199","0,931184751028641","1,61544742161073","2,41918451698719","-0,7425294433909","0,822784990661091","3,61023052173693","-1,05126184818641","-0,214334537563329","-0,241158483775404","0,813320490524896"
"-0,254694451072008","-0,0578795200069708","0,769737475043699","0,503284047669038","-0,206258305058746","1,30988263535885","2,19705861828423","0,178627781761537","-0,193076932028511","0,683813385091168","0,545399174613783","-0,611202591489084","0,655396418125473","-0,0934895347710842","-0,741329637645312","-1,43311522771259","-1,23918917571248","-0,898083555401839","-0,432266241664712","-0,416520355430964","4,19354585034739","1,83922988527417","0,781317836754781","2,48194831259358","1,62245664934543","1,10180014289531","-0,626714276334055","0,987295459790701","-0,683672361458834","-0,0630619819801089","-0,134886310459898","0,742583674697974","0,12123342580138","0,960584325463257","-0,144112593445926","1,63035296832834","-1,38074170664333","0,753322425267636","0,446954266348284"
"3,7676082438504","8,6314829874612","27,1884974876299","29,9789962767904","21,4599431519793","8,82563670719265","24,9497379860342","20,6556589339801","14,8489557011525","6,37639255059034","2,66165833717443","9,20676518230204","-0,463896829973448","5,77219985970513","8,30983872983099","7,60735166419729","6,94717642565381","6,43430844844164","14,8003027059744","3,71411096100673","1,83922988527417","19,0229607102898","9,92300518726891","3,64370480090548","7,99354109865563","13,56255642122","18,4496802135498","1,61933126163299","5,80254163435052","3,20061835639183","9,38957111707336","8,59662919381167","12,2277666411605","5,48458082654341","0,944328063066351","6,25185163136648","6,02928310955285","6,06820701487267","1,76777245384019"
"3,74284111250308","8,05535799761925","19,3349740194475","20,3099059796943","14,7212025394798","7,41353270761914","12,2955514803447","11,7441600095957","10,8758585128355","4,57536888639822","2,51311169563689","6,19196846096285","-0,511499821543391","4,38328146216101","5,8423117263223","5,94997191762518","5,92761271794298","5,88840892244061","12,0340019100384","3,4729370285446","0,781317836754781","9,92300518726891","11,8122647112936","0,356452883228258","4,14036359901155","9,49465461721543","11,1506514362019","2,28589032622128","4,29476383006249","1,76211641872357","6,4194782806274","7,0402289601603","9,06155022822292","5,20017745673645","3,63738429087714","5,86078838101169","5,63515498680592","4,13484687512392","0,399883748356018"
"0,353102008270763","-0,0250360215812374","4,37706290254318","2,72209860621808","0,798983489025067","3,02359925080728","1,05886011146873","0,706032091635021","-0,74255950211581","0,376726980234547","0,105120880463976","-0,717649057430529","-1,32094488388618","0,689806670051598","1,71377283025687","0,697683060404141","0,233772646274285","0,173800421144607","1,94647844640678","1,24245984856217","2,48194831259358","3,64370480090548","0,356452883228258","10,4095067108138","2,19582083931168","1,60188879129938","-1,05065091025875","-1,06930089020271","0,0564277120691915","0,490451677264625","0,434534910859457","1,54411036160056","0,453222415450894","1,77376073616441","-0,33044211212016","4,30481323491456","-3,05876979811974","2,18066412319943","-0,202637162923412"
"1,5869146762849","2,97789733706325","13,0820956033361","12,4218429555796","6,14023117380243","4,42524435878814","9,67411992999559","8,56856141865531","3,96324928146021","0,691473337801792","1,25923024348764","3,03251031115162","-0,905195152871342","1,89751880815685","4,08138975184454","3,40530692197122","3,217702692582","2,9055044770181","6,67070846950537","2,01123990484914","1,62245664934543","7,99354109865563","4,14036359901155","2,19582083931168","10,0696043620127","7,47547713382426","8,47785542283816","1,00560467146755","2,6123293288406","2,34603732766259","5,5132623715291","3,50978237264731","6,237742670114","3,1789435992586","2,6886169664456","4,48373150113542","1,57244663497138","2,83180102770205","0,954342860987822"
"2,17202842043468","7,48415604064258","21,5549808066499","26,187862975226","15,6864570218614","7,76297821204024","22,678321620425","17,3832140998278","10,4138682411589","5,56275598317242","1,50095312019524","6,53095279383742","-0,738994231528126","4,52547352113426","7,23781239561588","6,61856264932332","5,44053869973066","5,44141124140141","14,0378331914999","0,933379026244494","1,10180014289531","13,56255642122","9,49465461721543","1,60188879129938","7,47547713382426","17,934083229044","12,9811820257459","2,37200329543378","4,41412820856215","2,44073637309849","6,83082335330702","9,43087263203675","12,743626395716","4,47210012033631","-1,08124377043394","4,62479307549331","4,95362598094252","3,27415914299217","1,59852263148416"
"7,05473513267875","13,2755301526665","36,784962094385","31,4244252955911","24,3959428997347","8,38661259247075","19,9359255501112","19,7448801135621","16,8272659276591","5,98385406864826","3,81656581083339","10,9284023341735","-0,397051536579713","7,22080636774804","11,0819165252124","9,91042283750566","9,34506920605986","7,94749602162023","17,4510718682815","4,16274040641299","-0,626714276334055","18,4496802135498","11,1506514362019","-1,05065091025875","8,47785542283816","12,9811820257459","29,5357094557301","-1,29242824061283","6,94871020466275","3,40730937290541","12,5730233729405","8,75542237917446","14,9248256722678","8,52031465704149","6,04044123901549","7,40991565535834","9,18549739791404","6,68256911926947","1,5194654389025"
"-0,873823905904932","0,210135287666184","0,107686565825115","6,37840668019337","5,11034200738658","2,59571724931069","7,15410715718286","5,60106386991454","4,25444155432133","2,24740790306002","0,760257729056707","1,82216154386749","0,402819576137905","0,260137098887056","0,673790009550182","1,23450679792923","1,49760338814021","1,66851377951604","2,43735622930602","1,23231153778891","0,987295459790701","1,61933126163299","2,28589032622128","-1,06930089020271","1,00560467146755","2,37200329543378","-1,29242824061283","6,86306191111754","-0,393345435443892","-0,322627606230449","0,642400936425872","2,16593195634607","1,51162409040761","-0,068788483079786","0,290900064296389","-0,811291304254559","3,05151621159688","0,609650093063979","1,4098852475216"
"2,05321993721188","4,00898279275173","10,5029083123075","10,5956189629493","8,43080743913784","4,05623702548906","6,89003367986638","6,90413986187653","6,36597979442058","2,61069021362134","1,20905067192653","3,42993851600811","-0,231786075053201","3,59437482715062","3,54009884155978","2,76924835309575","3,54775173987072","3,58885616656991","6,06654154073394","1,37057703637199","-0,683672361458834","5,80254163435052","4,29476383006249","0,0564277120691915","2,6123293288406","4,41412820856215","6,94871020466275","-0,393345435443892","5,50742889202822","2,05471793128152","3,45126609408856","4,4723947824357","5,01809562283958","1,84903612104884","1,10487743508762","3,13884314216263","3,35947265193029","2,42521209292226","-0,333101141017132"
"0,77574557482858","2,03930915641705","4,77290661355658","5,03619527574309","3,272048416677","1,41006894861424","4,20379439717744","3,43686372090815","2,34965678274906","0,412488451029098","0,179915688514222","1,86499104921437","-0,539528521527594","1,30702310119237","1,93702325526967","1,91652118822849","1,50024589566042","1,29886544176301","2,50484258956474","0,931184751028641","-0,0630619819801089","3,20061835639183","1,76211641872357","0,490451677264625","2,34603732766259","2,44073637309849","3,40730937290541","-0,322627606230449","2,05471793128152","1,94022613996069","2,01889946163962","1,57494682382984","1,83973595702478","0,743883342034036","0,867167390353198","0,73497282583609","0,83939961344152","1,09557104751106","0,0103084419404884"
"4,13186696173227","5,94880191705958","18,3561086394455","15,610090426469","12,0364550448612","5,45903534156075","9,82248958938072","11,046276923707","9,79617158814682","3,24844139374289","2,89557160530989","6,45975158124261","-0,196642477614909","4,72683608256202","5,65197259179461","6,06242804947894","6,18731189600237","5,38308179423985","10,6895383928763","1,61544742161073","-0,134886310459898","9,38957111707336","6,4194782806274","0,434534910859457","5,5132623715291","6,83082335330702","12,5730233729405","0,642400936425872","3,45126609408856","2,01889946163962","9,47899570468908","6,22621295302464","9,09221944247423","5,09734590547715","3,90832754427447","6,16048403739722","5,42572392014246","5,77070102308624","1,26922654238198"
"2,04132052043019","4,50116059794994","15,513916658486","16,7621462648608","10,9916402490201","6,71954343191899","11,2337541719516","10,7658210824548","7,89247013988528","4,01724097493871","2,3745726649976","4,71241288944337","-0,779098160239071","5,00178721210464","5,33746121185367","4,34721647859919","4,49083970110304","5,16223407981724","11,9036474926033","2,41918451698719","0,742583674697974","8,59662919381167","7,0402289601603","1,54411036160056","3,50978237264731","9,43087263203675","8,75542237917446","2,16593195634607","4,4723947824357","1,57494682382984","6,22621295302464","13,0397785512704","9,40494707542442","3,64116457535453","1,91623122841212","5,28166527325316","4,22492974920508","4,64891549087922","0,74412994566988"
"4,72388002384622","7,99477526168759","23,6165485736798","23,1598117155954","17,0309842704635","8,02616934134882","16,6340888219848","15,6614771819328","12,448572842479","5,30688643333166","3,96300884871755","8,67078002703179","0,161504532277895","5,85132186616859","5,83112243033852","6,67256370446023","7,41002319935976","8,33210086471818","15,1132817053041","-0,7425294433909","0,12123342580138","12,2277666411605","9,06155022822292","0,453222415450894","6,237742670114","12,743626395716","14,9248256722678","1,51162409040761","5,01809562283958","1,83973595702478","9,09221944247423","9,40494707542442","15,464767688496","7,10297351950898","2,28456610013465","8,77674411401979","7,71074510219486","5,74644698083265","1,23059670235582"
"3,14027072485891","5,34079754308474","12,2833594454257","9,01370772252301","6,91156971087426","3,69853188197288","3,33947035897407","4,41103641165031","4,80073935647699","2,55868465838723","2,20327690875439","3,86449672179426","1,03093709290601","4,35142879386083","4,0486934869512","3,94201508592246","3,6584495630901","3,63355793533824","7,12936377324243","0,822784990661091","0,960584325463257","5,48458082654341","5,20017745673645","1,77376073616441","3,1789435992586","4,47210012033631","8,52031465704149","-0,068788483079786","1,84903612104884","0,743883342034036","5,09734590547715","3,64116457535453","7,10297351950898","11,3393259020835","4,72244143730062","9,80211368238883","2,37772024374118","1,22281493496573","0,464681416913005"
"1,32799279477359","0,795221134073908","5,29524165365893","-0,0674227126835843","1,92862017411384","1,50708481142436","-5,27489415930032","-1,18476816242997","2,30283731323004","-1,44880653937845","1,08337087965133","2,62836633534631","-1,28299518199648","1,18362765498909","2,46699443046334","3,26305334129941","4,42889944083594","4,38230290751006","2,68765245818296","3,61023052173693","-0,144112593445926","0,944328063066351","3,63738429087714","-0,33044211212016","2,6886169664456","-1,08124377043394","6,04044123901549","0,290900064296389","1,10487743508762","0,867167390353198","3,90832754427447","1,91623122841212","2,28456610013465","4,72244143730062","22,0243275436244","3,22087922030388","6,61338680487249","0,814581839422861","-1,36439522906483"
"4,98330484875395","4,8957842332769","14,7448178513823","8,70052373993049","6,63719944883233","6,11053538674375","1,34570878546132","4,4537009236186","5,51330549561853","3,25812999442851","4,17013403749474","4,46778283552931","1,40717265238537","4,93839724637219","4,13521460301691","2,83634371198856","4,32772826161154","4,04743424052571","8,26819021329628","-1,05126184818641","1,63035296832834","6,25185163136648","5,86078838101169","4,30481323491456","4,48373150113542","4,62479307549331","7,40991565535834","-0,811291304254559","3,13884314216263","0,73497282583609","6,16048403739722","5,28166527325316","8,77674411401979","9,80211368238883","3,22087922030388","16,3198473854643","2,19097902663457","6,01377973708042","-0,441252107510848"
"3,27157612686087","5,27138899446037","13,3562018607596","13,9900555269866","12,9161561940698","5,48838528750369","9,76976128291126","10,5179885222167","10,3928432747861","3,67115782715908","2,76811033624607","6,67312696619206","0,744788501283009","3,71502950742725","1,09434318409505","4,94774577116336","7,3544961919504","8,31259184339505","8,51501657078551","-0,214334537563329","-1,38074170664333","6,02928310955285","5,63515498680592","-3,05876979811974","1,57244663497138","4,95362598094252","9,18549739791404","3,05151621159688","3,35947265193029","0,83939961344152","5,42572392014246","4,22492974920508","7,71074510219486","2,37772024374118","6,61338680487249","2,19097902663457","12,4855307585739","4,20949982674431","0,632494856613849"
"3,86221428511061","2,73627652388619","12,3186806608291","8,93761369766652","8,49191517492322","5,08738880657709","4,01670517407157","7,15741700077167","8,12554157649026","3,46267108853333","3,63224741042876","5,02765915566942","0,237612619125483","3,47819209798016","2,79224987371511","3,38549887757615","4,48689065712991","4,05312042213278","7,0229873988177","-0,241158483775404","0,753322425267636","6,06820701487267","4,13484687512392","2,18066412319943","2,83180102770205","3,27415914299217","6,68256911926947","0,609650093063979","2,42521209292226","1,09557104751106","5,77070102308624","4,64891549087922","5,74644698083265","1,22281493496573","0,814581839422861","6,01377973708042","4,20949982674431","8,45870229081082","0,905730770405977"
"-0,0638322787381796","-0,476254993372082","1,53491589655107","2,36501228977713","1,57641858575246","0,294362329336641","3,6364941434375","2,57236567677964","1,74347682436943","0,527266808565135","0,617147246534725","0,978052501350611","-0,301960048472587","0,217451800136393","1,02294561656597","0,719274241331847","0,735609352296758","0,44911290680144","1,8355980727986","0,813320490524896","0,446954266348284","1,76777245384019","0,399883748356018","-0,202637162923412","0,954342860987822","1,59852263148416","1,5194654389025","1,4098852475216","-0,333101141017132","0,0103084419404884","1,26922654238198","0,74412994566988","1,23059670235582","0,464681416913005","-1,36439522906483","-0,441252107510848","0,632494856613849","0,905730770405977","2,34746683144919"
