"0,323494959694805","0,580012035140729","0,732428413598104","0,518135388025949","0,41900952163709","0,41020602596385","0,288079458965725","0,315154449074577","0,443697330805412","0,389399632859016","0,35872253443798","0,370499517785962","0,35739704312277","0,531950101544734","0,41968510449068","0,182967332089122","0,299417346177015","0,121311167846689","0,260610058688572","-0,16924419197056","0,0338626417100318","0,306890365692691","0,169267950014319","0,0746384254477346","0,451907870950963","0,325408580612033","0,260278301421626","0,350526236031427","0,208337062082176","0,128525428940083","0,351008697725858","0,141288562738843","0,36358274404474","-0,00122055489175867","0,146230100293935","0,353114098358496","0,149754556774528","0,352006823015926","-0,23957779590332"
"0,580012035140729","2,10260204912987","2,24291141402271","1,77576931565105","1,42250146774103","1,39941953500083","0,506274774774776","0,819431416820548","1,15366041072128","1,08741241676458","1,16292978232891","1,06407637625203","0,883333125174857","1,2549121078843","0,992602367522804","0,421951279726933","0,798854845280069","0,323344710984266","0,656417586033229","-0,401537836159141","0,286490661406745","0,775796829500302","0,313966203346207","0,369560423031726","1,39865145095405","0,997726039952996","0,676331912036259","0,963267977169716","0,58126795366795","0,462511027922331","0,98821825359521","0,606322082144254","1,02355421185161","-0,0181076022606521","0,241423360752053","0,713251633932065","0,348509445470303","0,734765813888418","0,395086772424601"
"0,732428413598104","2,24291141402271","3,73649189490366","2,43589519438327","2,14901527124128","2,21549127441105","1,08770517751401","1,42654682271969","1,77446777167741","1,58253517725068","1,83656855441118","1,92863195902332","1,45622351492888","1,89918731321202","1,44788265959968","0,766490832271805","1,41042065089021","0,438201392545254","0,894965313225159","-0,637960968855227","0,407788625146881","1,11192020371485","0,466850472240605","0,581804413147161","1,83109000467401","1,67587830049999","0,850858566919128","0,883934423828285","0,944478871240617","0,556099214715261","1,3055499137775","1,13680255494442","1,5549506383329","-0,0669165669487617","0,75447074028906","0,882821656512187","0,636873096538248","0,941178675409052","0,362788677120674"
"0,518135388025949","1,77576931565105","2,43589519438327","2,53662048004161","2,14257696057036","1,95651447372838","0,995016328261035","1,37993445463732","1,69173542989464","1,35382159519036","1,66975514497691","1,42721655837423","1,05667074675698","1,58307853558346","1,33818738149549","0,595896040150491","1,12447986106312","0,401429602214554","0,72808406623283","-0,486934402071052","0,368208796933576","1,29948062282962","0,559848672677065","0,526300875292537","1,82937549233559","1,44457534990965","0,968800607655518","1,45640224711741","0,950880333106212","0,850121076670385","1,37026235544276","1,11343508865826","1,18657450213459","-0,344428098200508","0,247191314123766","0,501896148146682","0,460553092621291","1,11245843815317","0,833312681373374"
"0,41900952163709","1,42250146774103","2,14901527124128","2,14257696057036","2,28387136116021","1,89076814000335","1,02339943401567","1,13300451638705","1,87292437215074","1,18504140253515","1,4586354635015","1,19908095744996","1,05323470871309","1,60688163455747","1,20824945669455","0,568773954615924","1,03430164880994","0,398384197730788","0,740451210044527","-0,614665355110317","0,385612914778129","1,11935436342809","0,887985200670165","0,38820068128779","1,44953699977288","1,38818631545685","0,937048739364135","1,41574143492415","0,872163128762665","0,663365883702481","1,18168620400452","0,934344533667754","1,27744831373208","-0,158425408433648","0,172148812634334","0,422944936653859","0,387743912681398","0,694520566478056","1,38763937565626"
"0,41020602596385","1,39941953500083","2,21549127441105","1,95651447372838","1,89076814000335","2,16284046975546","0,848003583179451","1,14711189133232","1,59735876280006","1,20118676822785","1,52752934306977","1,2874578269263","1,23030942196855","1,557894208774","1,17861495803257","0,728298898214985","1,18729641738011","0,47163663952772","0,714912968776222","-0,449069477645346","0,444013086564823","1,20096784063566","0,647106657713616","0,730513143920317","1,52802222315483","1,7187025342734","0,751279481842089","1,4540736036036","0,841731578814836","0,721284772816293","1,06194218482457","1,36557075877119","1,36135990375469","-0,317719994124562","0,196349047898826","0,554104961110175","0,659429931173403","0,947422831962393","0,735948153992503"
"0,288079458965725","0,506274774774776","1,08770517751401","0,995016328261035","1,02339943401567","0,848003583179451","2,25908180909262","0,543627918546973","0,824653531123379","-0,854393073711274","0,533717696728515","1,01376986489778","0,215148817604596","0,487675850046253","0,614121548071639","0,0950456338728215","0,387986654405595","0,237564589147053","0,463282422343788","-0,471956646308347","0,0833065474791548","0,165740256774858","0,273442120260562","0,0247768060150025","0,784278362315548","0,594155783309799","0,338961441507273","0,479661082397707","0,505905967719637","0,212942674312968","0,447828936643988","0,0477869493132144","0,664293330798833","0,327722906434017","0,377357068188027","0,608733077216785","0,282697642746871","0,634635516956487","-0,49455743425925"
"0,315154449074577","0,819431416820548","1,42654682271969","1,37993445463732","1,13300451638705","1,14711189133232","0,543627918546973","1,44901847567699","1,19430182573147","0,962609211440154","1,21194173386393","1,0834675415313","0,795190352822677","0,925696245840295","0,932612902731011","0,560676607550189","0,808167014552006","0,291444638866117","0,522122962769122","-0,213782730088511","-0,0343851994852012","0,82192137712429","0,0813670745572046","0,369963571280451","1,07864161118736","1,0631309785818","0,516641015019404","0,795593316447614","0,537156090478493","0,687620586490765","0,841916358016768","0,907027071759372","0,789829434147341","-0,396947717136212","0,413578191187167","0,255635681468826","0,661232163182541","0,914293270563217","0,190112434045299"
"0,443697330805412","1,15366041072128","1,77446777167741","1,69173542989464","1,87292437215074","1,59735876280006","0,824653531123379","1,19430182573147","1,97706244727739","1,24481462846478","1,34519331216858","1,32992251521525","1,05043136705211","1,48533785008246","1,13481399079021","0,71858290062441","1,09138431951865","0,495571752691669","0,824348584035254","-0,446676422630158","0,273608875272786","1,15384188188554","0,964008778961646","0,400735578014989","1,13996343109276","1,34923642361763","0,785843672923929","1,2972489371871","0,741089844769869","0,766137294071565","1,10394320565359","1,01849519046631","1,26076771782744","-0,190835355373646","0,0603459336025825","0,402466475130591","0,704457974733952","0,701217862261236","1,36917151629159"
"0,389399632859016","1,08741241676458","1,58253517725068","1,35382159519036","1,18504140253515","1,20118676822785","-0,854393073711274","0,962609211440154","1,24481462846478","3,50172753568877","1,33957409779892","0,890735628919012","1,88932268762734","1,90837057768583","0,915377487796527","1,20569570069156","1,51675634039044","0,729297646318217","0,766631257360751","0,312653361097672","0,561306469139945","1,53058510050788","0,484705621331965","0,55054448546281","1,24747314795248","1,38927428943375","0,792903784837081","1,17293906532766","0,544889185321598","0,885685763938946","1,10555523659757","1,37715726645535","0,879448850948133","-0,741762400026993","-0,156320095438885","-0,127869556428921","0,924499731770496","0,754134057773516","0,804423388598683"
"0,35872253443798","1,16292978232891","1,83656855441118","1,66975514497691","1,4586354635015","1,52752934306977","0,533717696728515","1,21194173386393","1,34519331216858","1,33957409779892","1,59910968108042","1,36010441757431","1,03725176171055","1,29716478613068","1,08333858298196","0,723111238450727","1,09733528648122","0,386789870411142","0,760834508520204","-0,342557370764992","0,426655134016001","1,1452588129964","0,383857630963081","0,571991349014341","1,47260902592764","1,41957244635574","0,635628891105207","1,05390834250034","0,714549632661522","0,753729995753882","1,03003180064975","1,08597071528964","1,18949834937971","-0,511028297537586","0,245436916035506","0,223483868969441","0,645232803358703","0,88178711593215","0,680619266738424"
"0,370499517785962","1,06407637625203","1,92863195902332","1,42721655837423","1,19908095744996","1,2874578269263","1,01376986489778","1,0834675415313","1,32992251521525","0,890735628919012","1,36010441757431","2,44645186705704","0,793190708904003","1,03126794456679","0,965367671992416","0,798310338306886","1,21920696865115","0,591243379234179","0,830150591148322","-0,0149214782246624","0,251813849812543","1,1188158064824","0,340614679780257","0,792834519365913","1,20545821139736","1,10853074461747","0,13721181704174","0,652795725312451","0,564995499033924","0,717340110250915","1,09225634091709","0,960614243878513","0,934389504751375","-0,139113574127657","0,10756077702291","0,367652410938521","0,978259471045757","0,610760435737159","1,02489931535481"
"0,35739704312277","0,883333125174857","1,45622351492888","1,05667074675698","1,05323470871309","1,23030942196855","0,215148817604596","0,795190352822677","1,05043136705211","1,88932268762734","1,03725176171055","0,793190708904003","1,8295199709684","1,66227462132209","0,638399068257148","0,985329008120286","1,19467759824494","0,545513600509529","0,523925386413078","-0,0676075892589689","0,365130660287614","0,993688698581662","0,411340555517155","0,441502784925956","0,926354153887165","1,16861605018976","0,572758266893124","0,944302533318848","0,435262699444052","0,663142217822497","0,705119465417187","1,12728471476957","0,893432095606749","-0,303474129134617","0,146278446020001","0,374496155453952","0,722734103460417","0,84506323781216","-0,340759350047891"
"0,531950101544734","1,2549121078843","1,89918731321202","1,58307853558346","1,60688163455747","1,557894208774","0,487675850046253","0,925696245840295","1,48533785008246","1,90837057768583","1,29716478613068","1,03126794456679","1,66227462132209","2,31357035195043","1,06828905530485","1,14009457007245","1,48016107260532","0,720332518358689","0,900587694243384","-0,125423493352691","0,490615085333781","1,28572872112887","0,712338968424036","0,398520294677212","1,28181189702674","1,49867493951753","0,968522987225447","1,26124046690827","0,752094938250272","0,805288620983059","1,06627652745","1,17931678667707","1,26140259464069","-0,157812105728313","0,392977229441724","0,816052453235115","0,762373871306443","1,19586774629946","0,069507917263261"
"0,41968510449068","0,992602367522804","1,44788265959968","1,33818738149549","1,20824945669455","1,17861495803257","0,614121548071639","0,932612902731011","1,13481399079021","0,915377487796527","1,08333858298196","0,965367671992416","0,638399068257148","1,06828905530485","1,49285794282225","0,35181556912777","0,526065366614334","-0,114932926512559","0,298797016082576","-0,550717569098145","0,18273670191931","0,907198619979129","0,413364789455149","0,283775325700197","1,09840458541113","1,19096189956123","0,683532522654186","1,02936334100268","0,618747874390649","0,653431330104309","0,903131784372974","0,932294576260586","0,801824348352741","-0,485019130056255","0,585043146783978","0,258413283301569","0,159409967380602","0,756141070284752","0,0193788492365219"
"0,182967332089122","0,421951279726933","0,766490832271805","0,595896040150491","0,568773954615924","0,728298898214985","0,0950456338728215","0,560676607550189","0,71858290062441","1,20569570069156","0,723111238450727","0,798310338306886","0,985329008120286","1,14009457007245","0,35181556912777","1,47559166299657","1,37450272222168","0,931257901990407","1,01955039488886","0,537497609436254","0,2251427043814","0,87488507236502","0,376422844931158","0,385604840408549","0,718046215623735","0,926421165312189","0,404274979674596","0,759151744462768","0,0476476985717901","0,697998766519534","0,570332880512958","0,72814987643471","0,752215947460067","-0,295216128989788","-0,145524393381325","0,355810063757583","1,23554144285681","0,809222377891227","0,0444239311470766"
"0,299417346177015","0,798854845280069","1,41042065089021","1,12447986106312","1,03430164880994","1,18729641738011","0,387986654405595","0,808167014552006","1,09138431951865","1,51675634039044","1,09733528648122","1,21920696865115","1,19467759824494","1,48016107260532","0,526065366614334","1,37450272222168","1,81574739257161","1,19860436281915","1,29414986677397","0,467699831652989","0,361401243355156","1,12626273328133","0,424512743188935","0,666415830165203","1,1869682859842","1,25118957812032","0,527729167004054","0,911264493905672","0,585262003097361","0,686770364721682","0,954787971590519","0,880865829194192","1,11643109809847","-0,121286081212747","-0,248114922681174","0,576519614393349","1,38981768399016","0,896474793832927","0,540999588554576"
"0,121311167846689","0,323344710984266","0,438201392545254","0,401429602214554","0,398384197730788","0,47163663952772","0,237564589147053","0,291444638866117","0,495571752691669","0,729297646318217","0,386789870411142","0,591243379234179","0,545513600509529","0,720332518358689","-0,114932926512559","0,931257901990407","1,19860436281915","1,39350587957157","1,18303738723926","0,905207575088792","0,0818160679312837","0,524412636641024","0,248885029410118","0,317195433531815","0,588234021961305","0,544042597603081","0,269191124760124","0,525888035463301","0,135049927371651","0,251690720934671","0,351841015661255","0,316520207072252","0,528066082052086","0,218755694585708","-0,558438194824351","0,560061749564687","1,32827249967907","0,633134427383171","0,397254980201247"
"0,260610058688572","0,656417586033229","0,894965313225159","0,72808406623283","0,740451210044527","0,714912968776222","0,463282422343788","0,522122962769122","0,824348584035254","0,766631257360751","0,760834508520204","0,830150591148322","0,523925386413078","0,900587694243384","0,298797016082576","1,01955039488886","1,29414986677397","1,18303738723926","1,59182380114677","0,534352619113452","0,236025358401877","0,696966516209301","0,433536396890132","0,330334634307307","0,985601739525415","0,891851054583993","0,396899586415057","0,632683176457419","0,314638024782177","0,303621597971737","0,523618958829122","0,15718430187586","1,10526746770153","0,0983333500709319","-0,475542706372802","0,482029740196897","1,14806908155506","0,554950035614712","0,817787804691797"
"-0,16924419197056","-0,401537836159141","-0,637960968855227","-0,486934402071052","-0,614665355110317","-0,449069477645346","-0,471956646308347","-0,213782730088511","-0,446676422630158","0,312653361097672","-0,342557370764992","-0,0149214782246624","-0,0676075892589689","-0,125423493352691","-0,550717569098145","0,537497609436254","0,467699831652989","0,905207575088792","0,534352619113452","2,26709961835968","-0,162839419730288","-0,0729554370373282","-0,215990924106424","0,0285700326687671","-0,0689109233822778","-0,258008122887227","-0,169453405780644","-0,0662499196529378","-0,304838084129068","0,171742812064897","-0,251711616141169","-0,0517584804826743","-0,978652474334037","0,253863850454402","-0,472367434242792","0,38682377808938","0,903988580151218","0,295414847287917","-0,258578958615174"
"0,0338626417100318","0,286490661406745","0,407788625146881","0,368208796933576","0,385612914778129","0,444013086564823","0,0833065474791548","-0,0343851994852012","0,273608875272786","0,561306469139945","0,426655134016001","0,251813849812543","0,365130660287614","0,490615085333781","0,18273670191931","0,2251427043814","0,361401243355156","0,0818160679312837","0,236025358401877","-0,162839419730288","0,609704345587823","0,515935915729393","0,248016257624084","0,168946746684573","0,392990065469193","0,518769678249677","0,218264631525935","0,300421337362206","0,265872056404229","0,168140006155223","0,236314705948183","0,368980416876503","0,446558216663868","-0,125193051312183","-0,0550716221811898","-0,112091721783898","0,125704087628","0,16496028202115","0,607778513793297"
"0,306890365692691","0,775796829500302","1,11192020371485","1,29948062282962","1,11935436342809","1,20096784063566","0,165740256774858","0,82192137712429","1,15384188188554","1,53058510050788","1,1452588129964","1,1188158064824","0,993688698581662","1,28572872112887","0,907198619979129","0,87488507236502","1,12626273328133","0,524412636641024","0,696966516209301","-0,0729554370373282","0,515935915729393","1,65824664902389","0,639075492434341","0,650438953546166","1,22335868212384","1,28140588360373","0,650824719114436","1,16736643925255","0,597332607214447","0,812557223401698","1,03135291941923","1,08677496924034","0,886781446543362","-0,52285554997087","-0,402836082611662","0,116236822686769","0,883737072681011","0,892259535889559","1,10423757543441"
"0,169267950014319","0,313966203346207","0,466850472240605","0,559848672677065","0,887985200670165","0,647106657713616","0,273442120260562","0,0813670745572046","0,964008778961646","0,484705621331965","0,383857630963081","0,340614679780257","0,411340555517155","0,712338968424036","0,413364789455149","0,376422844931158","0,424512743188935","0,248885029410118","0,433536396890132","-0,215990924106424","0,248016257624084","0,639075492434341","1,00993365478741","0,0589695188392631","0,26793602886043","0,556276059768209","0,40813088493682","0,690387197365434","0,250514661544995","0,323742493458018","0,371703940297625","0,337836951748972","0,614534272218879","-0,0316840482609033","-0,396738655231773","0,183592669227504","0,243819803263254","0,0747676153610691","0,974971183448702"
"0,0746384254477346","0,369560423031726","0,581804413147161","0,526300875292537","0,38820068128779","0,730513143920317","0,0247768060150025","0,369963571280451","0,400735578014989","0,55054448546281","0,571991349014341","0,792834519365913","0,441502784925956","0,398520294677212","0,283775325700197","0,385604840408549","0,666415830165203","0,317195433531815","0,330334634307307","0,0285700326687671","0,168946746684573","0,650438953546166","0,0589695188392631","0,925890761025914","0,549756117337651","0,699324419088434","-0,175199811920068","0,489071850121952","0,309051664099247","0,25330902090801","0,497476732514392","0,644889122666693","0,538744345851148","-0,207511096139983","-0,302547688121077","-0,0553547813249863","0,46859734281962","0,17604623487938","0,898841939586646"
"0,451907870950963","1,39865145095405","1,83109000467401","1,82937549233559","1,44953699977288","1,52802222315483","0,784278362315548","1,07864161118736","1,13996343109276","1,24747314795248","1,47260902592764","1,20545821139736","0,926354153887165","1,28181189702674","1,09840458541113","0,718046215623735","1,1869682859842","0,588234021961305","0,985601739525415","-0,0689109233822778","0,392990065469193","1,22335868212384","0,26793602886043","0,549756117337651","2,43047106426119","1,36052138690023","0,900144327220898","1,34715569947368","0,755467043879828","0,600068984190619","1,24010860543042","0,363347895571858","0,937135091883993","-0,313711845513768","-0,191461127195889","0,47972598116567","0,712503779043926","1,01307866964882","0,556580927397988"
"0,325408580612033","0,997726039952996","1,67587830049999","1,44457534990965","1,38818631545685","1,7187025342734","0,594155783309799","1,0631309785818","1,34923642361763","1,38927428943375","1,41957244635574","1,10853074461747","1,16861605018976","1,49867493951753","1,19096189956123","0,926421165312189","1,25118957812032","0,544042597603081","0,891851054583993","-0,258008122887227","0,518769678249677","1,28140588360373","0,556276059768209","0,699324419088434","1,36052138690023","2,09258614304476","0,697921159091133","1,19337938684757","0,782385222954045","0,817868831165838","0,937269196529375","1,36728644195163","1,54723286142189","-0,571671398321962","0,0210476496591579","0,405711829516764","0,989792061571982","1,14595729854809","0,424942526340737"
"0,260278301421626","0,676331912036259","0,850858566919128","0,968800607655518","0,937048739364135","0,751279481842089","0,338961441507273","0,516641015019404","0,785843672923929","0,792903784837081","0,635628891105207","0,13721181704174","0,572758266893124","0,968522987225447","0,683532522654186","0,404274979674596","0,527729167004054","0,269191124760124","0,396899586415057","-0,169453405780644","0,218264631525935","0,650824719114436","0,40813088493682","-0,175199811920068","0,900144327220898","0,697921159091133","1,04661075064103","0,807517610884542","0,423853825553722","0,482617617401837","0,609356724696929","0,437876551659441","0,475178606055821","-0,251601333807321","0,119720811502038","0,372201700059576","0,230536990885657","0,834838487164547","-0,285683100586885"
"0,350526236031427","0,963267977169716","0,883934423828285","1,45640224711741","1,41574143492415","1,4540736036036","0,479661082397707","0,795593316447614","1,2972489371871","1,17293906532766","1,05390834250034","0,652795725312451","0,944302533318848","1,26124046690827","1,02936334100268","0,759151744462768","0,911264493905672","0,525888035463301","0,632683176457419","-0,0662499196529378","0,300421337362206","1,16736643925255","0,690387197365434","0,489071850121952","1,34715569947368","1,19337938684757","0,807517610884542","2,00987509609719","0,404303806693064","0,740519315190236","1,00988843831775","1,02909561547298","0,797702217921248","-0,501665581076146","0,0206893720026198","0,33375844862034","0,561934762595987","0,893531977077551","0,637881899627066"
"0,208337062082176","0,58126795366795","0,944478871240617","0,950880333106212","0,872163128762665","0,841731578814836","0,505905967719637","0,537156090478493","0,741089844769869","0,544889185321598","0,714549632661522","0,564995499033924","0,435262699444052","0,752094938250272","0,618747874390649","0,0476476985717901","0,585262003097361","0,135049927371651","0,314638024782177","-0,304838084129068","0,265872056404229","0,597332607214447","0,250514661544995","0,309051664099247","0,755467043879828","0,782385222954045","0,423853825553722","0,404303806693064","0,932158490999218","0,38519221207872","0,630144460282349","0,509814440516511","0,653948280223958","-0,0340644296708123","-0,140537670906203","0,24086503503869","0,176004023804584","0,390855005842523","0,55234590302396"
"0,128525428940083","0,462511027922331","0,556099214715261","0,850121076670385","0,663365883702481","0,721284772816293","0,212942674312968","0,687620586490765","0,766137294071565","0,885685763938946","0,753729995753882","0,717340110250915","0,663142217822497","0,805288620983059","0,653431330104309","0,697998766519534","0,686770364721682","0,251690720934671","0,303621597971737","0,171742812064897","0,168140006155223","0,812557223401698","0,323742493458018","0,25330902090801","0,600068984190619","0,817868831165838","0,482617617401837","0,740519315190236","0,38519221207872","1,11041567756832","0,643531748692426","0,9966704499238","0,396420973776115","-0,528178886019743","0,0217103497450673","0,0206717976873466","0,633717015934457","0,804051979282899","0,14747876006807"
"0,351008697725858","0,98821825359521","1,3055499137775","1,37026235544276","1,18168620400452","1,06194218482457","0,447828936643988","0,841916358016768","1,10394320565359","1,10555523659757","1,03003180064975","1,09225634091709","0,705119465417187","1,06627652745","0,903131784372974","0,570332880512958","0,954787971590519","0,351841015661255","0,523618958829122","-0,251711616141169","0,236314705948183","1,03135291941923","0,371703940297625","0,497476732514392","1,24010860543042","0,937269196529375","0,609356724696929","1,00988843831775","0,630144460282349","0,643531748692426","1,32132588582554","0,634537072746842","0,723838541672841","-0,208100492401428","-0,0244783885328524","0,181656926173523","0,506647422705858","0,671062779429044","0,886780722070262"
"0,141288562738843","0,606322082144254","1,13680255494442","1,11343508865826","0,934344533667754","1,36557075877119","0,0477869493132144","0,907027071759372","1,01849519046631","1,37715726645535","1,08597071528964","0,960614243878513","1,12728471476957","1,17931678667707","0,932294576260586","0,72814987643471","0,880865829194192","0,316520207072252","0,15718430187586","-0,0517584804826743","0,368980416876503","1,08677496924034","0,337836951748972","0,644889122666693","0,363347895571858","1,36728644195163","0,437876551659441","1,02909561547298","0,509814440516511","0,9966704499238","0,634537072746842","2,24716898353231","0,733538472319597","-0,721578466032712","0,428626472069438","0,0559426865740407","0,633483663147985","0,9685686220199","0,259919738649867"
"0,36358274404474","1,02355421185161","1,5549506383329","1,18657450213459","1,27744831373208","1,36135990375469","0,664293330798833","0,789829434147341","1,26076771782744","0,879448850948133","1,18949834937971","0,934389504751375","0,893432095606749","1,26140259464069","0,801824348352741","0,752215947460067","1,11643109809847","0,528066082052086","1,10526746770153","-0,978652474334037","0,446558216663868","0,886781446543362","0,614534272218879","0,538744345851148","0,937135091883993","1,54723286142189","0,475178606055821","0,797702217921248","0,653948280223958","0,396420973776115","0,723838541672841","0,733538472319597","2,0618429866988","-0,314413654293684","-0,0772038828598403","0,306061418894232","0,619484232358034","0,597898817999585","0,744389831439039"
"-0,00122055489175867","-0,0181076022606521","-0,0669165669487617","-0,344428098200508","-0,158425408433648","-0,317719994124562","0,327722906434017","-0,396947717136212","-0,190835355373646","-0,741762400026993","-0,511028297537586","-0,139113574127657","-0,303474129134617","-0,157812105728313","-0,485019130056255","-0,295216128989788","-0,121286081212747","0,218755694585708","0,0983333500709319","0,253863850454402","-0,125193051312183","-0,52285554997087","-0,0316840482609033","-0,207511096139983","-0,313711845513768","-0,571671398321962","-0,251601333807321","-0,501665581076146","-0,0340644296708123","-0,528178886019743","-0,208100492401428","-0,721578466032712","-0,314413654293684","1,53114239676834","-0,025357001468041","0,919738048168737","-0,204141493448141","-0,705523581188059","0,589788757599399"
"0,146230100293935","0,241423360752053","0,75447074028906","0,247191314123766","0,172148812634334","0,196349047898826","0,377357068188027","0,413578191187167","0,0603459336025825","-0,156320095438885","0,245436916035506","0,10756077702291","0,146278446020001","0,392977229441724","0,585043146783978","-0,145524393381325","-0,248114922681174","-0,558438194824351","-0,475542706372802","-0,472367434242792","-0,0550716221811898","-0,402836082611662","-0,396738655231773","-0,302547688121077","-0,191461127195889","0,0210476496591579","0,119720811502038","0,0206893720026198","-0,140537670906203","0,0217103497450673","-0,0244783885328524","0,428626472069438","-0,0772038828598403","-0,025357001468041","3,7681185158176","0,167518623237776","-0,407135349053845","0,646596345870895","-3,35482294976745"
"0,353114098358496","0,713251633932065","0,882821656512187","0,501896148146682","0,422944936653859","0,554104961110175","0,608733077216785","0,255635681468826","0,402466475130591","-0,127869556428921","0,223483868969441","0,367652410938521","0,374496155453952","0,816052453235115","0,258413283301569","0,355810063757583","0,576519614393349","0,560061749564687","0,482029740196897","0,38682377808938","-0,112091721783898","0,116236822686769","0,183592669227504","-0,0553547813249863","0,47972598116567","0,405711829516764","0,372201700059576","0,33375844862034","0,24086503503869","0,0206717976873466","0,181656926173523","0,0559426865740407","0,306061418894232","0,919738048168737","0,167518623237776","2,30372944935436","0,498569706524205","0,747862621302338","-1,42399305503165"
"0,149754556774528","0,348509445470303","0,636873096538248","0,460553092621291","0,387743912681398","0,659429931173403","0,282697642746871","0,661232163182541","0,704457974733952","0,924499731770496","0,645232803358703","0,978259471045757","0,722734103460417","0,762373871306443","0,159409967380602","1,23554144285681","1,38981768399016","1,32827249967907","1,14806908155506","0,903988580151218","0,125704087628","0,883737072681011","0,243819803263254","0,46859734281962","0,712503779043926","0,989792061571982","0,230536990885657","0,561934762595987","0,176004023804584","0,633717015934457","0,506647422705858","0,633483663147985","0,619484232358034","-0,204141493448141","-0,407135349053845","0,498569706524205","2,27357245718499","1,23343262785255","-0,160005381442823"
"0,352006823015926","0,734765813888418","0,941178675409052","1,11245843815317","0,694520566478056","0,947422831962393","0,634635516956487","0,914293270563217","0,701217862261236","0,754134057773516","0,88178711593215","0,610760435737159","0,84506323781216","1,19586774629946","0,756141070284752","0,809222377891227","0,896474793832927","0,633134427383171","0,554950035614712","0,295414847287917","0,16496028202115","0,892259535889559","0,0747676153610691","0,17604623487938","1,01307866964882","1,14595729854809","0,834838487164547","0,893531977077551","0,390855005842523","0,804051979282899","0,671062779429044","0,9685686220199","0,597898817999585","-0,705523581188059","0,646596345870895","0,747862621302338","1,23343262785255","2,49263298317682","-2,77611362944238"
"-0,23957779590332","0,395086772424601","0,362788677120674","0,833312681373374","1,38763937565626","0,735948153992503","-0,49455743425925","0,190112434045299","1,36917151629159","0,804423388598683","0,680619266738424","1,02489931535481","-0,340759350047891","0,069507917263261","0,0193788492365219","0,0444239311470766","0,540999588554576","0,397254980201247","0,817787804691797","-0,258578958615174","0,607778513793297","1,10423757543441","0,974971183448702","0,898841939586646","0,556580927397988","0,424942526340737","-0,285683100586885","0,637881899627066","0,55234590302396","0,14747876006807","0,886780722070262","0,259919738649867","0,744389831439039","0,589788757599399","-3,35482294976745","-1,42399305503165","-0,160005381442823","-2,77611362944238","12,2284263946519"
