"0,344555355320251","0,166534137039886","0,221373681815668","-0,0841729361811238","-0,00387123449527536","0,137455844030147","-0,169573011473621","-0,0104902046849781","0,217079924556667","0,19824671000699","0,270537893997215","0,0615809375487076","0,278701777732527","0,231160532276473","-0,0406023712737134","-0,0446664605236037","0,0575472999029623","0,288357838715679","0,286467742130112","-0,0327987828760476","0,0562156719006892","0,239561791508917","0,198240829399018","0,180788433488694","0,281322907396513","0,200783932907975","0,199067271017793","0,108203819051642","0,00420878031182923","0,176217012081995","0,199697609494648","0,0212587275190934","0,277722667315264","0,361374434614939","0,523458167539002","0,393183345777335","0,493178430647943","0,0544133520370454","0,0419944160369246"
"0,166534137039886","3,06847516579433","1,53254716754403","1,93564571021313","0,870411551553365","0,943341457129784","-0,140610741561961","1,13602436611008","1,06113781795054","0,597512371851919","0,14721928015848","0,314533019342254","-0,159523619972748","-0,287171944934663","1,1431066395664","-0,870296577019574","-0,898274499097495","-0,105076800357986","0,827824394014813","-0,381043884590052","-0,561761658898593","0,266141982794597","-0,0744420217606631","0,17482389172964","0,494199883604587","1,36811134817563","0,642356666716945","0,688837262369841","0,27031598212086","0,791060713908623","0,677409479061396","1,98331003765882","1,41727567386156","-0,00638434041761677","-2,25665512743161","0,818799693047949","-0,586680389258439","0,299548765404166","-0,314225465707347"
"0,221373681815668","1,53254716754403","3,45855742592676","1,58787882407952","1,02370885082784","1,1435209954196","0,342517935452082","0,209095242620332","0,825661432895406","1,03223645665214","0,216628279811555","1,17760441548386","-0,175537823481203","0,0435611764735456","1,20557150600077","0,294510295086254","0,404112623245897","0,479769541859612","1,23165044572153","0,705636786481037","0,249369386246738","0,940346822380098","0,63066707744443","0,194855047739717","0,503791522743613","2,00710028583495","0,711779384185308","-0,525924639375336","0,78465109984866","0,709739461815768","0,599032627921827","2,03974714039348","1,40402406971658","-0,611799784555359","-2,41290357306263","0,552718375642942","0,424446835955374","0,41957173627766","-0,469659663333182"
"-0,0841729361811238","1,93564571021313","1,58787882407952","3,42902153189435","1,23835699805421","0,927933702128298","0,128113076760637","2,26996495391948","0,355993748585906","2,12385332518816","0,337640187338796","0,299958743231224","0,0779272116385356","0,122275124817109","0,994790766550524","-0,872941250735326","-0,964814648475797","0,191411032927579","0,964068373380395","-0,0758785224067468","-1,85811362354254","-0,216222377332308","-1,38774034194609","-0,137689344163388","-0,491149188500233","0,824818960133944","0,497013635609453","0,455717012081992","0,25563706577975","0,739276188213645","0,596479406307978","2,52741841410621","1,74621153445857","0,0823012164954666","-2,96995643241777","0,736212153641941","-0,524910093971077","0,291341198696771","-0,373790424906104"
"-0,00387123449527536","0,870411551553365","1,02370885082784","1,23835699805421","1,57186268559161","0,635958057177044","0,15433932354908","0,68222548079098","1,07799572655374","1,08654805471338","0,157867331603745","0,496285986042613","0,196151710987427","0,294549956760233","0,653649109562523","0,141453841300008","-0,139032284769043","-0,078220744779806","0,610648417726295","-0,327280664032058","-0,320608692701028","0,320385780905118","0,418927820514753","-0,0884509163310592","-0,297390095831386","0,451965692263603","0,399069645182535","0,0845507220035081","0,230845590046811","0,413933584475919","0,529299643523337","1,07162498504205","1,17795684118437","-0,790334469634124","-1,67315305544244","-0,0369962667994084","-0,0605050241086891","0,68984395975685","0,0732520310119614"
"0,137455844030147","0,943341457129784","1,1435209954196","0,927933702128298","0,635958057177044","1,27422609607775","0,12700394977651","-0,0593725854865261","0,374451512260483","0,399978307213492","-0,0511524306026909","0,13677801207697","0,0354797239442696","0,128303056070912","-0,0282792005420036","0,154081917231047","0,133229686737963","0,691907037020275","0,823644870808633","0,234798855780301","-0,117489034194609","0,191534617579478","0,437033066604321","0,309877550643316","0,32206991027749","1,43382438571881","0,411064885540321","0,544465304488387","-0,119127578045261","0,131724072733307","0,245189906280325","0,905161842290499","0,887465968671281","-0,0854547303548166","-0,444648075579088","0,797440065538409","0,477728214197723","0,232609134651642","-0,313066748118316"
"-0,169573011473621","-0,140610741561961","0,342517935452082","0,128113076760637","0,15433932354908","0,12700394977651","1,24641382553761","-0,0649914739731829","0,103784282722697","-0,761637027065076","0,322312452926478","0,647484535247952","-0,545966329673036","-0,492091928870588","-0,303215340689122","0,143552775138141","0,181553701650653","0,337608189913068","0,09281185196917","0,29494071991694","0,347736337239996","0,0970555916305914","0,252077038679477","-0,180721563192906","0,183888940801746","0,658324052370394","-0,0471105233519874","-0,152097195825855","-0,180737832154295","-0,509867358251505","-0,0631318938514063","-0,431816107943548","-0,0140512749445671","-0,635003177242812","-0,332582745574214","0,117989053426247","0,133740548340547","0,098763567733079","-0,23973192376729"
"-0,0104902046849781","1,13602436611008","0,209095242620332","2,26996495391948","0,68222548079098","-0,0593725854865261","-0,0649914739731829","3,30386206615683","0,576203372701628","2,28364275080319","0,75211551201412","0,179317886933048","0,654393038900702","0,664274211502782","0,941198083623698","-0,516310483128947","-0,849240627781044","-0,0557751776098513","0,551155096007358","-0,776779657450564","-2,11648046970451","-0,508924071979125","-2,30908923329864","-0,0582560266678731","-0,168122074151164","-0,865697141650449","0,276830117501546","0,0786609039624686","-0,0164651726322444","0,618226035114712","0,356918420139675","0,869104640481468","1,10015730576044","0,24154650210417","-2,09647415493913","0,342077949228472","-0,716219232393628","0,684118117712715","-0,189008015445646"
"0,217079924556667","1,06113781795054","0,825661432895406","0,355993748585906","1,07799572655374","0,374451512260483","0,103784282722697","0,576203372701628","1,73671332023571","1,09598233353947","0,551644975514228","0,742705112347972","0,557860637610549","0,496435828041489","0,834429316686025","0,263611224238403","0,0612750216198836","-0,0673492734714004","0,849986740727332","-0,4277540671775","0,156846970451152","0,617485991950364","1,0661781691982","0,14834288165377","0,531850146436995","0,679159403140415","0,463288327274738","0,0347621492425485","0,283185449442157","0,378572040212981","0,741766658119271","0,224586542251784","0,942826595848982","-0,2912262944276","-0,811692945884931","0,222830715944915","0,246226568824127","0,616078240342699","0,302639814018733"
"0,19824671000699","0,597512371851919","1,03223645665214","2,12385332518816","1,08654805471338","0,399978307213492","-0,761637027065076","2,28364275080319","1,09598233353947","9,91902888617382","0,336105943205079","0,896459282974106","5,05142635664761","3,72824892855885","1,87207150600078","-0,0617511292617557","0,499615210089953","1,14419990296192","2,2803399030122","0,664827194040956","-1,49937627946966","1,01848278479167","-0,784096258000615","0,333646389731054","0,104911246109684","-0,0871268390726532","0,465367727549258","0,690517710957254","0,758429544574669","0,956661207143612","1,38429385165744","2,15441812022665","2,03303334540024","0,485993030353308","-3,57728532261391","0,318093695038986","1,47341074684122","1,57176402325897","0,637045061616665"
"0,270537893997215","0,14721928015848","0,216628279811555","0,337640187338796","0,157867331603745","-0,0511524306026909","0,322312452926478","0,75211551201412","0,551644975514228","0,336105943205079","1,5067336605226","0,681184342931555","0,461227449834333","0,643016716316979","-0,125664295392955","-0,285582970069034","0,00986814121805404","0,455963846277611","0,449838328280316","-0,125516026240503","0,0719403743759138","0,546847837131897","-0,0232714899115601","0,206600951400516","0,813191252369386","-0,129094954522829","0,301348480071999","0,0341893088425328","0,0361211426107768","-0,143311248623618","0,571977010020565","-0,511106863935522","0,361217463459887","0,538218228703158","1,068633906763","0,805887029201925","0,787911475380989","0,480890240885712","0,183812595592561"
"0,0615809375487076","0,314533019342254","1,17760441548386","0,299958743231224","0,496285986042613","0,13677801207697","0,647484535247952","0,179317886933048","0,742705112347972","0,896459282974106","0,681184342931555","2,15937582947443","0,340925058197711","0,707023323579249","1,2562733836624","0,428540766047732","0,341621380555177","0,169193804143985","0,746458291476239","0,240308731415702","0,462229082763926","1,23475830379454","0,538837124857333","0,311631241986816","1,39294138296856","0,593538442915968","0,142334278574696","-0,260776273938988","0,0117033611375069","-0,53036667119176","0,556810186986842","-0,290184697145672","0,422447807593108","-0,23877186046629","0,227606434428902","0,442402007632321","0,122575727659879","0,618945231307603","0,261223621732506"
"0,278701777732527","-0,159523619972748","-0,175537823481203","0,0779272116385356","0,196151710987427","0,0354797239442696","-0,545966329673036","0,654393038900702","0,557860637610549","5,05142635664761","0,461227449834333","0,340925058197711","4,77962420760618","3,02406017152611","0,470427574525745","-1,11576773634805","-0,110285197545388","0,0986665160816716","0,148137908955157","-0,502708436907653","-0,432873574219045","0,809846926834295","0,120680636881506","0,417386955292092","0,516388287680186","-1,8906904837323","0,444799793102753","0,973620777838111","0,562168096469926","0,2020338107305","0,896096101382164","0,323494714567272","-0,0913372841154185","0,965912241252743","0,00463137874513187","0,806113194790107","1,17336736177101","0,615243950706668","-0,0613599499223192"
"0,231160532276473","-0,287171944934663","0,0435611764735456","0,122275124817109","0,294549956760233","0,128303056070912","-0,492091928870588","0,664274211502782","0,496435828041489","3,72824892855885","0,643016716316979","0,707023323579249","3,02406017152611","3,22247069538089","0,519470547812622","0,307329058378711","0,645534773192353","0,871357713270082","0,67826622094514","0,217312932837584","-0,349732684736867","0,86739656708951","0,00237099843632845","0,621734179902559","1,08581051945538","-1,18911892694994","0,390185927467808","0,348793522457024","0,286902490937247","0,117286380228366","0,790882857947318","-0,090541575159259","-0,032407722445964","0,533413847660278","1,15150365049198","0,893066728886678","1,41326295885686","1,27883087696276","0,260730104680453"
"-0,0406023712737134","1,1431066395664","1,20557150600077","0,994790766550524","0,653649109562523","-0,0282792005420036","-0,303215340689122","0,941198083623698","0,834429316686025","1,87207150600078","-0,125664295392955","1,2562733836624","0,470427574525745","0,519470547812622","3,3509439701897","-0,0849520518776609","-0,386267934572204","-1,23246356949284","0,330273461091752","-0,507566889276035","-0,864122706155632","0,830035259388309","-0,12441116918312","0,391306242741001","0,266465572977159","0,183831242740998","0,438901316298879","-0,0639552168021669","0,693360849787069","0,697419047619048","0,666519144405731","1,66002931668603","0,75147244483159","-0,184971999612851","-0,714860433604323","-0,390529645760738","-1,48685692992644","-0,206642218350753","0,225025842044135"
"-0,0446664605236037","-0,870296577019574","0,294510295086254","-0,872941250735326","0,141453841300008","0,154081917231047","0,143552775138141","-0,516310483128947","0,263611224238403","-0,0617511292617557","-0,285582970069034","0,428540766047732","-1,11576773634805","0,307329058378711","-0,0849520518776609","2,90503261786607","1,8523773174754","1,17199473706704","1,16036758601445","0,653392168071959","0,547408640662474","0,0919985876686234","0,516735292195223","0,234458218320589","0,32402826623628","0,975766232257869","-0,20974162304981","-0,828960172908779","-0,568348750571921","-0,0238771709127108","-0,246787831777204","-0,736422179988032","0,462783340875152","-1,09261110206093","0,240797946111193","-0,641121652563462","0,526118764298035","0,87908540507112","0,528343342081844"
"0,0575472999029623","-0,898274499097495","0,404112623245897","-0,964814648475797","-0,139032284769043","0,133229686737963","0,181553701650653","-0,849240627781044","0,0612750216198836","0,499615210089953","0,00986814121805404","0,341621380555177","-0,110285197545388","0,645534773192353","-0,386267934572204","1,8523773174754","2,04878654828524","1,41434997410642","1,05071872105827","1,01722989640054","0,79169867339397","0,415991283793636","0,729970753075805","0,259787288640512","0,239426980733164","0,842860546480231","-0,0951391998632416","-0,39615400407761","0,124101869742723","-0,44540338778527","-0,00655898582640741","-0,627606777707387","0,118728972276273","-0,615386582474823","1,28777371424549","-0,475023539903765","1,28326472565375","0,469502119251249","0,216307084030952"
"0,288357838715679","-0,105076800357986","0,479769541859612","0,191411032927579","-0,078220744779806","0,691907037020275","0,337608189913068","-0,0557751776098513","-0,0673492734714004","1,14419990296192","0,455963846277611","0,169193804143985","0,0986665160816716","0,871357713270082","-1,23246356949284","1,17199473706704","1,41434997410642","2,94825852401566","1,78796901820595","1,35062361997275","0,0655242959711604","0,218048976323714","0,151612980728138","0,146826803626105","0,959847361620185","1,33975467819057","0,214377531160283","0,38200689900498","-0,492899058529545","-0,282788481379247","0,140662888717941","-0,106212784640838","0,90265228743382","0,16702188158338","0,981958685410597","0,648661813505888","2,45035567345933","0,790913125782461","0,326550874096867"
"0,286467742130112","0,827824394014813","1,23165044572153","0,964068373380395","0,610648417726295","0,823644870808633","0,09281185196917","0,551155096007358","0,849986740727332","2,2803399030122","0,449838328280316","0,746458291476239","0,148137908955157","0,67826622094514","0,330273461091752","1,16036758601445","1,05071872105827","1,78796901820595","2,80527149795617","0,968832573872121","0,0170505633739086","0,72251671493431","0,362143156553087","0,278595078208665","0,624067943496688","1,85102167518892","0,342217851486491","-0,105315332518817","-0,000580915426036412","0,605809725930283","0,708984592817172","0,847865246542074","2,16104566269967","0,0781113806054547","-0,908413640134556","0,458259996681597","1,24842561503537","0,775781662066156","0,473736611008039"
"-0,0327987828760476","-0,381043884590052","0,705636786481037","-0,0758785224067468","-0,327280664032058","0,234798855780301","0,29494071991694","-0,776779657450564","-0,4277540671775","0,664827194040956","-0,125516026240503","0,240308731415702","-0,502708436907653","0,217312932837584","-0,507566889276035","0,653392168071959","1,01722989640054","1,35062361997275","0,968832573872121","2,94235842031565","0,719077207867626","0,280229827769985","0,382712950309466","-0,228320371585441","0,439688209748053","1,65569266558065","-0,130794558325917","-0,4177582011001","0,235354551613698","-0,500845284100336","-0,0784197449859473","-0,304491810966812","-0,451648479946302","-0,194465343957243","-0,698228798688731","-0,167531089264975","1,23647299827544","0,418062387438345","0,111564786491093"
"0,0562156719006892","-0,561761658898593","0,249369386246738","-1,85811362354254","-0,320608692701028","-0,117489034194609","0,347736337239996","-2,11648046970451","0,156846970451152","-1,49937627946966","0,0719403743759138","0,462229082763926","-0,432873574219045","-0,349732684736867","-0,864122706155632","0,547408640662474","0,79169867339397","0,0655242959711604","0,0170505633739086","0,719077207867626","2,5979015867988","0,984820022776295","1,79790023002549","0,0682746044315733","0,680489706924899","0,840381805360725","-0,232959311884399","-0,775808449100261","0,200276892619575","-0,390144882121363","-0,0368712498303096","-1,30394968852286","-0,509156334374105","-0,486934349216404","0,529747748012732","0,0772969055915053","1,01453598880794","0,429456573449779","0,179083646318838"
"0,239561791508917","0,266141982794597","0,940346822380098","-0,216222377332308","0,320385780905118","0,191534617579478","0,0970555916305914","-0,508924071979125","0,617485991950364","1,01848278479167","0,546847837131897","1,23475830379454","0,809846926834295","0,86739656708951","0,830035259388309","0,0919985876686234","0,415991283793636","0,218048976323714","0,72251671493431","0,280229827769985","0,984820022776295","1,73477713006119","1,04453157558663","0,689927353047649","1,11228294103303","0,338215070817685","0,288586425730677","-0,113131282084157","0,369234786013444","0,0404555236285207","0,788475873216989","0,105702355435892","0,477420071421029","-0,0468633378332851","0,48667454309144","0,473213858470218","1,01114478055819","0,344437089159388","0,276353853115525"
"0,198240829399018","-0,0744420217606631","0,63066707744443","-1,38774034194609","0,418927820514753","0,437033066604321","0,252077038679477","-2,30908923329864","1,0661781691982","-0,784096258000615","-0,0232714899115601","0,538837124857333","0,120680636881506","0,00237099843632845","-0,12441116918312","0,516735292195223","0,729970753075805","0,151612980728138","0,362143156553087","0,382712950309466","1,79790023002549","1,04453157558663","3,13653693329512","0,142156422613392","0,611290247170561","1,36143116128935","0,210191381460197","0,00134137316419549","0,327627598282475","-0,259904960254612","0,514630953386528","-0,504716378066378","-0,097314538365236","-0,256329010111065","1,18720591328919","0,0339398208063721","1,10413460739802","-0,14963801529481","0,479411019352309"
"0,180788433488694","0,17482389172964","0,194855047739717","-0,137689344163388","-0,0884509163310592","0,309877550643316","-0,180721563192906","-0,0582560266678731","0,14834288165377","0,333646389731054","0,206600951400516","0,311631241986816","0,417386955292092","0,621734179902559","0,391306242741001","0,234458218320589","0,259787288640512","0,146826803626105","0,278595078208665","-0,228320371585441","0,0682746044315733","0,689927353047649","0,142156422613392","0,853530039443717","0,63940532037649","0,0616820429280363","0,167216049745841","0,243345919498619","-0,0503109307359312","0,110556543282501","0,325083554308641","0,158526689367543","0,221946614100183","0,292451320195486","0,99301974146644","0,75103224240916","0,284925736458663","-0,0351302547626599","-0,180494830082808"
"0,281322907396513","0,494199883604587","0,503791522743613","-0,491149188500233","-0,297390095831386","0,32206991027749","0,183888940801746","-0,168122074151164","0,531850146436995","0,104911246109684","0,813191252369386","1,39294138296856","0,516388287680186","1,08581051945538","0,266465572977159","0,32402826623628","0,239426980733164","0,959847361620185","0,624067943496688","0,439688209748053","0,680489706924899","1,11228294103303","0,611290247170561","0,63940532037649","3,40822762103363","0,74156527972608","0,305366037930325","0,336052677220187","-0,436672884771056","-0,393624407590087","0,460172815763408","-1,55735544733045","-0,1289450476643","0,439567311366528","1,26591400264467","1,39710385349262","1,07226802519974","0,843452325897101","0,098077125661795"
"0,200783932907975","1,36811134817563","2,00710028583495","0,824818960133944","0,451965692263603","1,43382438571881","0,658324052370394","-0,865697141650449","0,679159403140415","-0,0871268390726532","-0,129094954522829","0,593538442915968","-1,8906904837323","-1,18911892694994","0,183831242740998","0,975766232257869","0,842860546480231","1,33975467819057","1,85102167518892","1,65569266558065","0,840381805360725","0,338215070817685","1,36143116128935","0,0616820429280363","0,74156527972608","5,5137224610465","0,238183529420638","0,0492703387785288","0,13211070108753","0,111537902167519","0,14217873433187","1,22143949424559","1,78315750260193","-0,644235758782449","-1,46325162903299","0,804733549029368","1,02450825678387","0,660361034435948","-0,00901922032671136"
"0,199067271017793","0,642356666716945","0,711779384185308","0,497013635609453","0,399069645182535","0,411064885540321","-0,0471105233519874","0,276830117501546","0,463288327274738","0,465367727549258","0,301348480071999","0,142334278574696","0,444799793102753","0,390185927467808","0,438901316298879","-0,20974162304981","-0,0951391998632416","0,214377531160283","0,342217851486491","-0,130794558325917","-0,232959311884399","0,288586425730677","0,210191381460197","0,167216049745841","0,305366037930325","0,238183529420638","0,607390009603251","0,349104627157588","0,217362631541899","0,459488632969818","0,380828096545344","0,848247680639145","0,528641047860385","-0,0570081486844542","0,122301090295693","0,331752812344451","0,385247568014641","0,275613901835678","-0,135124112704949"
"0,108203819051642","0,688837262369841","-0,525924639375336","0,455717012081992","0,0845507220035081","0,544465304488387","-0,152097195825855","0,0786609039624686","0,0347621492425485","0,690517710957254","0,0341893088425328","-0,260776273938988","0,973620777838111","0,348793522457024","-0,0639552168021669","-0,828960172908779","-0,39615400407761","0,38200689900498","-0,105315332518817","-0,4177582011001","-0,775808449100261","-0,113131282084157","0,00134137316419549","0,243345919498619","0,336052677220187","0,0492703387785288","0,349104627157588","2,14111678494753","-0,518018524091085","-0,396807816341614","0,239755348909704","0,821205375180373","0,110018354148755","0,513257144993991","1,09121230648948","0,690215459598472","0,268987753845068","-0,289212537520552","-0,0834880831711844"
"0,00420878031182923","0,27031598212086","0,78465109984866","0,25563706577975","0,230845590046811","-0,119127578045261","-0,180737832154295","-0,0164651726322444","0,283185449442157","0,758429544574669","0,0361211426107768","0,0117033611375069","0,562168096469926","0,286902490937247","0,693360849787069","-0,568348750571921","0,124101869742723","-0,492899058529545","-0,000580915426036412","0,235354551613698","0,200276892619575","0,369234786013444","0,327627598282475","-0,0503109307359312","-0,436672884771056","0,13211070108753","0,217362631541899","-0,518018524091085","1,28995410639496","0,451655728011825","0,287326278464083","0,739270345440467","0,0430116909513258","-0,0983290351247672","-0,194972076162322","-0,299700261324042","0,0710947559215854","-0,295147941083307","-0,351136474501109"
"0,176217012081995","0,791060713908623","0,709739461815768","0,739276188213645","0,413933584475919","0,131724072733307","-0,509867358251505","0,618226035114712","0,378572040212981","0,956661207143612","-0,143311248623618","-0,53036667119176","0,2020338107305","0,117286380228366","0,697419047619048","-0,0238771709127108","-0,44540338778527","-0,282788481379247","0,605809725930283","-0,500845284100336","-0,390144882121363","0,0404555236285207","-0,259904960254612","0,110556543282501","-0,393624407590087","0,111537902167519","0,459488632969818","-0,396807816341614","0,451655728011825","2,13423391707015","0,371849467547551","1,83274254038644","1,30858404000181","-0,0881142623346458","-1,87229142344299","0,162287008461923","-0,0819724105163114","0,0965660904716657","-0,128616193040409"
"0,199697609494648","0,677409479061396","0,599032627921827","0,596479406307978","0,529299643523337","0,245189906280325","-0,0631318938514063","0,356918420139675","0,741766658119271","1,38429385165744","0,571977010020565","0,556810186986842","0,896096101382164","0,790882857947318","0,666519144405731","-0,246787831777204","-0,00655898582640741","0,140662888717941","0,708984592817172","-0,0784197449859473","-0,0368712498303096","0,788475873216989","0,514630953386528","0,325083554308641","0,460172815763408","0,14217873433187","0,380828096545344","0,239755348909704","0,287326278464083","0,371849467547551","1,0081240398007","0,534899538943442","0,790056719006894","0,325076138689031","-0,223650212176517","0,467068325866933","0,572991760813712","0,463020629892755","0,303140562921399"
"0,0212587275190934","1,98331003765882","2,03974714039348","2,52741841410621","1,07162498504205","0,905161842290499","-0,431816107943548","0,869104640481468","0,224586542251784","2,15441812022665","-0,511106863935522","-0,290184697145672","0,323494714567272","-0,090541575159259","1,66002931668603","-0,736422179988032","-0,627606777707387","-0,106212784640838","0,847865246542074","-0,304491810966812","-1,30394968852286","0,105702355435892","-0,504716378066378","0,158526689367543","-1,55735544733045","1,22143949424559","0,848247680639145","0,821205375180373","0,739270345440467","1,83274254038644","0,534899538943442","4,94686143402668","2,10249580561714","-0,327211756062364","-2,91832175412663","0,416846544715448","-0,436587642980329","-0,299328988491185","-0,484825340513145"
"0,277722667315264","1,41727567386156","1,40402406971658","1,74621153445857","1,17795684118437","0,887465968671281","-0,0140512749445671","1,10015730576044","0,942826595848982","2,03303334540024","0,361217463459887","0,422447807593108","-0,0913372841154185","-0,032407722445964","0,75147244483159","0,462783340875152","0,118728972276273","0,90265228743382","2,16104566269967","-0,451648479946302","-0,509156334374105","0,477420071421029","-0,097314538365236","0,221946614100183","-0,1289450476643","1,78315750260193","0,528641047860385","0,110018354148755","0,0430116909513258","1,30858404000181","0,790056719006894","2,10249580561714","3,19036862942516","-0,312372993121864","-1,6056243909981","0,341777405840382","0,472376860943931","0,87322309833024","0,217249332548984"
"0,361374434614939","-0,00638434041761677","-0,611799784555359","0,0823012164954666","-0,790334469634124","-0,0854547303548166","-0,635003177242812","0,24154650210417","-0,2912262944276","0,485993030353308","0,538218228703158","-0,23877186046629","0,965912241252743","0,533413847660278","-0,184971999612851","-1,09261110206093","-0,615386582474823","0,16702188158338","0,0781113806054547","-0,194465343957243","-0,486934349216404","-0,0468633378332851","-0,256329010111065","0,292451320195486","0,439567311366528","-0,644235758782449","-0,0570081486844542","0,513257144993991","-0,0983290351247672","-0,0881142623346458","0,325076138689031","-0,327211756062364","-0,312372993121864","2,78984245277564","1,7394035956881","1,80407277667165","0,281790367085492","-1,15709087666109","0,0777918819856103"
"0,523458167539002","-2,25665512743161","-2,41290357306263","-2,96995643241777","-1,67315305544244","-0,444648075579088","-0,332582745574214","-2,09647415493913","-0,811692945884931","-3,57728532261391","1,068633906763","0,227606434428902","0,00463137874513187","1,15150365049198","-0,714860433604323","0,240797946111193","1,28777371424549","0,981958685410597","-0,908413640134556","-0,698228798688731","0,529747748012732","0,48667454309144","1,18720591328919","0,99301974146644","1,26591400264467","-1,46325162903299","0,122301090295693","1,09121230648948","-0,194972076162322","-1,87229142344299","-0,223650212176517","-2,91832175412663","-1,6056243909981","1,7394035956881","13,5135243052728","0,180253617056589","1,6261837855911","-1,50365182738284","0,500155404467775"
"0,393183345777335","0,818799693047949","0,552718375642942","0,736212153641941","-0,0369962667994084","0,797440065538409","0,117989053426247","0,342077949228472","0,222830715944915","0,318093695038986","0,805887029201925","0,442402007632321","0,806113194790107","0,893066728886678","-0,390529645760738","-0,641121652563462","-0,475023539903765","0,648661813505888","0,458259996681597","-0,167531089264975","0,0772969055915053","0,473213858470218","0,0339398208063721","0,75103224240916","1,39710385349262","0,804733549029368","0,331752812344451","0,690215459598472","-0,299700261324042","0,162287008461923","0,467068325866933","0,416846544715448","0,341777405840382","1,80407277667165","0,180253617056589","3,85949239671479","1,05634419279907","0,225566285050605","-1,00438496764559"
"0,493178430647943","-0,586680389258439","0,424446835955374","-0,524910093971077","-0,0605050241086891","0,477728214197723","0,133740548340547","-0,716219232393628","0,246226568824127","1,47341074684122","0,787911475380989","0,122575727659879","1,17336736177101","1,41326295885686","-1,48685692992644","0,526118764298035","1,28326472565375","2,45035567345933","1,24842561503537","1,23647299827544","1,01453598880794","1,01114478055819","1,10413460739802","0,284925736458663","1,07226802519974","1,02450825678387","0,385247568014641","0,268987753845068","0,0710947559215854","-0,0819724105163114","0,572991760813712","-0,436587642980329","0,472376860943931","0,281790367085492","1,6261837855911","1,05634419279907","3,80799149685003","1,06148911941716","0,351278354978355"
"0,0544133520370454","0,299548765404166","0,41957173627766","0,291341198696771","0,68984395975685","0,232609134651642","0,098763567733079","0,684118117712715","0,616078240342699","1,57176402325897","0,480890240885712","0,618945231307603","0,615243950706668","1,27883087696276","-0,206642218350753","0,87908540507112","0,469502119251249","0,790913125782461","0,775781662066156","0,418062387438345","0,429456573449779","0,344437089159388","-0,14963801529481","-0,0351302547626599","0,843452325897101","0,660361034435948","0,275613901835678","-0,289212537520552","-0,295147941083307","0,0965660904716657","0,463020629892755","-0,299328988491185","0,87322309833024","-1,15709087666109","-1,50365182738284","0,225566285050605","1,06148911941716","3,35939878727544","0,309095716246588"
"0,0419944160369246","-0,314225465707347","-0,469659663333182","-0,373790424906104","0,0732520310119614","-0,313066748118316","-0,23973192376729","-0,189008015445646","0,302639814018733","0,637045061616665","0,183812595592561","0,261223621732506","-0,0613599499223192","0,260730104680453","0,225025842044135","0,528343342081844","0,216307084030952","0,326550874096867","0,473736611008039","0,111564786491093","0,179083646318838","0,276353853115525","0,479411019352309","-0,180494830082808","0,098077125661795","-0,00901922032671136","-0,135124112704949","-0,0834880831711844","-0,351136474501109","-0,128616193040409","0,303140562921399","-0,484825340513145","0,217249332548984","0,0777918819856103","0,500155404467775","-1,00438496764559","0,351278354978355","0,309095716246588","1,53807180415403"
