"0,23210041882237","0,0611862017386409","0,221296466406223","0,209040641607715","0,0298467338894168","0,187906579734628","-0,0162604863970719","0,292689511843171","0,055347839017351","0,15566149825784","-0,124596559673389","-0,0134433076408685","0,0513782124379688","0,0528118484496538","0,146477631717876","0,227941088586211","0,249926433322775","0,143365190229825","-0,00162674479991553","-0,123208022736071","-0,283594632738535","0,0307800425861403","-0,144128469362616","0,0193907102382711","0,06838396860592","0,0414266022595295","0,0724136011684794","0,151327522612889","0,0711446221799883","0,070739789884912","0,0971599778270514","0,20190083764474","0,108114285714286","-0,122698615070566","-0,0267654682715652","0,0361914774926968","0,173348432055749","0,0256837715130398","-0,040379486502657"
"0,0611862017386409","1,09644710155311","0,393521415876033","0,770431043888362","0,519819481902147","0,389141400691837","-0,102895656917609","0,663037316419547","0,507788093101246","0,203650161772028","-6,49E-05","0,230544073764022","0,0626619100411783","0,0856270191964449","0,200732612712492","0,213202949982655","0,309579893509511","0,255882051475432","-0,0543510543463499","-0,0357197857117718","-0,151046988425822","0,309638823903545","-0,15856348640713","0,0996351949057526","0,105089988486156","-0,0575229991553158","0,229434136034311","0,195200922615905","0,150671126772956","0,0167359454424793","0,501716381585895","0,202019968600893","0,20012568856811","0,190152928739863","0,0353402378689859","0,00029377095997165","0,313478704164593","0,14067817397469","0,139941568371622"
"0,221296466406223","0,393521415876033","1,28762279125249","0,459008920212578","0,149235890889984","0,598993728348692","0,0209507144616903","0,360203907165231","0,387925314745264","0,762421855815497","0,0243765199280018","0,629911338245572","0,495015082884596","0,33732312636067","0,344666157216765","0,350111383999274","0,469519793504984","0,239858875715844","0,327188379564686","-0,16515744779804","-0,196495904917768","0,25299908882252","0,0591702612234848","0,154813739435168","0,655088615372239","0,479080089219724","0,0351236606985734","-0,0774174904847382","0,116359054834054","0,0712070549949461","0,280654339562876","0,449572852341232","0,449225323544051","0,490593622386132","0,452872624703981","0,29152819986827","0,426898249543719","-0,172568170505454","0,0883474922193568"
"0,209040641607715","0,770431043888362","0,459008920212578","1,7668953190441","1,08433740013374","0,678179222538977","0,557696440009855","1,81694666525886","0,777372366522368","0,212992334494774","-0,23342433393165","0,291897326927816","-0,0114723418857557","0,00505964699257482","0,765159597719353","0,314393971069579","0,324021412733608","0,205663432231726","0,0382260057016163","-0,471719140886214","-1,1974701685848","0,337730623306234","-0,669425840284378","0,0495254425791012","0,212097314609509","0,0603763858093144","0,551122871572873","0,623616304156548","0,271893239010312","0,0345305300390663","0,764442931052689","0,241633954527858","0,539949651567944","-0,137769953894344","-0,393466344630979","0,0947715429556884","0,0738266550522644","0,102382995459824","-0,126948143455459"
"0,0298467338894168","0,519819481902147","0,149235890889984","1,08433740013374","1,31458280603446","0,425916269087088","0,494090854538416","1,01836602661759","0,926738636112242","-0,0224005599800897","0,0331818115198776","0,250518023565671","0,0897365642487595","0,094827976253325","0,341467603737725","0,266390551985761","0,319419101920147","0,172664206022394","0,0395185611716971","-0,184943834311256","-0,488595950671473","0,407323808141143","0,00862850040977319","0,0267680086077296","-0,37814820404141","-0,195916394784078","0,513827180214288","0,272497374189883","0,227042777073875","-0,0541249374028995","0,526883254144229","0,115671412859305","0,229298552347768","-0,116564773418606","0,214128189058328","-0,0805486223609912","0,117145926663348","0,14228004510008","0,0206492414186658"
"0,187906579734628","0,389141400691837","0,598993728348692","0,678179222538977","0,425916269087088","0,975172080058924","0,183172160630699","0,70037824738173","0,301240180676857","0,262964406006301","-0,207689663810829","0,252846614602975","0,260615821982896","0,10285951387946","0,35258513092598","0,458866450593537","0,423165868742173","0,187305622677747","-0,0477625141409114","-0,0594295214464193","-0,402277976253322","0,372837123223272","-0,302100770899635","0,397889134752201","0,172184763513682","0,402907071586951","0,256319173064643","0,423651289148327","0,0339754557772834","-0,00053163830942804","0,298666576919016","0,481037412829136","0,138926493280237","0,144012132776246","0,323143050967608","0,110260091457132","0,283204620872737","0,156074070470757","0,16458852600168"
"-0,0162604863970719","-0,102895656917609","0,0209507144616903","0,557696440009855","0,494090854538416","0,183172160630699","1,92303512476683","0,2722356438954","0,330270358638648","-1,63955354239256","-0,305332840601135","0,415161874846019","-0,344598395100834","-0,278397267096047","0,0856862738887153","0,149865510505757","-0,111261535212753","-0,19788361489459","0,204946916904234","0,335851898778728","-0,0929157463133083","0,304225416182734","0,196976336536092","0,0505402474219541","-0,141246290430436","0,333946235877941","0,0713101872382355","0,0561317002780416","0,163219906380883","-0,160399398162811","-0,00399944039700306","-0,255314410657094","-0,0451225319396036","0,474955150811247","-0,657191505648819","0,793601828388414","-0,310618815331009","-0,103769564987856","-0,523296894027383"
"0,292689511843171","0,663037316419547","0,360203907165231","1,81694666525886","1,01836602661759","0,70037824738173","0,2722356438954","2,63442999934638","0,879384753960714","0,484976787788287","-0,195381556732078","0,356204207329645","-0,133507486009925","-0,320644322266969","1,36739477879844","0,187236893072084","0,16650126400893","-0,0379587731470993","-0,129528638550763","-0,99473714924255","-1,79663226717147","0,249734729826891","-1,29752286503663","0,164714521270445","0,407201196383949","-0,027778835392247","0,638448537892616","0,966828681036347","0,226936196459367","0,2273223275563","1,00866440713758","0,531265874524238","0,60421456777833","-0,751077617137024","-0,40565697467457","-0,342824754010993","-0,107451841712296","0,327655758179102","-0,120197194694579"
"0,055347839017351","0,507788093101246","0,387925314745264","0,777372366522368","0,926738636112242","0,301240180676857","0,330270358638648","0,879384753960714","1,42609223481706","0,0916618093578951","0,299971742185416","0,496929150514601","0,403395480941823","0,167924873800225","0,290857588955765","0,0334380179344506","0,0931810330784224","0,144992367427385","0,238508087092931","-0,410635871406953","-0,307887062134538","0,398577311819039","0,632250706794171","0,100569087339296","0,113079313292207","0,0625512432689243","0,464165683716207","0,325656773056599","0,00883362985253401","-0,00685104341070977","0,407108663287931","0,341585237517033","0,467269342127096","0,299506952551899","0,319790099099515","0,19955332921047","0,0667195619711325","-0,22785297675611","-0,120391606080719"
"0,15566149825784","0,203650161772028","0,762421855815497","0,212992334494774","-0,0224005599800897","0,262964406006301","-1,63955354239256","0,484976787788287","0,0916618093578951","5,49508483076157","0,708162091421938","0,151988447818157","2,52575307781649","2,053868744815","1,03207116724739","0,113236008793758","0,401337970798073","0,556279948564792","0,188687025053925","-0,226854430064708","-0,285607719429234","0,18901325286212","-0,599656118300979","0,420817106354738","0,435999452463912","0,326646428571434","0,271340559150491","0,136862999834081","0,14280769454123","0,620114115646257","0,719565795586532","1,19197665920027","0,152658383109339","-0,0704334577733508","0,575073096067691","-0,737597685415631","1,16601238592998","0,220889223494272","0,782884490625522"
"-0,124596559673389","-6,49E-05","0,0243765199280018","-0,23342433393165","0,0331818115198776","-0,207689663810829","-0,305332840601135","-0,195381556732078","0,299971742185416","0,708162091421938","0,693449339965105","0,131717873232072","0,615745607644388","0,59089110454973","0,0833983660648328","-0,209858429868618","-0,112025971009244","-0,0225501857801494","0,120203572559845","-0,178450043239764","0,521470581499412","0,166117970521543","0,355878368679323","-0,0202502302768853","0,465199838353672","-0,167613396156689","0,0680483631737994","-0,000769051641350973","0,0393899174673579","0,115723668114698","0,0730516471333556","0,00264386837514169","-0,143581437697029","0,0993266035164983","0,749260163355815","-0,0317614987606301","0,0606712377634005","-0,0896940487503185","0,0259686945362037"
"-0,0134433076408685","0,230544073764022","0,629911338245572","0,291897326927816","0,250518023565671","0,252846614602975","0,415161874846019","0,356204207329645","0,496929150514601","0,151988447818157","0,131717873232072","1,03495438393391","0,187481089642066","0,102795800086482","0,369553127969595","0,222652935653199","0,303737012232833","0,0746945960350162","0,409611337617088","0,189704726960999","-0,097078389796423","0,42427814141917","0,107635594496479","0,271065316429602","0,224466546500345","0,689509948791047","-0,0349062079229318","0,0601515390339433","0,137078825713583","0,0436717351463889","0,269400834125227","0,35662904342077","0,426140024058404","0,403734069917693","0,25987707060652","0,180617976932086","-0,0472910817985706","-0,321368945050302","-0,120440348105242"
"0,0513782124379688","0,0626619100411783","0,495015082884596","-0,0114723418857557","0,0897365642487595","0,260615821982896","-0,344598395100834","-0,133507486009925","0,403395480941823","2,52575307781649","0,615745607644388","0,187481089642066","3,08108053003907","2,31880485165241","-0,413039040228063","-0,613680962939498","-0,522141041072749","-0,177414613029247","-0,392656377362474","0,259093047196705","0,360918736141906","0,319416085946574","0,335915309893358","0,280542424242424","0,342579379157429","-0,688363668039276","0,0210859360152046","-0,192523408299018","-0,346632166613874","0,0503807359307361","0,190204513778904","0,103792719881744","-0,912341637630661","0,634339214444093","1,55875635624538","0,60396430683138","0,594398838559815","0,286002893041917","-0,342163045084996"
"0,0528118484496538","0,0856270191964449","0,33732312636067","0,00505964699257482","0,094827976253325","0,10285951387946","-0,278397267096047","-0,320644322266969","0,167924873800225","2,053868744815","0,59089110454973","0,102795800086482","2,31880485165241","2,59170524747223","-0,153623981100201","0,148663904475315","0,102244617403502","0,417102767344928","0,245536829720802","0,312978387659572","0,432166674334184","0,402291088711907","0,311281999813967","0,0666108680131323","0,460599559809142","-0,376884830007389","0,11025113001594","-0,0224180774896801","-0,191716202970471","0,0937325508695717","0,107596024707004","0,12360796353279","-0,332607354405178","0,515073750194832","1,71269505256648","0,45686106058092","0,486902049112327","0,0183238555289068","-0,199997471856442"
"0,146477631717876","0,200732612712492","0,344666157216765","0,765159597719353","0,341467603737725","0,35258513092598","0,0856862738887153","1,36739477879844","0,290857588955765","1,03207116724739","0,0833983660648328","0,369553127969595","-0,413039040228063","-0,153623981100201","3,3243763778904","0,448625047513457","0,080313430471965","-0,537703172843417","0,157261683032416","-1,51758854397635","-0,916864219723363","0,867262804878048","-0,898950050153097","0,573274538063562","1,23831532573118","-0,0052941848801566","0,368761661915321","1,06981375778693","0,508914261957552","0,64519534104107","0,926967812269034","0,789856221623904","0,46352976190476","-0,676334246647659","-0,00517262168726376","-0,626659734980465","-0,800274448315916","0,101772114876989","0,158595927040441"
"0,227941088586211","0,213202949982655","0,350111383999274","0,314393971069579","0,266390551985761","0,458866450593537","0,149865510505757","0,187236893072084","0,0334380179344506","0,113236008793758","-0,209858429868618","0,222652935653199","-0,613680962939498","0,148663904475315","0,448625047513457","2,31671139304945","1,92603425645202","1,27124310903962","0,977450150836388","0,201748525574311","-0,147125044496732","0,0955412269785945","-0,0213534334132743","0,0415511327812722","0,120983996259256","1,15998220620843","0,215662508861638","0,416761497503658","0,183745773941504","0,278602196554894","-0,0507755041706246","0,542750274899316","1,05548822382611","0,321472525906152","0,40650679819599","0,0303117667466115","0,393985805541726","-0,360235342474022","0,279910642638432"
"0,249926433322775","0,309579893509511","0,469519793504984","0,324021412733608","0,319419101920147","0,423165868742173","-0,111261535212753","0,16650126400893","0,0931810330784224","0,401337970798073","-0,112025971009244","0,303737012232833","-0,522141041072749","0,102244617403502","0,080313430471965","1,92603425645202","2,18656209632412","1,41930840762025","0,984532435102644","0,571271769461665","-0,0227901232333277","0,212153666832585","0,0206936000120673","0,0548543652050629","-0,211092984599605","1,0655675588639","0,196641606709203","0,299016008265835","0,475654640481469","0,24372906164683","0,173505068102631","0,680087577115104","0,972083598805375","0,32766110909996","0,893502537068038","-0,148212821847142","0,760033383109339","-0,491438300375585","0,388217707437744"
"0,143365190229825","0,255882051475432","0,239858875715844","0,205663432231726","0,172664206022394","0,187305622677747","-0,19788361489459","-0,0379587731470993","0,144992367427385","0,556279948564792","-0,0225501857801494","0,0746945960350162","-0,177414613029247","0,417102767344928","-0,537703172843417","1,27124310903962","1,41930840762025","1,71070273717765","1,05502656907552","0,723801660205841","-0,142696714280687","-0,0130832393119862","0,194822726015755","0,0466652943069323","-0,227498864704789","1,00425022172949","0,192227302391764","0,106464591409365","0,0345151691127303","0,0646667865815951","-0,167024194910777","0,450178895475413","0,947004189480669","0,360918260504498","0,582097039081708","-0,0254047236928789","0,980474199435872","-0,379886615533132","0,33072973789664"
"-0,00162674479991553","-0,0543510543463499","0,327188379564686","0,0382260057016163","0,0395185611716971","-0,0477625141409114","0,204946916904234","-0,129528638550763","0,238508087092931","0,188687025053925","0,120203572559845","0,409611337617088","-0,392656377362474","0,245536829720802","0,157261683032416","0,977450150836388","0,984532435102644","1,05502656907552","1,62840799583692","0,0757259725176102","-0,164495641582576","0,173766517338643","0,462907676817954","0,0698026004193255","0,286440468648657","1,02544784605638","0,00525489614914793","0,25475873644358","-0,00351409566043677","0,0578135865876286","-0,124555622426352","0,334931129613709","1,47580573253692","0,492649392129357","-0,0173122071888607","0,177555099024087","0,205442541894808","-0,629689296649924","0,204314340769568"
"-0,123208022736071","-0,0357197857117718","-0,16515744779804","-0,471719140886214","-0,184943834311256","-0,0594295214464193","0,335851898778728","-0,99473714924255","-0,410635871406953","-0,226854430064708","-0,178450043239764","0,189704726960999","0,259093047196705","0,312978387659572","-1,51758854397635","0,201748525574311","0,571271769461665","0,723801660205841","0,0757259725176102","2,87228569568256","0,711533630983805","-0,0787843426801621","0,337075951651909","-0,106941547631617","-1,15886996596126","0,351737593707105","-0,350085283396433","-0,725007671287288","0,00669411009045188","-0,196744474108934","-0,360429078238835","-0,400802954382048","-1,01937182677949","1,26639015893127","0,805832336304812","0,580961562866092","0,755216127426582","-0,490910699579166","0,112627209124596"
"-0,283594632738535","-0,151046988425822","-0,196495904917768","-1,1974701685848","-0,488595950671473","-0,402277976253322","-0,0929157463133083","-1,79663226717147","-0,307887062134538","-0,285607719429234","0,521470581499412","-0,097078389796423","0,360918736141906","0,432166674334184","-0,916864219723363","-0,147125044496732","-0,0227901232333277","-0,142696714280687","-0,164495641582576","0,711533630983805","2,01583882063542","0,20201658508932","1,0177688908749","-0,106861370298304","-0,0242819383481397","-0,0243633750395972","-0,258104629420135","-0,603484518404553","0,0608451967409293","-0,0331932051978208","-0,468429405553798","-0,293852991211266","-0,875698709971792","0,63783004711123","0,860804454198535","0,295570220623356","0,106422681267631","-0,318540188847156","0,0330271104524577"
"0,0307800425861403","0,309638823903545","0,25299908882252","0,337730623306234","0,407323808141143","0,372837123223272","0,304225416182734","0,249734729826891","0,398577311819039","0,18901325286212","0,166117970521543","0,42427814141917","0,319416085946574","0,402291088711907","0,867262804878048","0,0955412269785945","0,212153666832585","-0,0130832393119862","0,173766517338643","-0,0787843426801621","0,20201658508932","1,08354119932526","0,131676114429513","0,463358116254633","0,283342436812123","-0,287966405342624","0,273247032796858","0,508684696642885","0,15988616918312","0,0574555126928808","0,295126829268292","0,358179999723467","-0,127412738510038","0,0213788313699464","0,765553036336482","0,113340232841105","-0,109763082794094","-0,176892882030863","-0,150942640064156"
"-0,144128469362616","-0,15856348640713","0,0591702612234848","-0,669425840284378","0,00862850040977319","-0,302100770899635","0,196976336536092","-1,29752286503663","0,632250706794171","-0,599656118300979","0,355878368679323","0,107635594496479","0,335915309893358","0,311281999813967","-0,898950050153097","-0,0213534334132743","0,0206936000120673","0,194822726015755","0,462907676817954","0,337075951651909","1,0177688908749","0,131676114429513","1,81753298025049","-0,196136371680972","-0,110358159243002","0,0392951034737571","-0,0673509598222166","-0,35634676883318","-0,224569592264104","-0,234868342081844","-0,541369591384232","-0,249814674746471","0,119658184005311","0,802723429667505","0,58163763820384","0,54044893031862","0,121853666832588","-0,521309767410288","-0,140277562961627"
"0,0193907102382711","0,0996351949057526","0,154813739435168","0,0495254425791012","0,0267680086077296","0,397889134752201","0,0505402474219541","0,164714521270445","0,100569087339296","0,420817106354738","-0,0202502302768853","0,271065316429602","0,280542424242424","0,0666108680131323","0,573274538063562","0,0415511327812722","0,0548543652050629","0,0466652943069323","0,0698026004193255","-0,106941547631617","-0,106861370298304","0,463358116254633","-0,196136371680972","1,005947544635","0,0930733444449469","0,287870948157534","-0,120467021634966","0,276618848012228","-0,0567119346777882","0,063005958037317","0,205774363847535","0,620427944451987","0,0371435954869754","0,253195402758295","0,0758101927689053","-0,0157372636268113","-0,0672378878380624","-0,00152948775962731","0,167055543740039"
"0,06838396860592","0,105089988486156","0,655088615372239","0,212097314609509","-0,37814820404141","0,172184763513682","-0,141246290430436","0,407201196383949","0,113079313292207","0,435999452463912","0,465199838353672","0,224466546500345","0,342579379157429","0,460599559809142","1,23831532573118","0,120983996259256","-0,211092984599605","-0,227498864704789","0,286440468648657","-1,15886996596126","-0,0242819383481397","0,283342436812123","-0,110358159243002","0,0930733444449469","2,76724770301321","0,529919950374829","0,0759997558964459","0,698419745488735","-0,0347538309928567","0,422843451438224","0,464779785661493","-0,0922354226686984","0,391361713953873","-0,14164956609399","0,365027075885784","0,433160307907346","-0,373232080637135","-0,198640062144593","-0,239327372530682"
"0,0414266022595295","-0,0575229991553158","0,479080089219724","0,0603763858093144","-0,195916394784078","0,402907071586951","0,333946235877941","-0,027778835392247","0,0625512432689243","0,326646428571434","-0,167613396156689","0,689509948791047","-0,688363668039276","-0,376884830007389","-0,0052941848801566","1,15998220620843","1,0655675588639","1,00425022172949","1,02544784605638","0,351737593707105","-0,0243633750395972","-0,287966405342624","0,0392951034737571","0,287870948157534","0,529919950374829","3,90367413947841","-0,113123688100516","0,213373028191322","0,291983098405661","0,334413987435331","0,19402280118256","1,02732373297435","1,87718347851336","0,383191019955653","-1,12054022806461","-0,0540666772252172","0,271359465737516","-0,661108995882165","0,516750831485589"
"0,0724136011684794","0,229434136034311","0,0351236606985734","0,551122871572873","0,513827180214288","0,256319173064643","0,0713101872382355","0,638448537892616","0,464165683716207","0,271340559150491","0,0680483631737994","-0,0349062079229318","0,0210859360152046","0,11025113001594","0,368761661915321","0,215662508861638","0,196641606709203","0,192227302391764","0,00525489614914793","-0,350085283396433","-0,258104629420135","0,273247032796858","-0,0673509598222166","-0,120467021634966","0,0759997558964459","-0,113123688100516","0,579709079847757","0,372978003780966","0,0922700577200582","0,0354529639350204","0,355217411044243","0,241978878129228","0,127435034013605","-0,331407715784022","0,235803147955415","-0,125462338667916","0,122411232785798","0,0181878448496917","0,010359371967562"
"0,151327522612889","0,195200922615905","-0,0774174904847382","0,623616304156548","0,272497374189883","0,423651289148327","0,0561317002780416","0,966828681036347","0,325656773056599","0,136862999834081","-0,000769051641350973","0,0601515390339433","-0,192523408299018","-0,0224180774896801","1,06981375778693","0,416761497503658","0,299016008265835","0,106464591409365","0,25475873644358","-0,725007671287288","-0,603484518404553","0,508684696642885","-0,35634676883318","0,276618848012228","0,698419745488735","0,213373028191322","0,372978003780966","1,14588158388263","0,0117845546052862","0,167833902740697","0,378789774047092","0,403911590770825","0,531328604612577","-0,565659388559562","0,0366806597583594","-0,175230118507123","-0,27862887008462","0,00604550281309784","-0,0536821676194491"
"0,0711446221799883","0,150671126772956","0,116359054834054","0,271893239010312","0,227042777073875","0,0339754557772834","0,163219906380883","0,226936196459367","0,00883362985253401","0,14280769454123","0,0393899174673579","0,137078825713583","-0,346632166613874","-0,191716202970471","0,508914261957552","0,183745773941504","0,475654640481469","0,0345151691127303","-0,00351409566043677","0,00669411009045188","0,0608451967409293","0,15988616918312","-0,224569592264104","-0,0567119346777882","-0,0347538309928567","0,291983098405661","0,0922700577200582","0,0117845546052862","0,714115958364129","0,234049326892619","0,475883919332701","0,208575916833844","0,00841646341463357","-0,0987457853799314","0,0691940872135964","-0,292954885087812","0,198396806039488","0,0267570689473115","0,170894505156091"
"0,070739789884912","0,0167359454424793","0,0712070549949461","0,0345305300390663","-0,0541249374028995","-0,00053163830942804","-0,160399398162811","0,2273223275563","-0,00685104341070977","0,620114115646257","0,115723668114698","0,0436717351463889","0,0503807359307361","0,0937325508695717","0,64519534104107","0,278602196554894","0,24372906164683","0,0646667865815951","0,0578135865876286","-0,196744474108934","-0,0331932051978208","0,0574555126928808","-0,234868342081844","0,063005958037317","0,422843451438224","0,334413987435331","0,0354529639350204","0,167833902740697","0,234049326892619","0,69502661847444","0,334345544293108","0,206270848228427","0,118053264476521","0,22917598383034","0,433545585018927","-0,287473034224777","-0,0266351003816179","-0,256362715507491","0,198785655836616"
"0,0971599778270514","0,501716381585895","0,280654339562876","0,764442931052689","0,526883254144229","0,298666576919016","-0,00399944039700306","1,00866440713758","0,407108663287931","0,719565795586532","0,0730516471333556","0,269400834125227","0,190204513778904","0,107596024707004","0,926967812269034","-0,0507755041706246","0,173505068102631","-0,167024194910777","-0,124555622426352","-0,360429078238835","-0,468429405553798","0,295126829268292","-0,541369591384232","0,205774363847535","0,464779785661493","0,19402280118256","0,355217411044243","0,378789774047092","0,475883919332701","0,334345544293108","1,52142408404604","0,445782557280121","0,113812659698024","-0,367688137472284","0,272706762749453","-0,229873614190693","0,216910278745646","0,491471476084892","0,190729812057865"
"0,20190083764474","0,202019968600893","0,449572852341232","0,241633954527858","0,115671412859305","0,481037412829136","-0,255314410657094","0,531265874524238","0,341585237517033","1,19197665920027","0,00264386837514169","0,35662904342077","0,103792719881744","0,12360796353279","0,789856221623904","0,542750274899316","0,680087577115104","0,450178895475413","0,334931129613709","-0,400802954382048","-0,293852991211266","0,358179999723467","-0,249814674746471","0,620427944451987","-0,0922354226686984","1,02732373297435","0,241978878129228","0,403911590770825","0,208575916833844","0,206270848228427","0,445782557280121","1,57059155001986","0,811427015928322","-0,24919103302814","0,114694523884943","-0,561483205625193","0,294059498921519","-0,131882232981885","0,360194183623193"
"0,108114285714286","0,20012568856811","0,449225323544051","0,539949651567944","0,229298552347768","0,138926493280237","-0,0451225319396036","0,60421456777833","0,467269342127096","0,152658383109339","-0,143581437697029","0,426140024058404","-0,912341637630661","-0,332607354405178","0,46352976190476","1,05548822382611","0,972083598805375","0,947004189480669","1,47580573253692","-1,01937182677949","-0,875698709971792","-0,127412738510038","0,119658184005311","0,0371435954869754","0,391361713953873","1,87718347851336","0,127435034013605","0,531328604612577","0,00841646341463357","0,118053264476521","0,113812659698024","0,811427015928322","2,63203966733035","-0,188804031856644","-1,13770922515348","-0,296508793761405","-0,0248165007466413","-0,497570715115316","0,338613227974116"
"-0,122698615070566","0,190152928739863","0,490593622386132","-0,137769953894344","-0,116564773418606","0,144012132776246","0,474955150811247","-0,751077617137024","0,299506952551899","-0,0704334577733508","0,0993266035164983","0,403734069917693","0,634339214444093","0,515073750194832","-0,676334246647659","0,321472525906152","0,32766110909996","0,360918260504498","0,492649392129357","1,26639015893127","0,63783004711123","0,0213788313699464","0,802723429667505","0,253195402758295","-0,14164956609399","0,383191019955653","-0,331407715784022","-0,565659388559562","-0,0987457853799314","0,22917598383034","-0,367688137472284","-0,24919103302814","-0,188804031856644","3,07769755896446","0,135386567265492","1,36215926487372","-0,300902969968474","-1,45708046065433","0,188370920755589"
"-0,0267654682715652","0,0353402378689859","0,452872624703981","-0,393466344630979","0,214128189058328","0,323143050967608","-0,657191505648819","-0,40565697467457","0,319790099099515","0,575073096067691","0,749260163355815","0,25987707060652","1,55875635624538","1,71269505256648","-0,00517262168726376","0,40650679819599","0,893502537068038","0,582097039081708","-0,0173122071888607","0,805832336304812","0,860804454198535","0,765553036336482","0,58163763820384","0,0758101927689053","0,365027075885784","-1,12054022806461","0,235803147955415","0,0366806597583594","0,0691940872135964","0,433545585018927","0,272706762749453","0,114694523884943","-1,13770922515348","0,135386567265492","6,57028357693409","-0,715477011026141","0,948476406172223","0,168691185121493","-0,243409854895388"
"0,0361914774926968","0,00029377095997165","0,29152819986827","0,0947715429556884","-0,0805486223609912","0,110260091457132","0,793601828388414","-0,342824754010993","0,19955332921047","-0,737597685415631","-0,0317614987606301","0,180617976932086","0,60396430683138","0,45686106058092","-0,626659734980465","0,0303117667466115","-0,148212821847142","-0,0254047236928789","0,177555099024087","0,580961562866092","0,295570220623356","0,113340232841105","0,54044893031862","-0,0157372636268113","0,433160307907346","-0,0540666772252172","-0,125462338667916","-0,175230118507123","-0,292954885087812","-0,287473034224777","-0,229873614190693","-0,561483205625193","-0,296508793761405","1,36215926487372","-0,715477011026141","1,77953840998336","-0,335472772523643","-0,497001150127456","-0,595685416132458"
"0,173348432055749","0,313478704164593","0,426898249543719","0,0738266550522644","0,117145926663348","0,283204620872737","-0,310618815331009","-0,107451841712296","0,0667195619711325","1,16601238592998","0,0606712377634005","-0,0472910817985706","0,594398838559815","0,486902049112327","-0,800274448315916","0,393985805541726","0,760033383109339","0,980474199435872","0,205442541894808","0,755216127426582","0,106422681267631","-0,109763082794094","0,121853666832588","-0,0672378878380624","-0,373232080637135","0,271359465737516","0,122411232785798","-0,27862887008462","0,198396806039488","-0,0266351003816179","0,216910278745646","0,294059498921519","-0,0248165007466413","-0,300902969968474","0,948476406172223","-0,335472772523643","1,79528317570931","0,813088120126097","0,405157458105195"
"0,0256837715130398","0,14067817397469","-0,172568170505454","0,102382995459824","0,14228004510008","0,156074070470757","-0,103769564987856","0,327655758179102","-0,22785297675611","0,220889223494272","-0,0896940487503185","-0,321368945050302","0,286002893041917","0,0183238555289068","0,101772114876989","-0,360235342474022","-0,491438300375585","-0,379886615533132","-0,629689296649924","-0,490910699579166","-0,318540188847156","-0,176892882030863","-0,521309767410288","-0,00152948775962731","-0,198640062144593","-0,661108995882165","0,0181878448496917","0,00604550281309784","0,0267570689473115","-0,256362715507491","0,491471476084892","-0,131882232981885","-0,497570715115316","-1,45708046065433","0,168691185121493","-0,497001150127456","0,813088120126097","2,20123691569754","0,063833858998146"
"-0,040379486502657","0,139941568371622","0,0883474922193568","-0,126948143455459","0,0206492414186658","0,16458852600168","-0,523296894027383","-0,120197194694579","-0,120391606080719","0,782884490625522","0,0259686945362037","-0,120440348105242","-0,342163045084996","-0,199997471856442","0,158595927040441","0,279910642638432","0,388217707437744","0,33072973789664","0,204314340769568","0,112627209124596","0,0330271104524577","-0,150942640064156","-0,140277562961627","0,167055543740039","-0,239327372530682","0,516750831485589","0,010359371967562","-0,0536821676194491","0,170894505156091","0,198785655836616","0,190729812057865","0,360194183623193","0,338613227974116","0,188370920755589","-0,243409854895388","-0,595685416132458","0,405157458105195","0,063833858998146","1,0011786580338"
