"0,396007894917583","0,610117984203296","0,974853770604397","0,426962544642857","0,282412685439561","0,577995037774727","0,0606161950549461","0,236261074862637","0,265567084478023","0,487695236950551","0,303946620879121","0,381166545329671","0,254963794642859","0,246776802884616","0,249825789835166","0,0349946943681332","0,34512413118132","0,157514409340659","0,32631620879121","0,106752506868132","0,0102484340659344","0,486271885302198","0,0643293372252751","0,151879817994507","0,482118516483518","0,244699457417584","0,343583828983516","0,0960738564560443","0,307017366071429","-0,0397567651098891","0,262220734890111","0,0660556043956066","0,201036407967034","-0,00905735920329542","-0,28921349587912","0,200627043269232","0,273919869505497","0,277742671703298","-0,0232579739010973"
"0,610117984203296","4,09908612293956","2,9180664010989","1,9822104635989","1,09818133585165","1,73362821771978","-0,280567918956042","0,710254436813187","0,821593475274722","0,0778002953296711","0,381525291895603","1,10274361607143","-0,549186219093408","-0,567532307692304","0,508008973214284","-0,375773258928571","0,11608902129121","0,597320964972529","0,914663712225273","-0,376865326236263","0,399582290521976","1,65562223901099","-0,0811817754120883","0,36873223901099","1,65609491414835","0,534089474587911","0,920707630494505","0,137676710164835","0,421126349587913","0,0274856456043943","0,23927398695055","-0,156982578983519","0,748577424450549","-0,559303839285714","-0,989831638049451","-0,599951899038461","0,638724972527472","0,28799518543956","0,0418346016483527"
"0,974853770604397","2,9180664010989","5,14279917582418","2,59356239697802","1,6804765728022","3,078554739011","0,194969409340666","0,418086957417582","0,680810851648352","0,731688118131874","0,429306126373626","1,45434150412088","-0,20907524725274","0,474586538461545","1,34679013736264","0,914660879120884","1,94334499313187","1,38766473214286","2,36201337912088","0,0232489079670356","-0,205589093406595","1,9863117032967","0,489694010989012","1,04297285714286","2,61345381181319","2,06693165521978","1,53426232142857","-0,242791229395603","1,1714179532967","-0,0515010782967018","0,884610027472531","0,677112554945059","1,92618839285715","0,0021369162087951","0,127777239010992","0,0728125961538486","1,38550930631869","1,23142000686814","0,575059148351655"
"0,426962544642857","1,9822104635989","2,59356239697802","2,51290304601648","1,43018796703297","2,03748274381868","0,173031813186812","0,889840731456043","0,544880202609893","0,525830257554945","0,0572020398351665","0,798902802197802","-0,114044502060439","0,137016899038459","0,379192589285716","0,236093883928571","0,95885847870879","0,843298001373626","1,28134164835165","-0,152999649725275","-0,871606833791207","0,809472208104396","0,0853961504120884","0,39452946771978","1,27394256181319","1,03327011675824","0,660975758928571","0,45023759271978","0,525937160027473","-0,243735597527471","0,476842142857143","0,283832939560441","1,1300581043956","-0,106054165521978","-0,285618097527472","-0,533525120192307","0,797362046703298","0,40026793956044","0,551370013736264"
"0,282412685439561","1,09818133585165","1,6804765728022","1,43018796703297","1,96282610834478","1,62166179773352","0,44990534512363","0,263283668440934","0,97009118046016","0,259092732657969","0,346096405391482","0,85318856713599","0,209537798763736","0,303235030048083","0,0753163143887345","-0,193995369162086","0,456552317994509","0,613347751545331","0,694941800309067","-0,0211444496909326","0,0100721677541184","0,883672090487637","0,776539031593406","0,272555191449178","0,594366632039837","0,327248064045329","0,519998963770604","0,6103030520261","0,333862937843407","-0,174624452266485","0,321815397493133","0,0147197433035695","0,621869285714286","-0,0948335894574169","0,328802116243131","0,0146727043269238","0,743071040521979","0,0245813358516501","0,117297359203299"
"0,577995037774727","1,73362821771978","3,078554739011","2,03748274381868","1,62166179773352","3,24301916895605","0,25567902129121","0,041069682348898","0,268363792925833","0,5333637654533","-0,0684232675137324","0,878578707074177","0,174915676510996","0,375715709134611","-0,0900202489697754","0,577608791208795","1,68213937843407","1,54323855940934","1,48052805803572","0,0987038272664848","-0,248948301854391","1,23049004979396","0,469522874313189","1,01766966517858","1,7328934426511","0,849737213255499","0,705207601304943","0,351150049793957","0,79814073489011","-0,35818753777472","0,541417450206046","0,224051018200559","1,18871152472528","0,14182828468407","-0,102770843063182","-0,219280769230766","1,5865217651099","0,38229170329671","0,52665605082418"
"0,0606161950549461","-0,280567918956042","0,194969409340666","0,173031813186812","0,44990534512363","0,25567902129121","2,13141307348901","-0,407214919299452","0,10493371050825","0,0756480992445064","-0,11223941792582","0,752930640453297","0,709338928571434","0,52577633413461","0,30653122424451","0,00564259958791271","0,135189697802196","-0,227279850618134","0,234499318337916","0,119504366414835","-0,0155252421016447","0,13878296188187","0,569294800824178","0,15293858688187","-0,0993998643543944","-0,227597158310436","0,0107339337225265","0,138029884958791","0,185393478708791","0,127655944368136","0,426484562156594","0,176160410370886","0,185121689560442","0,131050551167585","0,113746893887366","0,165116610576924","0,327143324175829","0,404423763736267","0,594257094780221"
"0,236261074862637","0,710254436813187","0,418086957417582","0,889840731456043","0,263283668440934","0,041069682348898","-0,407214919299452","2,95012819969094","1,35860549536401","1,34174142256181","1,25009769144918","0,493745983001373","0,754631957417579","0,965314585336538","0,107393345638736","0,116371217376372","0,418131909340658","0,524689999141484","1,05143183636676","-0,0774447501717043","-1,11673068080357","-0,225656623454671","-1,14168354052198","-0,24301626287775","0,619558879635988","0,689170407795329","0,35903075463599","0,532714578468406","0,245608562843407","-0,169227841689561","0,164526371050824","-0,149704739869507","0,704551737637362","0,0287176966002732","0,517293594608516","0,388202560096153","0,578888107829669","0,716559605082415","-0,302399179258244"
"0,265567084478023","0,821593475274722","0,680810851648352","0,544880202609893","0,97009118046016","0,268363792925833","0,10493371050825","1,35860549536401","1,91856723815247","0,716795328811818","1,13436090058379","0,881772437328298","0,599769409340664","0,783662674278857","0,407206674965657","-0,102173662431313","0,27271508241759","0,234677246737639","0,742645045501378","-0,0494395698832381","-0,0136970870535748","0,489258628949176","0,579052805631868","-0,0101268277815869","0,36653521377061","0,525398520776098","0,520620358001372","0,339021369333793","0,522708875343408","0,277367134271978","0,462739940762367","0,277008661572803","0,626175679945057","0,0893624682348942","0,492561178743133","0,559585468750002","0,460912050137367","0,598175807005501","-0,189579900412081"
"0,487695236950551","0,0778002953296711","0,731688118131874","0,525830257554945","0,259092732657969","0,5333637654533","0,0756480992445064","1,34174142256181","0,716795328811818","5,80402576837225","0,898916024210167","0,612733817822803","2,56560230082418","1,52640911658654","1,22285682606456","-0,0962418973214264","0,551659896978024","0,0489084761332409","1,25328113753434","-0,412872468234889","-0,676186743646976","0,852673848729396","-0,188507022664833","0,620988199690936","0,313932700034343","0,845879894402474","0,611995151957417","0,494311829498627","0,852240922046703","-0,0589431335851619","0,365282509443683","0,901764087396983","1,35900195054945","0,415274638564562","-3,18177841603709","1,03324546875","0,000865003434070915","0,762661088598905","-0,327479481456042"
"0,303946620879121","0,381525291895603","0,429306126373626","0,0572020398351665","0,346096405391482","-0,0684232675137324","-0,11223941792582","1,25009769144918","1,13436090058379","0,898916024210167","1,68366862208104","0,567844015281594","0,668681198489012","0,722694777644236","0,224753788633241","0,00406208619505706","0,301358410027476","0,176599872081045","0,718109964800826","0,0175416474931332","0,148032358344778","0,203823417754121","0,000945803571428592","-0,16804929859203","0,283940229223903","0,510622540350275","0,563962416723901","0,504281013907968","0,183577137706045","-0,169336104052199","0,14407313272665","0,202499432520604","0,641271215659342","0,14302749055632","0,938756894745879","0,596886045673078","0,48225696085165","0,304179426510992","-0,231048767170327"
"0,381166545329671","1,10274361607143","1,45434150412088","0,798902802197802","0,85318856713599","0,878578707074177","0,752930640453297","0,493745983001373","0,881772437328298","0,612733817822803","0,567844015281594","2,28569091603709","0,93801446085165","1,16012392427885","0,700125909168957","0,269370489354396","0,793150807005494","0,586952284512362","0,957639629979397","0,43674890882555","0,0679264259958796","1,46680248883929","0,389478420329671","0,73314347441621","1,26348854824863","0,363920673935441","0,186190062671703","-0,260749097699176","0,700294393887363","0,117969957074177","0,446567258756869","-0,000286341861261133","0,488273983516485","0,261495620707418","0,329770660199176","0,543621454326924","0,877944488324178","0,885468760302199","0,52485038118132"
"0,254963794642859","-0,549186219093408","-0,20907524725274","-0,114044502060439","0,209537798763736","0,174915676510996","0,709338928571434","0,754631957417579","0,599769409340664","2,56560230082418","0,668681198489012","0,93801446085165","3,94807516140111","2,38652350961539","-0,411290944368129","-1,46158529876373","-0,346689742445052","-0,71046283997253","-0,731062077609883","-0,192625827609888","-0,318220367445053","0,100375982142858","-0,156827551510988","0,34978405906594","0,135466624313191","-0,531558416895602","0,0387710714285687","-0,0164165178571418","0,707823746565933","-0,234216895604392","0,328681397664838","0,324205848214293","-0,517980934065931","0,568867493131873","-0,173277688873621","0,676969879807695","0,453180508241767","0,548286689560448","0,275334532967039"
"0,246776802884616","-0,567532307692304","0,474586538461545","0,137016899038459","0,303235030048083","0,375715709134611","0,52577633413461","0,965314585336538","0,783662674278857","1,52640911658654","0,722694777644236","1,16012392427885","2,38652350961539","3,18730308293268","0,345209020432697","0,572449387019228","1,10325451923077","0,380500643028842","0,897148695913462","0,303859993990383","-0,492893010817302","0,500316688701925","-0,0442176201923063","0,595641472355767","0,69560198918269","0,421735570913465","0,257485210336539","-0,183816676682694","0,727577680288462","0,203816117788466","0,602891159855768","0,454261989182698","0,607361298076924","0,868620486778846","1,21655061899039","1,52729301682692","0,706231466346156","1,67605651442308","0,593384687499997"
"0,249825789835166","0,508008973214284","1,34679013736264","0,379192589285716","0,0753163143887345","-0,0900202489697754","0,30653122424451","0,107393345638736","0,407206674965657","1,22285682606456","0,224753788633241","0,700125909168957","-0,411290944368129","0,345209020432697","4,10100021548764","0,905275578640113","0,523814296016487","-1,16729726905907","1,5600486615728","-0,192460232657965","-0,399000758070057","1,23867548334478","0,485232135989011","0,353544882383245","0,686009550995881","1,32374660113324","0,936832026957417","0,151780291037088","1,11615234031593","0,965046337568681","0,810416283482145","1,54758915951236","1,77571473901099","0,830621417410716","-0,632690507383241","1,60232756009616","-1,42967018887362","0,855816809752751","0,114216528159344"
"0,0349946943681332","-0,375773258928571","0,914660879120884","0,236093883928571","-0,193995369162086","0,577608791208795","0,00564259958791271","0,116371217376372","-0,102173662431313","-0,0962418973214264","0,00406208619505706","0,269370489354396","-1,46158529876373","0,572449387019228","0,905275578640113","3,41805107829671","2,75964672046703","1,71759501888736","2,69686609031594","0,645239696085166","-0,306545503090657","0,576956893887364","0,158598203983518","0,549535163118135","0,819813398008244","1,22264261504121","0,180263614354395","-0,0101395484203288","0,0271230837912084","0,414547276785717","0,568899884958792","0,24673696943682","2,0330885989011","0,649257718063189","0,809836110920333","0,913933942307693","0,563864079670334","1,18374671703297","0,424446030219783"
"0,34512413118132","0,11608902129121","1,94334499313187","0,95885847870879","0,456552317994509","1,68213937843407","0,135189697802196","0,418131909340658","0,27271508241759","0,551659896978024","0,301358410027476","0,793150807005494","-0,346689742445052","1,10325451923077","0,523814296016487","2,75964672046703","3,67582939217033","2,34267283310439","2,79316287431319","0,690406576236263","-0,402036665521975","1,15420559752747","0,329369275412089","0,911121462912089","1,47554479739011","1,56061884271978","0,505870206043956","0,260313866758242","1,17518677541209","0,231010652472531","0,963437455357143","0,659050078983524","2,16242185439561","0,586175570054947","1,11660981112638","0,922261947115386","2,01526512362638","1,28402063186813","0,405405302197803"
"0,157514409340659","0,597320964972529","1,38766473214286","0,843298001373626","0,613347751545331","1,54323855940934","-0,227279850618134","0,524689999141484","0,234677246737639","0,0489084761332409","0,176599872081045","0,586952284512362","-0,71046283997253","0,380500643028842","-1,16729726905907","1,71759501888736","2,34267283310439","3,47242198746566","2,26303034941621","0,423770060954669","-0,232087449347527","0,752219956215659","0,0382590728021979","0,692404018715657","1,12812676768544","1,35686734804258","0,206198522493133","0,123041638907967","0,128942041552198","-0,146410094436813","0,177544863495878","0,259454576751374","1,32985376373626","-0,163565249828298","1,22360189474588","-0,319713810096155","2,92892085508242","0,768839522664832","0,375730271291207"
"0,32631620879121","0,914663712225273","2,36201337912088","1,28134164835165","0,694941800309067","1,48052805803572","0,234499318337916","1,05143183636676","0,742645045501378","1,25328113753434","0,718109964800826","0,957639629979397","-0,731062077609883","0,897148695913462","1,5600486615728","2,69686609031594","2,79316287431319","2,26303034941621","5,03788721411402","0,0797440410370892","-0,405884691792581","1,49789110662775","0,23078808379121","0,915578342204675","1,27872632469094","2,3636954215316","1,06117726219093","0,239656106627748","0,790056244848902","-0,00431699004120622","0,778661886160717","1,7882757134272","4,26082552197802","0,904505776957422","0,514168340487642","1,31266450721154","1,26372929601649","1,74712731799451","0,702259756181324"
"0,106752506868132","-0,376865326236263","0,0232489079670356","-0,152999649725275","-0,0211444496909326","0,0987038272664848","0,119504366414835","-0,0774447501717043","-0,0494395698832381","-0,412872468234889","0,0175416474931332","0,43674890882555","-0,192625827609888","0,303859993990383","-0,192460232657965","0,645239696085166","0,690406576236263","0,423770060954669","0,0797440410370892","1,7404563487294","0,310207904361265","0,209093558550825","0,0369924107142864","0,00303632297390211","0,64516969007555","0,00414412345467208","-0,309297401270605","0,115292645089286","0,0464604756181316","-0,0418254035027455","-0,00597974845466991","-0,688895200034337","-0,745527795329669","0,248767219265111","0,59794444625687","0,451409459134616","0,31698732486264","0,114357125686815","0,127950813873627"
"0,0102484340659344","0,399582290521976","-0,205589093406595","-0,871606833791207","0,0100721677541184","-0,248948301854391","-0,0155252421016447","-1,11673068080357","-0,0136970870535748","-0,676186743646976","0,148032358344778","0,0679264259958796","-0,318220367445053","-0,492893010817302","-0,399000758070057","-0,306545503090657","-0,402036665521975","-0,232087449347527","-0,405884691792581","0,310207904361265","1,83186733087225","0,809384750171703","0,500933049450549","-0,0492416680975245","0,166648120707419","-0,527409684924452","0,04024410628434","-0,230775249828296","-0,0890692702609885","0,16455227506868","-0,183046468921702","-0,391545972699177","-0,442308337912088","-0,102029844608515","-0,278593235748626","0,115266911057693","-0,0607947561813177","-0,389252036401097","-0,121210971840657"
"0,486271885302198","1,65562223901099","1,9863117032967","0,809472208104396","0,883672090487637","1,23049004979396","0,13878296188187","-0,225656623454671","0,489258628949176","0,852673848729396","0,203823417754121","1,46680248883929","0,100375982142858","0,500316688701925","1,23867548334478","0,576956893887364","1,15420559752747","0,752219956215659","1,49789110662775","0,209093558550825","0,809384750171703","2,6373461461195","0,574957798763737","1,04292496823489","1,39638040951236","0,765419162946429","0,710351659512362","-0,01031207503434","0,896257618475275","0,315296131524726","0,590235115899726","0,505674372424452","1,26555453296703","0,387985459306319","-1,02631311727335","0,944545276442309","0,816879076236265","0,576956157280221","0,195981809752749"
"0,0643293372252751","-0,0811817754120883","0,489694010989012","0,0853961504120884","0,776539031593406","0,469522874313189","0,569294800824178","-1,14168354052198","0,579052805631868","-0,188507022664833","0,000945803571428592","0,389478420329671","-0,156827551510988","-0,0442176201923063","0,485232135989011","0,158598203983518","0,329369275412089","0,0382590728021979","0,23078808379121","0,0369924107142864","0,500933049450549","0,574957798763737","1,66158222184066","0,206292798763738","-0,0703903296703285","0,263490418956045","0,212042867445055","0,0371826064560442","0,36648082760989","0,262336023351649","0,445040206043957","0,539444835164836","0,399768859890111","0,260735621565935","0,0277128983516487","0,281735649038462","0,171867369505495","-0,00514771291208594","0,177633756868133"
"0,151879817994507","0,36873223901099","1,04297285714286","0,39452946771978","0,272555191449178","1,01766966517858","0,15293858688187","-0,24301626287775","-0,0101268277815869","0,620988199690936","-0,16804929859203","0,73314347441621","0,34978405906594","0,595641472355767","0,353544882383245","0,549535163118135","0,911121462912089","0,692404018715657","0,915578342204675","0,00303632297390211","-0,0492416680975245","1,04292496823489","0,206292798763738","1,37095157881182","0,715942885473904","0,593055773523355","0,0484147604738996","-0,344100993303571","0,547215455013737","0,0218589680631903","0,242439178399727","0,499782761847534","0,80154491758242","0,254033752575552","-0,322658189388732","0,347416093750002","0,622566720467039","0,524686589972532","0,196756569368135"
"0,482118516483518","1,65609491414835","2,61345381181319","1,27394256181319","0,594366632039837","1,7328934426511","-0,0993998643543944","0,619558879635988","0,36653521377061","0,313932700034343","0,283940229223903","1,26348854824863","0,135466624313191","0,69560198918269","0,686009550995881","0,819813398008244","1,47554479739011","1,12812676768544","1,27872632469094","0,64516969007555","0,166648120707419","1,39638040951236","-0,0703903296703285","0,715942885473904","4,66190562757555","1,30447924364698","0,587224545844779","-0,110014061641483","0,84749951407967","-0,295858240041206","0,70851335250687","-1,7971306567651","0,482836916208793","0,275838060611266","0,520003364526101","0,378145228365386","1,4971239114011","1,06570640453297","0,808034804258245"
"0,244699457417584","0,534089474587911","2,06693165521978","1,03327011675824","0,327248064045329","0,849737213255499","-0,227597158310436","0,689170407795329","0,525398520776098","0,845879894402474","0,510622540350275","0,363920673935441","-0,531558416895602","0,421735570913465","1,32374660113324","1,22264261504121","1,56061884271978","1,35686734804258","2,3636954215316","0,00414412345467208","-0,527409684924452","0,765419162946429","0,263490418956045","0,593055773523355","1,30447924364698","3,46123530477335","0,966709700377747","0,194295461023352","0,758386897321429","0,413731588255495","0,606063349072804","1,65008964886676","2,36530650412088","0,416427995364013","1,05264840916896","0,550640564903847","1,25231619162088","1,27214822458792","0,254193492445058"
"0,343583828983516","0,920707630494505","1,53426232142857","0,660975758928571","0,519998963770604","0,705207601304943","0,0107339337225265","0,35903075463599","0,520620358001372","0,611995151957417","0,563962416723901","0,186190062671703","0,0387710714285687","0,257485210336539","0,936832026957417","0,180263614354395","0,505870206043956","0,206198522493133","1,06117726219093","-0,309297401270605","0,04024410628434","0,710351659512362","0,212042867445055","0,0484147604738996","0,587224545844779","0,966709700377747","1,12927387276786","0,288106611435439","0,466893961195055","0,220948202266482","0,437611116929945","0,87985922304258","1,20746879120879","0,10882474330357","0,0564155039491749","0,387785300480769","0,301404344093404","0,532581885302196","0,132272015796702"
"0,0960738564560443","0,137676710164835","-0,242791229395603","0,45023759271978","0,6103030520261","0,351150049793957","0,138029884958791","0,532714578468406","0,339021369333793","0,494311829498627","0,504281013907968","-0,260749097699176","-0,0164165178571418","-0,183816676682694","0,151780291037088","-0,0101395484203288","0,260313866758242","0,123041638907967","0,239656106627748","0,115292645089286","-0,230775249828296","-0,01031207503434","0,0371826064560442","-0,344100993303571","-0,110014061641483","0,194295461023352","0,288106611435439","1,88034729996566","-0,273064064217033","-0,550615935782966","0,184148433207418","0,206260189732144","0,225590206043957","-0,0471755983859885","0,0587861134958794","-0,0819720793269228","0,292596335851649","-0,737992833104395","-0,214915257554944"
"0,307017366071429","0,421126349587913","1,1714179532967","0,525937160027473","0,333862937843407","0,79814073489011","0,185393478708791","0,245608562843407","0,522708875343408","0,852240922046703","0,183577137706045","0,700294393887363","0,707823746565933","0,727577680288462","1,11615234031593","0,0271230837912084","1,17518677541209","0,128942041552198","0,790056244848902","0,0464604756181316","-0,0890692702609885","0,896257618475275","0,36648082760989","0,547215455013737","0,84749951407967","0,758386897321429","0,466893961195055","-0,273064064217033","1,88985205357143","0,610423355082418","0,698746083447802","0,991917803914836","0,860417657967034","0,373720825892857","-0,0889467290521973","0,962831057692308","0,654841407967034","0,811728681318682","-0,0396278777472524"
"-0,0397567651098891","0,0274856456043943","-0,0515010782967018","-0,243735597527471","-0,174624452266485","-0,35818753777472","0,127655944368136","-0,169227841689561","0,277367134271978","-0,0589431335851619","-0,169336104052199","0,117969957074177","-0,234216895604392","0,203816117788466","0,965046337568681","0,414547276785717","0,231010652472531","-0,146410094436813","-0,00431699004120622","-0,0418254035027455","0,16455227506868","0,315296131524726","0,262336023351649","0,0218589680631903","-0,295858240041206","0,413731588255495","0,220948202266482","-0,550615935782966","0,610423355082418","2,15057664491758","0,367529661744508","0,90577443166209","0,246678399725276","0,223507251030222","-0,0710850257554925","0,550587283653847","-0,155144725274722","0,862625741758246","0,0727579739011032"
"0,262220734890111","0,23927398695055","0,884610027472531","0,476842142857143","0,321815397493133","0,541417450206046","0,426484562156594","0,164526371050824","0,462739940762367","0,365282509443683","0,14407313272665","0,446567258756869","0,328681397664838","0,602891159855768","0,810416283482145","0,568899884958792","0,963437455357143","0,177544863495878","0,778661886160717","-0,00597974845466991","-0,183046468921702","0,590235115899726","0,445040206043957","0,242439178399727","0,70851335250687","0,606063349072804","0,437611116929945","0,184148433207418","0,698746083447802","0,367529661744508","1,18544636246566","0,474581504979399","0,876437918956045","0,430548735405221","0,152734235061816","0,719234867788462","0,524841164148355","0,71873066964286","0,0596291037087931"
"0,0660556043956066","-0,156982578983519","0,677112554945059","0,283832939560441","0,0147197433035695","0,224051018200559","0,176160410370886","-0,149704739869507","0,277008661572803","0,901764087396983","0,202499432520604","-0,000286341861261133","0,324205848214293","0,454261989182698","1,54758915951236","0,24673696943682","0,659050078983524","0,259454576751374","1,7882757134272","-0,688895200034337","-0,391545972699177","0,505674372424452","0,539444835164836","0,499782761847534","-1,7971306567651","1,65008964886676","0,87985922304258","0,206260189732144","0,991917803914836","0,90577443166209","0,474581504979399","4,40453040779533","2,24997429945055","0,464888774896983","-0,360834781078292","0,683509459134618","0,177177400412095","0,839931026785723","0,415244673763744"
"0,201036407967034","0,748577424450549","1,92618839285715","1,1300581043956","0,621869285714286","1,18871152472528","0,185121689560442","0,704551737637362","0,626175679945057","1,35900195054945","0,641271215659342","0,488273983516485","-0,517980934065931","0,607361298076924","1,77571473901099","2,0330885989011","2,16242185439561","1,32985376373626","4,26082552197802","-0,745527795329669","-0,442308337912088","1,26555453296703","0,399768859890111","0,80154491758242","0,482836916208793","2,36530650412088","1,20746879120879","0,225590206043957","0,860417657967034","0,246678399725276","0,876437918956045","2,24997429945055","4,65967056318681","0,78746627747253","0,0878188324175844","1,36527504807692","0,746019168956047","1,63802949175824","0,384986098901102"
"-0,00905735920329542","-0,559303839285714","0,0021369162087951","-0,106054165521978","-0,0948335894574169","0,14182828468407","0,131050551167585","0,0287176966002732","0,0893624682348942","0,415274638564562","0,14302749055632","0,261495620707418","0,568867493131873","0,868620486778846","0,830621417410716","0,649257718063189","0,586175570054947","-0,163565249828298","0,904505776957422","0,248767219265111","-0,102029844608515","0,387985459306319","0,260735621565935","0,254033752575552","0,275838060611266","0,416427995364013","0,10882474330357","-0,0471755983859885","0,373720825892857","0,223507251030222","0,430548735405221","0,464888774896983","0,78746627747253","2,08417427798764","-0,0537324785370844","1,65537691105769","-0,239151823489006","0,14460599244506","0,283977730082421"
"-0,28921349587912","-0,989831638049451","0,127777239010992","-0,285618097527472","0,328802116243131","-0,102770843063182","0,113746893887366","0,517293594608516","0,492561178743133","-3,18177841603709","0,938756894745879","0,329770660199176","-0,173277688873621","1,21655061899039","-0,632690507383241","0,809836110920333","1,11660981112638","1,22360189474588","0,514168340487642","0,59794444625687","-0,278593235748626","-1,02631311727335","0,0277128983516487","-0,322658189388732","0,520003364526101","1,05264840916896","0,0564155039491749","0,0587861134958794","-0,0889467290521973","-0,0710850257554925","0,152734235061816","-0,360834781078292","0,0878188324175844","-0,0537324785370844","9,14381943938874","-0,378926069711537","2,11619741414836","0,221449756181324","0,337255882554949"
"0,200627043269232","-0,599951899038461","0,0728125961538486","-0,533525120192307","0,0146727043269238","-0,219280769230766","0,165116610576924","0,388202560096153","0,559585468750002","1,03324546875","0,596886045673078","0,543621454326924","0,676969879807695","1,52729301682692","1,60232756009616","0,913933942307693","0,922261947115386","-0,319713810096155","1,31266450721154","0,451409459134616","0,115266911057693","0,944545276442309","0,281735649038462","0,347416093750002","0,378145228365386","0,550640564903847","0,387785300480769","-0,0819720793269228","0,962831057692308","0,550587283653847","0,719234867788462","0,683509459134618","1,36527504807692","1,65537691105769","-0,378926069711537","3,93124927884615","-0,0446599999999973","1,44251461538462","-0,672731971153845"
"0,273919869505497","0,638724972527472","1,38550930631869","0,797362046703298","0,743071040521979","1,5865217651099","0,327143324175829","0,578888107829669","0,460912050137367","0,000865003434070915","0,48225696085165","0,877944488324178","0,453180508241767","0,706231466346156","-1,42967018887362","0,563864079670334","2,01526512362638","2,92892085508242","1,26372929601649","0,31698732486264","-0,0607947561813177","0,816879076236265","0,171867369505495","0,622566720467039","1,4971239114011","1,25231619162088","0,301404344093404","0,292596335851649","0,654841407967034","-0,155144725274722","0,524841164148355","0,177177400412095","0,746019168956047","-0,239151823489006","2,11619741414836","-0,0446599999999973","4,32059556318682","0,828491895604404","0,264127829670336"
"0,277742671703298","0,28799518543956","1,23142000686814","0,40026793956044","0,0245813358516501","0,38229170329671","0,404423763736267","0,716559605082415","0,598175807005501","0,762661088598905","0,304179426510992","0,885468760302199","0,548286689560448","1,67605651442308","0,855816809752751","1,18374671703297","1,28402063186813","0,768839522664832","1,74712731799451","0,114357125686815","-0,389252036401097","0,576956157280221","-0,00514771291208594","0,524686589972532","1,06570640453297","1,27214822458792","0,532581885302196","-0,737992833104395","0,811728681318682","0,862625741758246","0,71873066964286","0,839931026785723","1,63802949175824","0,14460599244506","0,221449756181324","1,44251461538462","0,828491895604404","3,44015042582418","0,803887630494511"
"-0,0232579739010973","0,0418346016483527","0,575059148351655","0,551370013736264","0,117297359203299","0,52665605082418","0,594257094780221","-0,302399179258244","-0,189579900412081","-0,327479481456042","-0,231048767170327","0,52485038118132","0,275334532967039","0,593384687499997","0,114216528159344","0,424446030219783","0,405405302197803","0,375730271291207","0,702259756181324","0,127950813873627","-0,121210971840657","0,195981809752749","0,177633756868133","0,196756569368135","0,808034804258245","0,254193492445058","0,132272015796702","-0,214915257554944","-0,0396278777472524","0,0727579739011032","0,0596291037087931","0,415244673763744","0,384986098901102","0,283977730082421","0,337255882554949","-0,672731971153845","0,264127829670336","0,803887630494511","1,95440218406594"
