"0,491986094212201","0,832534152480883","0,969794070714964","0,260538181336162","0,339299591449461","0,281976846570296","0,306500356365464","-0,0877088435563988","0,432110671987499","0,235866955405481","0,198806842942457","0,497037990735057","-0,0290209931908225","0,346177492883854","0,318112569905676","0,393157641067144","0,408112332142658","0,395631900987889","0,533112379583636","0,509214210805381","0,2634900133951","0,30541355332924","0,459751545459619","-0,0368616632248714","0,208254416755038","0,110088166266674","0,283371945359156","0,00112189484846715","0,226440092091309","0,509714058157058","0,21163517999665","0,396223843835465","0,285373350728358","0,357701619411734","0,186457636881173","0,295304239828098","-0,0172886950940428","0,027015239437406","0,0665265102974838"
"0,832534152480883","3,94134214321594","2,85166706954289","1,76212514316013","1,74875770022884","1,15354122844226","-0,0321645761009123","0,225068083105429","1,65362441842943","1,35368700452084","0,857834751353462","0,430091732432884","-0,934439784841216","0,422578580119435","1,95024002427862","1,27360788162081","1,13623204554334","0,805878750627892","1,87103870653569","1,04633213791371","0,626954853491098","0,764423505888263","1,18137875202322","-0,339518088965786","0,681485296924706","0,855668951275324","1,15726604732935","0,653523070826588","0,943724587263494","1,32795666573645","0,588339121225652","1,07205864402522","1,50408765781102","0,691398270915882","0,359112828319478","-0,193424094156396","0,197081184908188","0,582551146397275","0,556674914048109"
"0,969794070714964","2,85166706954289","5,6407361477926","1,9709151378579","2,11230370039627","1,90586894764748","0,88928700117207","-0,33377372104705","1,30418147653067","1,18227024697215","1,03177605067813","1,40701425824636","-0,366002866551318","0,467744397220513","1,18843272199587","0,627695579058995","0,5398300354412","0,118830329017132","1,38774856616621","0,549576364346709","1,03571237567673","0,618750987888597","1,30929849919071","-0,232922032706369","0,818093637327677","1,17221400485572","1,20265941033655","-1,93508771613551","1,1930673846068","2,30815101663225","1,13759415638779","1,0616233716582","1,56744366858291","1,20627578919462","0,136299722330751","0,716471857174746","-0,15261008371937","0,611309126806943","0,0931198392588048"
"0,260538181336162","1,76212514316013","1,9709151378579","2,27580919406151","1,56077044008483","0,897838075291622","0,628852794273595","1,08538332979852","0,938549904559915","1,09112492576882","0,786839936373277","0,107983313891836","-0,492973663838809","-0,479248727465535","0,617117735949098","0,000322571580064404","0,022948123011665","0,419455402969247","0,972826224814423","0,228626198303288","-0,264038700954401","0,096395678685047","0,18389230116649","-0,57912176564157","0,688401155885473","1,33044887592789","0,253014591728525","0,708384893955461","0,213433488865323","0,551156580063627","0,417024369034994","0,683992380699895","1,05673302757158","-0,183771489925768","-0,752989183457052","-0,161156739130433","1,02934729056204","0,818025827147403","0,0225176564156955"
"0,339299591449461","1,74875770022884","2,11230370039627","1,56077044008483","2,74843454707819","1,38783845230786","0,354162866830386","0,710393525143719","1,94723868979182","1,66474294971257","1,12249179019925","-0,0358737888597419","-1,06355738879277","-0,240935624267454","1,08958218702908","1,24970781994753","0,854254765306692","0,997126554668754","1,32431201652062","1,80123420606128","0,472813341519227","-0,061717103588772","0,897683180219903","-0,0648577914829487","-0,603748107104983","0,0830128699000953","0,979162699670704","0,338632512976506","0,730284405871518","1,35897107077078","0,441747447396328","0,866181386950944","0,66703903276218","0,501528177987389","-1,99038086147235","0,0918609175643287","0,591561027794831","0,390627016241559","0,369300963609979"
"0,281976846570296","1,15354122844226","1,90586894764748","0,897838075291622","1,38783845230786","1,55581547971201","0,0910781791036434","-0,349827275771615","0,72614807278004","0,788149063738348","0,730220152927387","0,0186257470558679","-1,06587667745717","-0,154548103477147","0,919620766869455","1,01126155773846","0,585498946531226","0,476609527822736","1,06235951442764","0,860449484009598","0,43737115030418","-0,191254232851482","0,847218112686276","0,0118110730032939","-0,0906368239660666","0,0396259580286891","0,715452530278507","-0,261300725009768","0,679718182731484","0,807417000334877","0,33440730172462","0,656958839370428","0,77162730172462","0,397221856616616","-1,16611177429257","0,11613404950605","-0,0369465387620719","0,288516933638443","-0,0827974373500038"
"0,306500356365464","-0,0321645761009123","0,88928700117207","0,628852794273595","0,354162866830386","0,0910781791036434","4,0970938349054","-0,348315585198415","-0,0205493561980226","-1,37225041496903","-0,0267998596305189","1,0740345509851","0,793924157504047","0,227363912764411","0,121564618797793","-1,1091248747","-1,09008800608361","-0,625458435005864","-0,998348644025226","-0,199504512474186","0,376032233074734","-0,153285806217559","0,527826695875426","-0,192500525478598","0,274540705196182","-0,0269531020818225","0,243131751688341","-0,0852270296366614","0,265072456047329","0,626959465591339","0,28551825389295","0,946881297371209","-0,208422233911926","0,437912494837302","-1,46623982558464","0,666836504716188","-0,718290489758328","0,594508605235251","-0,0458216964335541"
"-0,0877088435563988","0,225068083105429","-0,33377372104705","1,08538332979852","0,710393525143719","-0,349827275771615","-0,348315585198415","2,84358340570408","1,28523285901658","1,73960099346989","0,672480725009767","0,270915207624045","0,493603388402079","-0,64169266450857","-0,459538287101634","0,118059211642576","0,586545283808674","1,09811502958084","0,782174917117821","0,664454445777753","-1,00583121114026","0,0554786080258977","-1,06545479628286","-0,219394941954568","-0,0671952120890778","0,601802070380085","-0,671902366467601","1,35865145867053","-0,595042899760004","-0,27377340877379","0,262374670424736","-0,0566353719930816","0,00195674359546865","-0,258479643355476","-0,845079586705362","-0,397276023887931","2,44391977898086","0,508144631355696","0,55105283417983"
"0,432110671987499","1,65362441842943","1,30418147653067","0,938549904559915","1,94723868979182","0,72614807278004","-0,0205493561980226","1,28523285901658","2,58793474800469","2,16989757464978","1,35056729670146","0,427694290059722","-0,876021715968072","0,314887891388069","1,21854511860244","2,1556951071608","2,07074551264163","2,31932690908076","2,63091839119272","2,62257633253335","0,258262312050008","0,238187005916168","1,04099878020874","0,162179160294691","-0,322015848356309","0,276958172406096","0,896052395490315","0,746301515041582","0,588587617904782","1,02787521599598","0,55908802701345","0,743167613439754","0,845702173354913","0,617878615281581","-1,16654161383044","0,370990346040079","1,67133957163588","0,543647928503657","0,609064006809177"
"0,235866955405481","1,35368700452084","1,18227024697215","1,09112492576882","1,66474294971257","0,788149063738348","-1,37225041496903","1,73960099346989","2,16989757464978","7,33847679354802","1,41662818412681","-0,319048585979797","0,242896393927553","1,04563459730981","1,91915291566669","3,293494991349","3,27708089579729","3,4465749408383","3,79958284869119","3,32880659624937","-0,145037577719484","-0,208468923368866","0,258992641346209","-0,135872555115253","0,968472009544005","0,352065615337388","0,923989123179105","0,868167936317458","0,946557506837083","1,67261925657197","1,36972724451638","0,319244890327613","1,58853956158955","1,10809392085727","-3,49816997293073","0,68255546240999","2,80517495423341","1,16707561533739","0,86024701456717"
"0,198806842942457","0,857834751353462","1,03177605067813","0,786839936373277","1,12249179019925","0,730220152927387","-0,0267998596305189","0,672480725009767","1,35056729670146","1,41662818412681","1,46818243400123","0,140316375230229","-0,856634105039904","0,110032879667353","0,620563906624993","1,24757730507339","0,95891243846626","1,27763764413685","1,93938332198471","1,35775623067478","0,458052628230173","-0,0230633610537478","0,629609969861026","0,0518824825584634","0,16468520678685","0,634732132053357","0,533788225149299","0,539928014734609","0,308663343472679","0,30533040073673","0,276741063794162","0,78638834905397","1,00537447842831","0,423052401629736","-0,514339537589997","0,333997006474297","1,07209446838199","0,451758107663113","0,0883876134397498"
"0,497037990735057","0,430091732432884","1,40701425824636","0,107983313891836","-0,0358737888597419","0,0186257470558679","1,0740345509851","0,270915207624045","0,427694290059722","-0,319048585979797","0,140316375230229","2,15511907518","0,783012865993196","0,869315974214433","0,449901089747168","-0,126689506055698","0,190165870960541","0,100342909806329","0,173464213596027","0,0896933124965135","-0,119761475135346","0,705132607300329","0,326594105039906","0,230454260199808","0,251474443266173","0,640079150248369","0,0493029472009817","-0,845739310431435","0,252800864542054","0,742383796673551","0,46622641262488","0,816690691522019","0,228391168722443","0,622973720209858","0,613749689680191","0,670306579784564","0,0931752606463188","0,126652199028856","0,360777398001899"
"-0,0290209931908225","-0,934439784841216","-0,366002866551318","-0,492973663838809","-1,06355738879277","-1,06587667745717","0,793924157504047","0,493603388402079","-0,876021715968072","0,242896393927553","-0,856634105039904","0,783012865993196","6,92473646257745","1,18270939861584","-3,73800763604398","-3,79657613439749","-1,26707205503153","-1,67792843444773","-5,58839674499079","-1,91942207010102","-0,976587002846457","0,127854234246804","-1,24532645950773","0,475884560752353","-0,0824626352067834","-0,555519169782887","-0,904830488083945","-0,513282552045547","-0,666118236032821","-0,667477780041301","0,734385670592172","0,194353411843504","-3,01268786599319","0,218690849472574","2,97841759362616","-0,306586064073221","2,56635026539042","0,0602392448512607","0,853260977842277"
"0,346177492883854","0,422578580119435","0,467744397220513","-0,479248727465535","-0,240935624267454","-0,154548103477147","0,227363912764411","-0,64169266450857","0,314887891388069","1,04563459730981","0,110032879667353","0,869315974214433","1,18270939861584","2,6741435748172","0,704157701903226","1,39322927080427","1,65091676982754","1,23033629569682","1,07213635234693","1,60556826198582","0,51271429675727","0,908177413629516","0,880904717028521","0,265673294915443","0,466082083775184","0,304541210023999","0,680696100351622","-0,831448503934814","0,712440653011107","0,876772556510577","0,579824879444102","0,761880515711328","-0,00151146201930895","1,01214443210358","1,46986284422616","1,1857690553664","0,295381004632474","0,199991941731315","0,432569367918736"
"0,318112569905676","1,95024002427862","1,18843272199587","0,617117735949098","1,08958218702908","0,919620766869455","0,121564618797793","-0,459538287101634","1,21854511860244","1,91915291566669","0,620563906624993","0,449901089747168","-3,73800763604398","0,704157701903226","6,2297344477312","3,05479779455265","1,34284569152202","1,10674549980466","4,58678113411843","2,20601312077915","0,48340837891388","0,573674101691129","1,43188136657923","-0,053921499693029","1,29805598621421","0,860980824914886","1,69672745465201","0,451928890160188","1,64209609588659","1,46550580426411","0,376658910252833","0,372564912373729","2,78279025171625","1,00975194173132","-3,15800999916281","1,18100227102752","-2,45328864235084","0,341369117597813","-0,128072807947758"
"0,393157641067144","1,27360788162081","0,627695579058995","0,000322571580064404","1,24970781994753","1,01126155773846","-1,1091248747","0,118059211642576","2,1556951071608","3,293494991349","1,24757730507339","-0,126689506055698","-3,79657613439749","1,39322927080427","3,05479779455265","6,34966301333928","4,81850726153932","4,47948815259251","6,66305834235642","4,6645297692136","0,812446996707038","0,277605941005747","1,7697196840989","0,0031166487135101","0,180972343584308","0,0049544563822094","1,39173010967238","0,106715636825364","1,14106139504381","1,60530158062175","0,416320481665456","0,590053169894522","2,44947645727521","0,929636888988122","-2,23652600239996","1,01366342468048","0,314315457665909","0,651465066138306","0,440462781157563"
"0,408112332142658","1,13623204554334","0,5398300354412","0,022948123011665","0,854254765306692","0,585498946531226","-1,09008800608361","0,586545283808674","2,07074551264163","3,27708089579729","0,95891243846626","0,190165870960541","-1,26707205503153","1,65091676982754","1,34284569152202","4,81850726153932","5,04475273706536","4,71044656750572","4,93600874309315","3,97610769771725","0,166405549478149","0,608027485628174","1,37486706982196","0,235105777194843","0,569406648992577","-0,129529370151252","1,04354764832282","0,18757269269409","1,25271763436959","1,25309966512251","1,00053156806385","0,465785385667243","1,30020412903946","0,812581310208182","-1,02259680498968","1,18701159150527","2,68326144499637","1,10812867862923","0,58108771585645"
"0,395631900987889","0,805878750627892","0,118830329017132","0,419455402969247","0,997126554668754","0,476609527822736","-0,625458435005864","1,09811502958084","2,31932690908076","3,4465749408383","1,27763764413685","0,100342909806329","-1,67792843444773","1,23033629569682","1,10674549980466","4,47948815259251","4,71044656750572","6,20222851481832","5,58597788887649","4,09286511330022","-0,185541018585699","0,501651104816656","1,38759671847966","-0,0740276312998834","0,516407592788969","0,242196884244013","0,92367466819222","1,29471939833677","0,635613576491601","0,798489286990011","0,64809452921806","1,04489765753195","1,64536660238879","0,489288437517432","-1,04625325166043","1,41420689010436","4,38418957358933","1,62132578668304","0,172331312998828"
"0,533112379583636","1,87103870653569","1,38774856616621","0,972826224814423","1,32431201652062","1,06235951442764","-0,998348644025226","0,782174917117821","2,63091839119272","3,79958284869119","1,93938332198471","0,173464213596027","-5,58839674499079","1,07213635234693","4,58678113411843","6,66305834235642","4,93600874309315","5,58597788887649","9,66783598760953","5,0132716015516","0,711593286543507","0,672979687447675","1,9680715172741","-0,545335253948764","1,62840324496288","1,14807662806273","1,52471449963722","0,560098938438356","1,4256669394988","1,6060028249707","0,724687859574706","0,471411825640456","4,23262261567227","0,662136762850926","-2,37731523804209","1,38986162889993","1,21802145476363","1,39883711586761","-0,132201850756263"
"0,509214210805381","1,04633213791371","0,549576364346709","0,228626198303288","1,80123420606128","0,860449484009598","-0,199504512474186","0,664454445777753","2,62257633253335","3,32880659624937","1,35775623067478","0,0896933124965135","-1,91942207010102","1,60556826198582","2,20601312077915","4,6645297692136","3,97610769771725","4,09286511330022","5,0132716015516","6,02459848467936","0,448654498241894","-0,224836054026902","1,54106165234135","0,0592400658592386","0,111940800636267","-0,585508938438354","1,22966983842161","0,760442243679186","1,07388572724228","1,11480120974494","0,727539614332756","0,654623628118546","0,529381565552269","1,81705294217782","-2,86581341240163","1,66232341379695","1,29322829519451","0,32815496400067","0,755499707261262"
"0,2634900133951","0,626954853491098","1,03571237567673","-0,264038700954401","0,472813341519227","0,43737115030418","0,376032233074734","-1,00583121114026","0,258262312050008","-0,145037577719484","0,458052628230173","-0,119761475135346","-0,976587002846457","0,51271429675727","0,48340837891388","0,812446996707038","0,166405549478149","-0,185541018585699","0,711593286543507","0,448654498241894","1,92616019032204","0,470840786683038","0,735081623039571","0,0671984821677726","0,0924011134676571","0,392753188591841","0,619945633197522","-0,752036359881677","0,637606460903052","0,865192791762014","0,139378548306078","0,277369258804489","0,592799280013395","0,668788888206733","0,261539452475301","0,226955967516886","-1,48881985377016","-0,344533762627672","-0,0338025046045653"
"0,30541355332924","0,764423505888263","0,618750987888597","0,096395678685047","-0,061717103588772","-0,191254232851482","-0,153285806217559","0,0554786080258977","0,238187005916168","-0,208468923368866","-0,0230633610537478","0,705132607300329","0,127854234246804","0,908177413629516","0,573674101691129","0,277605941005747","0,608027485628174","0,501651104816656","0,672979687447675","-0,224836054026902","0,470840786683038","1,75253552603672","0,294906175140927","0,274137096612157","0,425401208907741","1,13110855891053","0,404611126862756","-0,365836303510631","0,412298320031255","0,69856751409276","0,43558995367528","0,345962488139756","0,398058856114304","0,0406738541608549","1,75490254730144","0,275980020371716","0,422971036445833","0,283469168666629","-0,0431552344142439"
"0,459751545459619","1,18137875202322","1,30929849919071","0,18389230116649","0,897683180219903","0,847218112686276","0,527826695875426","-1,06545479628286","1,04099878020874","0,258992641346209","0,629609969861026","0,326594105039906","-1,24532645950773","0,880904717028521","1,43188136657923","1,7697196840989","1,37486706982196","1,38759671847966","1,9680715172741","1,54106165234135","0,735081623039571","0,294906175140927","1,85393689233689","0,0807302612044427","0,0567279480381762","0,00725449963721649","1,23724715577385","-0,298486301836244","0,939678597421443","0,930708501981358","0,212350407155216","0,814965338226266","0,897941504716191","0,622807092705252","-0,129047713344869","0,70754447787018","-0,220814531171513","0,379548645978679","-0,0188960266785735"
"-0,0368616632248714","-0,339518088965786","-0,232922032706369","-0,57912176564157","-0,0648577914829487","0,0118110730032939","-0,192500525478598","-0,219394941954568","0,162179160294691","-0,135872555115253","0,0518824825584634","0,230454260199808","0,475884560752353","0,265673294915443","-0,053921499693029","0,0031166487135101","0,235105777194843","-0,0740276312998834","-0,545335253948764","0,0592400658592386","0,0671984821677726","0,274137096612157","0,0807302612044427","0,998672305631525","-0,60738569459173","-0,000431445275437163","0,114852577161356","-0,280535152090193","0,153415372830274","0,208398071663782","0,126620008092874","0,293966625272085","-0,318311089468103","-0,0292592694089448","0,115469203828769","0,172907813808111","0,102830461014676","-0,333227664787633","-0,0102223246079159"
"0,208254416755038","0,681485296924706","0,818093637327677","0,688401155885473","-0,603748107104983","-0,0906368239660666","0,274540705196182","-0,0671952120890778","-0,322015848356309","0,968472009544005","0,16468520678685","0,251474443266173","-0,0824626352067834","0,466082083775184","1,29805598621421","0,180972343584308","0,569406648992577","0,516407592788969","1,62840324496288","0,111940800636267","0,0924011134676571","0,425401208907741","0,0567279480381762","-0,60738569459173","3,40867813361612","1,78508840933192","0,0756011134676558","0,737543271474017","0,451542868504772","-0,591110805938494","0,690096410392364","-0,689721060445388","1,32889336161188","0,220204262990455","0,171539602332981","0,719190652173912","0,564793775185581","1,14131804347826","-0,367122200424177"
"0,110088166266674","0,855668951275324","1,17221400485572","1,33044887592789","0,0830128699000953","0,0396259580286891","-0,0269531020818225","0,601802070380085","0,276958172406096","0,352065615337388","0,634732132053357","0,640079150248369","-0,555519169782887","0,304541210023999","0,860980824914886","0,0049544563822094","-0,129529370151252","0,242196884244013","1,14807662806273","-0,585508938438354","0,392753188591841","1,13110855891053","0,00725449963721649","-0,000431445275437163","1,78508840933192","5,53647007534744","-0,22159952000893","0,941790493944298","-0,516053779650611","-0,922299670424735","0,0657282887760225","0,637909921861918","1,94843206926383","-1,18670243428029","2,66602262153263","-0,920114062343029","0,370101699224204","0,380852270469387","-0,118105303343193"
"0,283371945359156","1,15726604732935","1,20265941033655","0,253014591728525","0,979162699670704","0,715452530278507","0,243131751688341","-0,671902366467601","0,896052395490315","0,923989123179105","0,533788225149299","0,0493029472009817","-0,904830488083945","0,680696100351622","1,69672745465201","1,39173010967238","1,04354764832282","0,92367466819222","1,52471449963722","1,22966983842161","0,619945633197522","0,404611126862756","1,23724715577385","0,114852577161356","0,0756011134676558","-0,22159952000893","1,40362142267121","-0,229214671820058","0,961191929452476","1,09509521153095","0,37844656499414","0,632426421834013","0,805965589384383","0,822496218116872","-1,15884474521404","0,953221962382095","-0,356880765195067","0,388066333649606","-0,0504511374672107"
"0,00112189484846715","0,653523070826588","-1,93508771613551","0,708384893955461","0,338632512976506","-0,261300725009768","-0,0852270296366614","1,35865145867053","0,746301515041582","0,868167936317458","0,539928014734609","-0,845739310431435","-0,513282552045547","-0,831448503934814","0,451928890160188","0,106715636825364","0,18757269269409","1,29471939833677","0,560098938438356","0,760442243679186","-0,752036359881677","-0,365836303510631","-0,298486301836244","-0,280535152090193","0,737543271474017","0,941790493944298","-0,229214671820058","4,04235120555896","-0,947678815649939","-1,76861591533181","-0,449753250544175","0,386080598872573","0,222866505553387","-0,666245687056994","-0,943967909248194","-0,544707674275837","1,82050058380309","0,480978786627224","-0,13437957665904"
"0,226440092091309","0,943724587263494","1,1930673846068","0,213433488865323","0,730284405871518","0,679718182731484","0,265072456047329","-0,595042899760004","0,588587617904782","0,946557506837083","0,308663343472679","0,252800864542054","-0,666118236032821","0,712440653011107","1,64209609588659","1,14106139504381","1,25271763436959","0,635613576491601","1,4256669394988","1,07388572724228","0,637606460903052","0,412298320031255","0,939678597421443","0,153415372830274","0,451542868504772","-0,516053779650611","0,961191929452476","-0,947678815649939","1,74356783334264","1,51328535190043","0,809143525701849","0,157919050622313","0,598459745214042","0,745204063738348","-1,60475050203717","0,82774175838589","-0,450527714182063","0,401482317910364","0,164654076575319"
"0,509714058157058","1,32795666573645","2,30815101663225","0,551156580063627","1,35897107077078","0,807417000334877","0,626959465591339","-0,27377340877379","1,02787521599598","1,67261925657197","0,30533040073673","0,742383796673551","-0,667477780041301","0,876772556510577","1,46550580426411","1,60530158062175","1,25309966512251","0,798489286990011","1,6060028249707","1,11480120974494","0,865192791762014","0,69856751409276","0,930708501981358","0,208398071663782","-0,591110805938494","-0,922299670424735","1,09509521153095","-1,76861591533181","1,51328535190043","3,58648507618463","0,988733276497181","0,799987481163144","0,807551935033766","0,819130855891056","-2,16141206619412","1,1436682748228","-0,755284702517162","0,217869719819167","0,357059283362171"
"0,21163517999665","0,588339121225652","1,13759415638779","0,417024369034994","0,441747447396328","0,33440730172462","0,28551825389295","0,262374670424736","0,55908802701345","1,36972724451638","0,276741063794162","0,46622641262488","0,734385670592172","0,579824879444102","0,376658910252833","0,416320481665456","1,00053156806385","0,64809452921806","0,724687859574706","0,727539614332756","0,139378548306078","0,43558995367528","0,212350407155216","0,126620008092874","0,690096410392364","0,0657282887760225","0,37844656499414","-0,449753250544175","0,809143525701849","0,988733276497181","1,11591102639951","0,217295527990175","0,277657611765362","0,283790913936483","-0,432880787241168","0,444465615337387","1,09973998325612","0,62236145950773","0,133980041022492"
"0,396223843835465","1,07205864402522","1,0616233716582","0,683992380699895","0,866181386950944","0,656958839370428","0,946881297371209","-0,0566353719930816","0,743167613439754","0,319244890327613","0,78638834905397","0,816690691522019","0,194353411843504","0,761880515711328","0,372564912373729","0,590053169894522","0,465785385667243","1,04489765753195","0,471411825640456","0,654623628118546","0,277369258804489","0,345962488139756","0,814965338226266","0,293966625272085","-0,689721060445388","0,637909921861918","0,632426421834013","0,386080598872573","0,157919050622313","0,799987481163144","0,217295527990175","2,87506031590109","0,554143210917009","0,350067181168714","0,102019499079094","0,48030791650387","0,593612591951782","0,0650222389350888","0,162563869230341"
"0,285373350728358","1,50408765781102","1,56744366858291","1,05673302757158","0,66703903276218","0,77162730172462","-0,208422233911926","0,00195674359546865","0,845702173354913","1,58853956158955","1,00537447842831","0,228391168722443","-3,01268786599319","-0,00151146201930895","2,78279025171625","2,44947645727521","1,30020412903946","1,64536660238879","4,23262261567227","0,529381565552269","0,592799280013395","0,398058856114304","0,897941504716191","-0,318311089468103","1,32889336161188","1,94843206926383","0,805965589384383","0,222866505553387","0,598459745214042","0,807551935033766","0,277657611765362","0,554143210917009","3,68044639225317","-0,42077189094156","-0,428616762850927","0,135437810459344","-0,267833797231679","1,02251902048334","-0,378932154099458"
"0,357701619411734","0,691398270915882","1,20627578919462","-0,183771489925768","0,501528177987389","0,397221856616616","0,437912494837302","-0,258479643355476","0,617878615281581","1,10809392085727","0,423052401629736","0,622973720209858","0,218690849472574","1,01214443210358","1,00975194173132","0,929636888988122","0,812581310208182","0,489288437517432","0,662136762850926","1,81705294217782","0,668788888206733","0,0406738541608549","0,622807092705252","-0,0292592694089448","0,220204262990455","-1,18670243428029","0,822496218116872","-0,666245687056994","0,745204063738348","0,819130855891056","0,283790913936483","0,350067181168714","-0,42077189094156","3,26498229614331","-2,16965654406429","2,58829919182898","-0,479249770608913","-0,155756092816879","0,504505742869901"
"0,186457636881173","0,359112828319478","0,136299722330751","-0,752989183457052","-1,99038086147235","-1,16611177429257","-1,46623982558464","-0,845079586705362","-1,16654161383044","-3,49816997293073","-0,514339537589997","0,613749689680191","2,97841759362616","1,46986284422616","-3,15800999916281","-2,23652600239996","-1,02259680498968","-1,04625325166043","-2,37731523804209","-2,86581341240163","0,261539452475301","1,75490254730144","-0,129047713344869","0,115469203828769","0,171539602332981","2,66602262153263","-1,15884474521404","-0,943967909248194","-1,60475050203717","-2,16141206619412","-0,432880787241168","0,102019499079094","-0,428616762850927","-2,16965654406429","14,0898012876039","-3,4556069157783","1,95252282050566","-0,264814207735671","0,450107473907461"
"0,295304239828098","-0,193424094156396","0,716471857174746","-0,161156739130433","0,0918609175643287","0,11613404950605","0,666836504716188","-0,397276023887931","0,370990346040079","0,68255546240999","0,333997006474297","0,670306579784564","-0,306586064073221","1,1857690553664","1,18100227102752","1,01366342468048","1,18701159150527","1,41420689010436","1,38986162889993","1,66232341379695","0,226955967516886","0,275980020371716","0,70754447787018","0,172907813808111","0,719190652173912","-0,920114062343029","0,953221962382095","-0,544707674275837","0,82774175838589","1,1436682748228","0,444465615337387","0,48030791650387","0,135437810459344","2,58829919182898","-3,4556069157783","4,40648719707539","0,172689140481114","0,442768010827705","-0,548960089300663"
"-0,0172886950940428","0,197081184908188","-0,15261008371937","1,02934729056204","0,591561027794831","-0,0369465387620719","-0,718290489758328","2,44391977898086","1,67133957163588","2,80517495423341","1,07209446838199","0,0931752606463188","2,56635026539042","0,295381004632474","-2,45328864235084","0,314315457665909","2,68326144499637","4,38418957358933","1,21802145476363","1,29322829519451","-1,48881985377016","0,422971036445833","-0,220814531171513","0,102830461014676","0,564793775185581","0,370101699224204","-0,356880765195067","1,82050058380309","-0,450527714182063","-0,755284702517162","1,09973998325612","0,593612591951782","-0,267833797231679","-0,479249770608913","1,95252282050566","0,172689140481114","7,94128062733717","2,19856657727298","0,26871685326785"
"0,027015239437406","0,582551146397275","0,611309126806943","0,818025827147403","0,390627016241559","0,288516933638443","0,594508605235251","0,508144631355696","0,543647928503657","1,16707561533739","0,451758107663113","0,126652199028856","0,0602392448512607","0,199991941731315","0,341369117597813","0,651465066138306","1,10812867862923","1,62132578668304","1,39883711586761","0,32815496400067","-0,344533762627672","0,283469168666629","0,379548645978679","-0,333227664787633","1,14131804347826","0,380852270469387","0,388066333649606","0,480978786627224","0,401482317910364","0,217869719819167","0,62236145950773","0,0650222389350888","1,02251902048334","-0,155756092816879","-0,264814207735671","0,442768010827705","2,19856657727298","1,85631739242061","-0,0319259130992905"
"0,0665265102974838","0,556674914048109","0,0931198392588048","0,0225176564156955","0,369300963609979","-0,0827974373500038","-0,0458216964335541","0,55105283417983","0,609064006809177","0,86024701456717","0,0883876134397498","0,360777398001899","0,853260977842277","0,432569367918736","-0,128072807947758","0,440462781157563","0,58108771585645","0,172331312998828","-0,132201850756263","0,755499707261262","-0,0338025046045653","-0,0431552344142439","-0,0188960266785735","-0,0102223246079159","-0,367122200424177","-0,118105303343193","-0,0504511374672107","-0,13437957665904","0,164654076575319","0,357059283362171","0,133980041022492","0,162563869230341","-0,378932154099458","0,504505742869901","0,450107473907461","-0,548960089300663","0,26871685326785","-0,0319259130992905","1,16725105095719"
