"0,3964601222676","0,501125624072932","0,598140742585842","0,309150944200695","0,266375620247863","0,353153609305508","0,11712698028977","0,256985574691787","0,28716962645488","0,465165417041781","0,219065220606582","0,262213446253481","0,192777341549787","0,35729119840159","0,263673078300103","0,284802714718523","0,25797671705355","0,21266774013433","0,229275290190217","0,192088353202277","0,190701293444892","0,507251005993427","0,0559971578199431","0,136710804507095","0,0808121968121965","0,362839427638958","0,152922619954708","0,314725615586376","0,0677289492114343","0,0976342853575719","0,255718944868196","0,184893773826362","0,226112414626986","0,238393473022851","-0,044515767958805","0,366795965050896","0,182232585884044","0,0983668554313254","0,00483412966191928"
"0,501125624072932","3,47984203909079","2,53218094397017","2,04970298565589","1,62382706276849","0,890626525259434","-0,198291617221266","0,977870415602534","1,29119082407514","0,595727324525685","0,573283228383613","1,20653862004936","0,0953869451072838","0,323208935526869","1,19617172708135","0,152313163687907","0,355869617131904","0,336522176124181","0,627144073762858","-0,0462461994613901","0,405454762885438","1,54649378737221","0,147305385229438","0,166507764892222","0,636209689728677","0,705055458211776","0,685318564278826","0,405546882812709","0,574234022886365","0,284128472577106","1,15686042411153","1,03374637806666","0,611821927586426","0,325134845857834","0,0186363851680332","0,0883459870731002","0,42684210661603","0,191716293635639","0,130803046428601"
"0,598140742585842","2,53218094397017","4,1221468716741","1,94788484560284","1,59468363488146","1,3826770529049","0,0108855626759619","0,774145935704959","0,919252643735425","0,855688835548719","0,680009963542494","1,65414557339432","0,530468331785961","0,870334578776146","1,36709035876301","0,19633948506601","0,428071012884672","0,147229606817482","0,52718700512519","-0,030600454397923","0,403093076092784","1,69330673369414","0,0997546251217151","0,673271106481587","1,08501006166829","1,55711214269001","0,679469456458566","-0,569226874391428","0,542412415177797","-0,0417132160352624","1,13223356959006","1,19033657148464","0,997139255602606","0,944113222073773","0,343706588769882","0,853141701199399","0,389760014492429","0,0766010129601566","0,235590981484418"
"0,309150944200695","2,04970298565589","1,94788484560284","2,24854490377246","1,78168763967881","1,10628602507083","-0,183651089145353","0,935870524540528","1,0558521127953","0,951385697420441","0,707283285096651","0,784505423337334","0,0405627475712814","0,450506571062362","0,931598176288199","0,0429014186623852","0,335882195186284","0,3333359192847","0,53999398596985","-0,28709166030685","0,133771740627202","1,24686754016987","0,129564076247622","0,309387877404363","0,296747984596086","0,94547906299452","0,524595921842906","0,491995929717452","0,788346795743912","0,525145900412314","0,948239937770704","1,21465668843591","0,798959718034196","0,276096086575919","0,133484916269729","0,333547595193755","0,524825133097142","0,275658290477252","0,0545539276737417"
"0,266375620247863","1,62382706276849","1,59468363488146","1,78168763967881","2,54641536017574","1,11838876461661","-0,0694888837344","1,11289845856817","1,78006922173186","0,412279064055346","0,957900852960024","0,691263965942801","-0,149077273555346","0,121651968401466","0,310155522248547","-0,18025500059059","0,147962649363879","0,217812361035206","-0,0425948704076432","-0,340184671526444","0,229853886403784","0,672568271992477","0,613472705422075","0,0798856093928218","-0,0792128213900346","-0,115128412804006","0,430887015182572","0,282835021974267","0,730371906563842","0,268044038694615","0,781869957818152","0,0320120296923368","0,102493620905161","0,0252694671075541","0,846380027544588","0,0485555258390123","0,257291059679057","0,0855437264668999","0,0103237698421725"
"0,353153609305508","0,890626525259434","1,3826770529049","1,10628602507083","1,11838876461661","1,49127482302166","0,0387570199215794","0,630935200049122","0,752158951551352","0,558512066106998","0,639696763949926","0,528389483933789","0,176089335684275","0,392765669272001","0,500269586041737","0,271210751160118","0,42531529777099","0,0745930857829547","0,130817793450702","0,251657183960982","0,166991482231987","0,64492118213637","0,181852890865548","0,411262927971788","0,0811443108151985","0,406309429195504","0,354320271586092","0,42063692904199","0,46000852654017","0,312531698202581","0,746197285893486","0,555515425844539","0,377654710211673","0,314406659824382","0,290089283051307","0,403421949700431","0,196174636174635","0,162437081677586","0,169607270366764"
"0,11712698028977","-0,198291617221266","0,0108855626759619","-0,183651089145353","-0,0694888837344","0,0387570199215794","1,58959472250494","-0,217732323025229","-0,0354804897966508","-1,04339210068972","-0,388065078007969","0,292733014801899","-0,00503701790601777","-0,0842296975991504","-0,108408373863777","-0,0746263318638949","0,0809863874426772","0,224033383171445","0,228830766048309","0,0543754309323931","0,0405128751858211","-0,307549935932631","0,151606796670086","-0,167551920480976","-0,154118231181524","0,459516561737342","-0,0984995867904335","0,0822350763616562","0,0340698031425129","-0,100456376758999","-0,235534686245316","0,0757745293582783","0,222941462963835","0,416275122703151","-0,286821653201403","0,317460270170308","-0,0114670263660601","-0,144259057000892","-0,0374679317346406"
"0,256985574691787","0,977870415602534","0,774145935704959","0,935870524540528","1,11289845856817","0,630935200049122","-0,217732323025229","1,55057421298928","1,03977108087912","0,564382975398578","0,789024675679959","0,593503287214209","0,390210326628342","0,450811448934501","0,257526249874793","0,0807477659040802","0,171563951805339","0,115052294113818","-0,218602180269534","-0,183520583875014","-0,171465219708964","0,553504609158423","-0,422139494898988","0,082147894956844","-0,407694939340508","-0,00213863318720482","0,217514951331849","0,366094160372642","0,25660363889625","0,248496781739054","0,463315390388691","0,428467902970111","-0,122170820896755","0,388135869752589","0,55201122836566","0,252059156187504","0,151811223918378","0,130399768578162","0,107818874874513"
"0,28716962645488","1,29119082407514","0,919252643735425","1,0558521127953","1,78006922173186","0,752158951551352","-0,0354804897966508","1,03977108087912","2,04201531048042","0,446580965512964","0,793307838578369","0,796918336692257","0,335511480412275","0,161585034775505","0,0616832315660694","-0,261084471623182","0,258227626145193","0,359635030787221","-0,290067784321539","-0,208894584945217","0,107222606225254","0,555520851527917","0,926778564348185","0,0593335181607183","-0,165548321447053","-0,0992285794546615","0,439604089132496","0,490644069580777","0,548162417982847","0,136010363389815","0,802315218005533","-0,0862082971991724","-0,118782296800547","0,219579157427845","0,4672811038887","0,193088216315771","0,416852519374747","0,117664122128062","0,0441965837126289"
"0,465165417041781","0,595727324525685","0,855688835548719","0,951385697420441","0,412279064055346","0,558512066106998","-1,04339210068972","0,564382975398578","0,446580965512964","6,88803527143004","1,20745401337571","0,368437942981365","3,13340346573787","2,87527757217603","0,793619536703437","1,07901589739918","1,53298262806181","1,98270809492947","1,70744569247131","0,494460415624973","0,60159106186189","1,87797981301426","0,0561038974709893","0,32396123112991","0,72510416940797","3,08415284775956","0,782102040628979","0,981924717317127","0,832933870352771","0,852925579640919","1,00025307724337","1,78045758772518","2,02646147481237","1,15838509254935","-2,47069350947832","0,797735004450343","2,51344387724606","1,06717011443182","0,923167530928502"
"0,219065220606582","0,573283228383613","0,680009963542494","0,707283285096651","0,957900852960024","0,639696763949926","-0,388065078007969","0,789024675679959","0,793307838578369","1,20745401337571","1,24442570275717","0,352446185548336","0,524629359687352","0,564343154685228","-0,0161121987910324","0,249194915166067","0,364035012753289","0,281113409145201","0,00989009706701827","0,168157021676009","0,368805843319826","0,470493006445908","0,0804689246208237","0,112330355490791","0,157962227076153","0,582276549505282","0,417525633783509","0,362342868671983","0,320583362556869","0,383204493957511","0,642052422024163","0,0505970891522852","0,0264553563323075","0,426026988470319","0,660626121740046","0,485575433543641","0,570310396989233","0,128993153022592","0,231692579425287"
"0,262213446253481","1,20653862004936","1,65414557339432","0,784505423337334","0,691263965942801","0,528389483933789","0,292733014801899","0,593503287214209","0,796918336692257","0,368437942981365","0,352446185548336","1,50965742019731","0,371843210072235","0,482167100684611","0,649414279567944","0,172817252024788","0,421778250794445","0,48822149256886","0,311214269000552","0,280777669587797","0,170411479208654","1,0026816119804","0,167456020772476","0,305774839035952","0,525647517039921","0,748008604877607","0,321214344481934","-0,234277182732878","0,299373142214473","-0,0742766694594771","0,655074205747153","0,542346957722878","0,417998716816497","0,630396896205552","-0,0368270042194095","0,38332410950839","0,425800261165583","0,0347964040669372","0,227545541692141"
"0,192777341549787","0,0953869451072838","0,530468331785961","0,0405627475712814","-0,149077273555346","0,176089335684275","-0,00503701790601777","0,390210326628342","0,335511480412275","3,13340346573787","0,524629359687352","0,371843210072235","5,33465611804146","2,54670387939625","-1,40037244635773","-1,00623291555408","0,13647713944329","-0,0810237193104447","-2,10422409484052","-0,663416230251672","-0,164333555901411","0,604260232062407","0,16003859750695","0,203792714251354","-0,182685965420144","0,861834701076383","0,125550972679615","0,250358798915759","-0,0775667478805552","0,338488985940265","0,364096130640727","0,416318667708717","-0,326128602731488","1,42005191487088","-1,27350891690132","0,791742352256923","1,79758510984887","0,184430344250182","0,488366477208394"
"0,35729119840159","0,323208935526869","0,870334578776146","0,450506571062362","0,121651968401466","0,392765669272001","-0,0842296975991504","0,450811448934501","0,161585034775505","2,87527757217603","0,564343154685228","0,482167100684611","2,54670387939625","3,01157467587376","0,394481339064208","0,933602148240949","1,29416218337856","0,898404547161696","0,778883985319082","0,409979104713281","0,0724101201357652","1,10614447667024","-0,100243971332576","0,289538456642373","0,205148275831816","2,11085806623635","0,379676984563654","0,604026667368448","0,339884406586794","0,654985278886375","0,709937496111186","1,04000896555622","1,05352519721551","1,01908224186234","-0,392135056185685","1,32771929820267","1,32761769862977","0,395949056186921","0,29815858638467"
"0,263673078300103","1,19617172708135","1,36709035876301","0,931598176288199","0,310155522248547","0,500269586041737","-0,108408373863777","0,257526249874793","0,0616832315660694","0,793619536703437","-0,0161121987910324","0,649414279567944","-1,40037244635773","0,394481339064208","3,34276771624549","0,97752317594649","0,209994005962212","-0,263542947580627","2,01808243015779","0,397472144003789","0,0376031250108384","1,30716936859416","-0,279639358930497","0,497841970137525","0,577538601893033","1,76277066613952","0,595896974032977","0,237792784020633","0,524859313515187","0,107419996976666","0,598893899900672","1,6853235150415","1,59550821961655","0,399294658712968","0,237683096923604","0,501058847121844","-0,829741759422064","0,0330890894517639","-0,00852785640421711"
"0,284802714718523","0,152313163687907","0,19633948506601","0,0429014186623852","-0,18025500059059","0,271210751160118","-0,0746263318638949","0,0807477659040802","-0,261084471623182","1,07901589739918","0,249194915166067","0,172817252024788","-1,00623291555408","0,933602148240949","0,97752317594649","2,48294806778881","1,95587468948081","1,85833611451627","2,78394722586539","1,71296704299236","0,417419286635654","0,814928016669554","-0,231652096107792","0,18756169634003","0,466122055843575","1,42326657963867","0,211982574000825","0,833026272621209","-0,0868312005762696","0,300003596177868","0,508607621865202","0,532040136511141","1,5339594999542","0,0387490907043446","-0,391880979324017","0,989227277502815","0,662981082937516","0,408992774391656","0,114474762799756"
"0,25797671705355","0,355869617131904","0,428071012884672","0,335882195186284","0,147962649363879","0,42531529777099","0,0809863874426772","0,171563951805339","0,258227626145193","1,53298262806181","0,364035012753289","0,421778250794445","0,13647713944329","1,29416218337856","0,209994005962212","1,95587468948081","2,71555529878285","2,46086361228192","2,28679535059164","1,40627002464977","0,419488924127131","1,01251142594328","0,19981343368685","0,210578788385088","0,638706071212404","1,50978404042048","0,371131474492084","1,05554384764511","0,601339774955316","0,496123361059477","1,15809222886526","0,586865035819993","1,56630175375892","0,111402356365559","-0,674797056062882","1,16462976035069","1,77656300869607","0,680230829411868","0,281013745159757"
"0,21266774013433","0,336522176124181","0,147229606817482","0,3333359192847","0,217812361035206","0,0745930857829547","0,224033383171445","0,115052294113818","0,359635030787221","1,98270809492947","0,281113409145201","0,48822149256886","-0,0810237193104447","0,898404547161696","-0,263542947580627","1,85833611451627","2,46086361228192","3,88177995544966","3,0482603299842","1,46267375457249","0,314370397752204","0,921509670899136","0,351685675938841","0,0419684704065043","0,351157486600527","1,96716518406951","0,340687374269947","0,982136898339431","0,254590764220437","0,519620432279837","0,675386232726239","0,947024158734492","2,03201535087317","-0,0223059627640176","-1,28456383939928","0,883253229634154","2,75690045698877","1,02636950339983","0,343631711238426"
"0,229275290190217","0,627144073762858","0,52718700512519","0,53999398596985","-0,0425948704076432","0,130817793450702","0,228830766048309","-0,218602180269534","-0,290067784321539","1,70744569247131","0,00989009706701827","0,311214269000552","-2,10422409484052","0,778883985319082","2,01808243015779","2,78394722586539","2,28679535059164","3,0482603299842","5,67645392708213","2,14051194329675","0,546370724974199","1,20973699389478","-0,0476275691465552","0,205888159847536","1,01800917568006","3,06922267273047","0,438376823869907","0,68547670552734","0,583771338739841","0,583099372464107","0,468662045982036","1,41957530420527","3,49006416039916","-0,290878868089351","-1,13882975867786","0,547765004015814","1,19788904277571","0,700572606663867","0,183945925137567"
"0,192088353202277","-0,0462461994613901","-0,030600454397923","-0,28709166030685","-0,340184671526444","0,251657183960982","0,0543754309323931","-0,183520583875014","-0,208894584945217","0,494460415624973","0,168157021676009","0,280777669587797","-0,663416230251672","0,409979104713281","0,397472144003789","1,71296704299236","1,40627002464977","1,46267375457249","2,14051194329675","4,04828400747388","0,489210452906656","0,137684430292025","0,0383776064282394","0,06235146538944","0,377886821583024","-0,679023342719545","0,177376632718405","0,439258261182312","-0,144974937936964","0,141335193031396","0,419998140301937","-0,109976753774222","0,0504659947191595","-0,0542657789240067","-0,274902672877357","0,560544505557164","0,705056554119845","0,444968165828925","0,0308653034728983"
"0,190701293444892","0,405454762885438","0,403093076092784","0,133771740627202","0,229853886403784","0,166991482231987","0,0405128751858211","-0,171465219708964","0,107222606225254","0,60159106186189","0,368805843319826","0,170411479208654","-0,164333555901411","0,0724101201357652","0,0376031250108384","0,417419286635654","0,419488924127131","0,314370397752204","0,546370724974199","0,489210452906656","1,17639394100742","0,792967548105613","0,173192171723818","0,120285424075827","0,701150100441241","0,549837709723492","0,278715084097481","0,126289042694106","0,33401435247888","0,306608996442379","0,349170235610036","0,00892203487199039","0,240854597764813","0,248479806180128","0,0684547137205374","0,110968093611603","0,37090702876514","0,166663214923445","0,321679883456747"
"0,507251005993427","1,54649378737221","1,69330673369414","1,24686754016987","0,672568271992477","0,64492118213637","-0,307549935932631","0,553504609158423","0,555520851527917","1,87797981301426","0,470493006445908","1,0026816119804","0,604260232062407","1,10614447667024","1,30716936859416","0,814928016669554","1,01251142594328","0,921509670899136","1,20973699389478","0,137684430292025","0,792967548105613","2,93207623782838","0,0646004368536033","0,89020203428446","0,60909413405616","2,06297411090582","0,674519807640799","0,646691649780261","0,450250062476146","0,658656614178548","1,01653872409127","1,50975387561199","1,32914991520585","0,555221031316406","-0,663099204365023","0,956348623617391","1,06591041420715","0,524471825553962","0,269290248560196"
"0,0559971578199431","0,147305385229438","0,0997546251217151","0,129564076247622","0,613472705422075","0,181852890865548","0,151606796670086","-0,422139494898988","0,926778564348185","0,0561038974709893","0,0804689246208237","0,167456020772476","0,16003859750695","-0,100243971332576","-0,279639358930497","-0,231652096107792","0,19981343368685","0,351685675938841","-0,0476275691465552","0,0383776064282394","0,173192171723818","0,0646004368536033","1,31680138951025","-0,0635024430467467","0,248098493820013","-0,0137694851618895","0,180096423590095","0,250883654833023","0,217739449283753","-0,115677395019166","0,365210663438513","-0,547413072273831","0,0597500635981653","-0,102939621218104","-0,199355737431685","0,11309844995921","0,433241366000861","-0,0210257112029242","-0,0903810451152212"
"0,136710804507095","0,166507764892222","0,673271106481587","0,309387877404363","0,0798856093928218","0,411262927971788","-0,167551920480976","0,082147894956844","0,0593335181607183","0,32396123112991","0,112330355490791","0,305774839035952","0,203792714251354","0,289538456642373","0,497841970137525","0,18756169634003","0,210578788385088","0,0419684704065043","0,205888159847536","0,06235146538944","0,120285424075827","0,89020203428446","-0,0635024430467467","1,19613189657582","-0,206949200417554","0,779917842799209","0,0286733078043057","0,0370238515048641","-0,114690507359333","0,130551543278067","0,283844115032811","0,899819322866718","0,611456172551257","0,0195470358155077","0,636934656175163","0,3961304269329","0,255294480821711","0,187797048922748","0,0757246137240255"
"0,0808121968121965","0,636209689728677","1,08501006166829","0,296747984596086","-0,0792128213900346","0,0811443108151985","-0,154118231181524","-0,407694939340508","-0,165548321447053","0,72510416940797","0,157962227076153","0,525647517039921","-0,182685965420144","0,205148275831816","0,577538601893033","0,466122055843575","0,638706071212404","0,351157486600527","1,01800917568006","0,377886821583024","0,701150100441241","0,60909413405616","0,248098493820013","-0,206949200417554","2,89277970472907","0,786386203145698","0,400489276033581","-0,0458975236190411","0,446502557084836","-0,248765002587786","0,611323912032774","-0,973601480740721","0,783344052913673","0,374175425669097","-0,512822618139072","0,371712378395923","0,476394571786977","0,0278247673184393","0,167752028562155"
"0,362839427638958","0,705055458211776","1,55711214269001","0,94547906299452","-0,115128412804006","0,406309429195504","0,459516561737342","-0,00213863318720482","-0,0992285794546615","3,08415284775956","0,582276549505282","0,748008604877607","0,861834701076383","2,11085806623635","1,76277066613952","1,42326657963867","1,50978404042048","1,96716518406951","3,06922267273047","-0,679023342719545","0,549837709723492","2,06297411090582","-0,0137694851618895","0,779917842799209","0,786386203145698","7,72740855399908","0,973487053412871","0,886787441774785","0,529947841548666","1,3262248525104","1,25799494927549","3,23064714106104","3,72055022255788","0,925182162484486","-0,997711588901461","1,07169959307375","1,91676869015933","0,78061164481889","0,985698089566211"
"0,152922619954708","0,685318564278826","0,679469456458566","0,524595921842906","0,430887015182572","0,354320271586092","-0,0984995867904335","0,217514951331849","0,439604089132496","0,782102040628979","0,417525633783509","0,321214344481934","0,125550972679615","0,379676984563654","0,595896974032977","0,211982574000825","0,371131474492084","0,340687374269947","0,438376823869907","0,177376632718405","0,278715084097481","0,674519807640799","0,180096423590095","0,0286733078043057","0,400489276033581","0,973487053412871","0,741271185635037","0,380701246524033","0,423729108334349","0,328411461664333","0,704530153486293","0,663622698353343","0,434254958565821","0,309535700143882","-0,039655640060702","0,258166209596295","0,465155860690747","0,30163008614466","0,219198206562353"
"0,314725615586376","0,405546882812709","-0,569226874391428","0,491995929717452","0,282835021974267","0,42063692904199","0,0822350763616562","0,366094160372642","0,490644069580777","0,981924717317127","0,362342868671983","-0,234277182732878","0,250358798915759","0,604026667368448","0,237792784020633","0,833026272621209","1,05554384764511","0,982136898339431","0,68547670552734","0,439258261182312","0,126289042694106","0,646691649780261","0,250883654833023","0,0370238515048641","-0,0458975236190411","0,886787441774785","0,380701246524033","2,28474594945481","0,0293676149372358","0,235388826021738","0,833479723150611","0,758707615112679","0,618891584866269","0,287809644113438","-0,552576927463001","0,746489504109757","0,727578164337662","0,547880523171665","0,225187925998055"
"0,0677289492114343","0,574234022886365","0,542412415177797","0,788346795743912","0,730371906563842","0,46000852654017","0,0340698031425129","0,25660363889625","0,548162417982847","0,832933870352771","0,320583362556869","0,299373142214473","-0,0775667478805552","0,339884406586794","0,524859313515187","-0,0868312005762696","0,601339774955316","0,254590764220437","0,583771338739841","-0,144974937936964","0,33401435247888","0,450250062476146","0,217739449283753","-0,114690507359333","0,446502557084836","0,529947841548666","0,423729108334349","0,0293676149372358","1,45574235470497","0,485771631281199","0,66984918044559","0,452016770739173","0,554569439301851","-0,0151833934430356","-0,0194304060633157","-0,193706740956667","0,478432913473245","0,188864564571366","0,0846808118777514"
"0,0976342853575719","0,284128472577106","-0,0417132160352624","0,525145900412314","0,268044038694615","0,312531698202581","-0,100456376758999","0,248496781739054","0,136010363389815","0,852925579640919","0,383204493957511","-0,0742766694594771","0,338488985940265","0,654985278886375","0,107419996976666","0,300003596177868","0,496123361059477","0,519620432279837","0,583099372464107","0,141335193031396","0,306608996442379","0,658656614178548","-0,115677395019166","0,130551543278067","-0,248765002587786","1,3262248525104","0,328411461664333","0,235388826021738","0,485771631281199","1,70693598587152","0,500590292971808","0,768980402789058","0,345760801130834","-0,0499362190477906","-0,00825597164837505","0,149061620756646","0,786293346356935","0,384275513574309","0,146537714272777"
"0,255718944868196","1,15686042411153","1,13223356959006","0,948239937770704","0,781869957818152","0,746197285893486","-0,235534686245316","0,463315390388691","0,802315218005533","1,00025307724337","0,642052422024163","0,655074205747153","0,364096130640727","0,709937496111186","0,598893899900672","0,508607621865202","1,15809222886526","0,675386232726239","0,468662045982036","0,419998140301937","0,349170235610036","1,01653872409127","0,365210663438513","0,283844115032811","0,611323912032774","1,25799494927549","0,704530153486293","0,833479723150611","0,66984918044559","0,500590292971808","1,99651886065545","0,595858799221767","0,622390071056542","0,431182265710376","-0,306418484696964","0,585829799274604","0,957612815188328","0,446749146193365","0,571165840145531"
"0,184893773826362","1,03374637806666","1,19033657148464","1,21465668843591","0,0320120296923368","0,555515425844539","0,0757745293582783","0,428467902970111","-0,0862082971991724","1,78045758772518","0,0505970891522852","0,542346957722878","0,416318667708717","1,04000896555622","1,6853235150415","0,532040136511141","0,586865035819993","0,947024158734492","1,41957530420527","-0,109976753774222","0,00892203487199039","1,50975387561199","-0,547413072273831","0,899819322866718","-0,973601480740721","3,23064714106104","0,663622698353343","0,758707615112679","0,452016770739173","0,768980402789058","0,595858799221767","4,57258660948034","2,06542930566716","0,728276025215676","-0,823450862742001","0,474201277022591","0,866143909539849","0,994232941666561","0,530124106489135"
"0,226112414626986","0,611821927586426","0,997139255602606","0,798959718034196","0,102493620905161","0,377654710211673","0,222941462963835","-0,122170820896755","-0,118782296800547","2,02646147481237","0,0264553563323075","0,417998716816497","-0,326128602731488","1,05352519721551","1,59550821961655","1,5339594999542","1,56630175375892","2,03201535087317","3,49006416039916","0,0504659947191595","0,240854597764813","1,32914991520585","0,0597500635981653","0,611456172551257","0,783344052913673","3,72055022255788","0,434254958565821","0,618891584866269","0,554569439301851","0,345760801130834","0,622390071056542","2,06542930566716","3,79078704600753","-0,0294268102934576","-1,04129849031115","0,294582963117553","1,30745017402539","0,585879160834711","0,451064997018485"
"0,238393473022851","0,325134845857834","0,944113222073773","0,276096086575919","0,0252694671075541","0,314406659824382","0,416275122703151","0,388135869752589","0,219579157427845","1,15838509254935","0,426026988470319","0,630396896205552","1,42005191487088","1,01908224186234","0,399294658712968","0,0387490907043446","0,111402356365559","-0,0223059627640176","-0,290878868089351","-0,0542657789240067","0,248479806180128","0,555221031316406","-0,102939621218104","0,0195470358155077","0,374175425669097","0,925182162484486","0,309535700143882","0,287809644113438","-0,0151833934430356","-0,0499362190477906","0,431182265710376","0,728276025215676","-0,0294268102934576","2,64162802815497","-1,07189992719107","1,89997467334412","0,143353375884429","-0,160570431168021","0,460259203067562"
"-0,044515767958805","0,0186363851680332","0,343706588769882","0,133484916269729","0,846380027544588","0,290089283051307","-0,286821653201403","0,55201122836566","0,4672811038887","-2,47069350947832","0,660626121740046","-0,0368270042194095","-1,27350891690132","-0,392135056185685","0,237683096923604","-0,391880979324017","-0,674797056062882","-1,28456383939928","-1,13882975867786","-0,274902672877357","0,0684547137205374","-0,663099204365023","-0,199355737431685","0,636934656175163","-0,512822618139072","-0,997711588901461","-0,039655640060702","-0,552576927463001","-0,0194304060633157","-0,00825597164837505","-0,306418484696964","-0,823450862742001","-1,04129849031115","-1,07189992719107","7,43465747344229","-0,789441125643657","-0,448006561576179","-0,466332552611031","-0,503275559883153"
"0,366795965050896","0,0883459870731002","0,853141701199399","0,333547595193755","0,0485555258390123","0,403421949700431","0,317460270170308","0,252059156187504","0,193088216315771","0,797735004450343","0,485575433543641","0,38332410950839","0,791742352256923","1,32771929820267","0,501058847121844","0,989227277502815","1,16462976035069","0,883253229634154","0,547765004015814","0,560544505557164","0,110968093611603","0,956348623617391","0,11309844995921","0,3961304269329","0,371712378395923","1,07169959307375","0,258166209596295","0,746489504109757","-0,193706740956667","0,149061620756646","0,585829799274604","0,474201277022591","0,294582963117553","1,89997467334412","-0,789441125643657","3,94936461118622","0,857680242503323","0,49123959157636","-0,314055599586361"
"0,182232585884044","0,42684210661603","0,389760014492429","0,524825133097142","0,257291059679057","0,196174636174635","-0,0114670263660601","0,151811223918378","0,416852519374747","2,51344387724606","0,570310396989233","0,425800261165583","1,79758510984887","1,32761769862977","-0,829741759422064","0,662981082937516","1,77656300869607","2,75690045698877","1,19788904277571","0,705056554119845","0,37090702876514","1,06591041420715","0,433241366000861","0,255294480821711","0,476394571786977","1,91676869015933","0,465155860690747","0,727578164337662","0,478432913473245","0,786293346356935","0,957612815188328","0,866143909539849","1,30745017402539","0,143353375884429","-0,448006561576179","0,857680242503323","3,70757436905215","1,24735727317182","0,482266253028693"
"0,0983668554313254","0,191716293635639","0,0766010129601566","0,275658290477252","0,0855437264668999","0,162437081677586","-0,144259057000892","0,130399768578162","0,117664122128062","1,06717011443182","0,128993153022592","0,0347964040669372","0,184430344250182","0,395949056186921","0,0330890894517639","0,408992774391656","0,680230829411868","1,02636950339983","0,700572606663867","0,444968165828925","0,166663214923445","0,524471825553962","-0,0210257112029242","0,187797048922748","0,0278247673184393","0,78061164481889","0,30163008614466","0,547880523171665","0,188864564571366","0,384275513574309","0,446749146193365","0,994232941666561","0,585879160834711","-0,160570431168021","-0,466332552611031","0,49123959157636","1,24735727317182","1,44046022100541","0,361691809515186"
"0,00483412966191928","0,130803046428601","0,235590981484418","0,0545539276737417","0,0103237698421725","0,169607270366764","-0,0374679317346406","0,107818874874513","0,0441965837126289","0,923167530928502","0,231692579425287","0,227545541692141","0,488366477208394","0,29815858638467","-0,00852785640421711","0,114474762799756","0,281013745159757","0,343631711238426","0,183945925137567","0,0308653034728983","0,321679883456747","0,269290248560196","-0,0903810451152212","0,0757246137240255","0,167752028562155","0,985698089566211","0,219198206562353","0,225187925998055","0,0846808118777514","0,146537714272777","0,571165840145531","0,530124106489135","0,451064997018485","0,460259203067562","-0,503275559883153","-0,314055599586361","0,482266253028693","0,361691809515186","1,04497857083551"
